subject,condition,trial,foot,arch_index,peak_midfoot_pressure,heel_forefoot_ratio,symmetry_score,flatness_class,source_file,arch_index_zscore,peak_midfoot_pressure_zscore,heel_forefoot_ratio_zscore,symmetry_score_zscore,normality_score,normality_status,assumed_class
subject10,antalgic,trial10,left,0.29405989199803634,19.0,1.1739766081871346,0.24814422057264052,Severe flat foot,subject10_antalgic_trial10_pressure.csv,0.09352619405129403,0.14783041686393772,1.0757574979979276,-0.5238310615616976,1.2092370142695361,within_normal_range,Normal
subject10,antalgic,trial10,right,0.23185265438786565,17.0,1.1401869158878504,0.18709995076317087,Mild flat foot,subject10_antalgic_trial10_pressure.csv,-0.515164923618712,-0.18007396828782554,0.9747677757635358,-0.7982357535314634,1.3730164119430373,within_normal_range,Normal
subject10,antalgic,trial11,left,0.34154275092936803,18.0,0.9215686274509803,0.12788632326820604,Severe flat foot,subject10_antalgic_trial11_pressure.csv,0.5581408527860208,-0.016121775711943915,0.32136732366574094,-1.0644113874424401,1.2441984092732292,within_normal_range,Normal
subject10,antalgic,trial11,right,0.2878128400435256,15.0,1.2290748898678414,0.2774792379091353,Severe flat foot,subject10_antalgic_trial11_pressure.csv,0.0323994637476156,-0.5079783534395889,1.240433758238532,-0.3919650171111197,1.3969267038864346,within_normal_range,Normal
subject10,antalgic,trial12,left,0.30893883951907997,18.0,0.6495726495726496,0.26604215456674474,Severe flat foot,subject10_antalgic_trial12_pressure.csv,0.2391150924539563,-0.016121775711943915,-0.4915669289313543,-0.44337671130283846,0.7040290426083955,within_normal_range,Normal
subject10,antalgic,trial12,right,0.31377825618945104,15.0,0.9946666666666667,0.3434343434343434,Severe flat foot,subject10_antalgic_trial12_pressure.csv,0.2864682631640702,-0.5079783534395889,0.5398407744117614,-0.09548525788119483,0.8004071273755397,within_normal_range,Normal
subject10,antalgic,trial13,left,0.2966700302724521,17.0,0.5903381642512078,0.2990152193375112,Severe flat foot,subject10_antalgic_trial13_pressure.csv,0.11906611584437532,-0.18007396828782554,-0.6686053632066583,-0.29515700599779254,0.762072282592327,within_normal_range,Normal
subject10,antalgic,trial13,right,0.2928538066324148,19.0,0.8211462450592886,0.26072874493927123,Severe flat foot,subject10_antalgic_trial13_pressure.csv,0.0817247786949948,0.14783041686393772,0.02122761200380079,-0.4672614188550267,0.4973093772137301,within_normal_range,Normal
subject10,antalgic,trial14,left,0.25410798122065725,16.0,0.6842684268426843,0.2433808553971487,Mild flat foot,subject10_antalgic_trial14_pressure.csv,-0.297398948398035,-0.3440261608637072,-0.3878691243413622,-0.5452432228964142,0.8090319917028512,within_normal_range,Normal
subject10,antalgic,trial14,right,0.21493333333333334,15.0,0.9669811320754716,0.1641718976339932,Mild flat foot,subject10_antalgic_trial14_pressure.csv,-0.6807186572121989,-0.5079783534395889,0.4570949943226462,-0.9013013709270936,1.3201135909117265,within_normal_range,Normal
subject10,antalgic,trial15,left,0.31445209105346744,17.0,0.5778414517669532,0.28495102404274264,Severe flat foot,subject10_antalgic_trial15_pressure.csv,0.2930616647080104,-0.18007396828782554,-0.7059552008864367,-0.3583780288670826,0.8632029486798686,within_normal_range,Normal
subject10,antalgic,trial15,right,0.30262453133369044,18.0,0.6393762183235867,0.21717846016911435,Severe flat foot,subject10_antalgic_trial15_pressure.csv,0.17733026717746428,-0.016121775711943915,-0.5220417480124013,-0.6630275819175038,0.8624610694753432,within_normal_range,Normal
subject10,antalgic,trial16,left,0.29433562731604024,18.0,0.7251336898395722,0.1865443425076453,Severe flat foot,subject10_antalgic_trial16_pressure.csv,0.09622423442962852,-0.016121775711943915,-0.26573212698319143,-0.8007333100210277,0.8492975992147372,within_normal_range,Normal
subject10,antalgic,trial16,right,0.2832914572864322,14.0,1.136963696369637,0.15384615384615385,Severe flat foot,subject10_antalgic_trial16_pressure.csv,-0.011841779386754262,-0.6719305460154704,0.9651343040834243,-0.9477173990375852,1.5103917967748812,within_normal_range,Normal
subject10,antalgic,trial17,left,0.277179236043095,18.0,0.7258536585365853,0.24839400428265523,Severe flat foot,subject10_antalgic_trial17_pressure.csv,-0.07164920570855841,-0.016121775711943915,-0.2635803039335817,-0.5227082400058073,0.5899932212512797,within_normal_range,Normal
subject10,antalgic,trial17,right,0.2593444508338125,17.0,0.6965811965811965,0.20892594409024035,Mild flat foot,subject10_antalgic_trial17_pressure.csv,-0.24616065742214094,-0.18007396828782554,-0.3510690497856457,-0.7001240881033747,0.840502777971259,within_normal_range,Normal
subject10,antalgic,trial18,left,0.3376926669780476,21.0,0.6420454545454546,0.14242292661745548,Severe flat foot,subject10_antalgic_trial18_pressure.csv,0.52046819613892,0.47573480201570095,-0.5140640066871237,-0.9990668075697086,1.3265018032403,within_normal_range,Normal
subject10,antalgic,trial18,right,0.30203185063152116,17.0,0.744060475161987,0.25034642032332566,Severe flat foot,subject10_antalgic_trial18_pressure.csv,0.171530950363469,-0.18007396828782554,-0.2091642607957525,-0.5139317877047285,0.6080502211126407,within_normal_range,Normal
subject10,antalgic,trial19,left,0.3276955602536998,22.0,0.5871470301850049,0.13736791546589822,Severe flat foot,subject10_antalgic_trial19_pressure.csv,0.42264758395158963,0.6396869945915826,-0.6781429387520077,-1.0217899686833767,1.4462928530387311,within_normal_range,Normal
subject10,antalgic,trial19,right,0.26615483045425464,17.0,0.7,0.16372939169982947,Severe flat foot,subject10_antalgic_trial19_pressure.csv,-0.17952182660149407,-0.18007396828782554,-0.3408510222114124,-0.9032905126587907,0.9983826370100831,within_normal_range,Normal
subject10,antalgic,trial1,right,0.30458643669149355,21.0,1.203056768558952,0.2696897374701671,Severe flat foot,subject10_antalgic_trial1_pressure.csv,0.19652729972354052,0.47573480201570095,1.1626714980565676,-0.4269801868432645,1.3412917929128458,within_normal_range,Normal
subject10,antalgic,trial1,left,0.2727873183619551,14.0,0.6902173913043478,0.14966807483403743,Severe flat foot,subject10_antalgic_trial1_pressure.csv,-0.1146236470235776,-0.6719305460154704,-0.37008901959094426,-0.9664985964853317,1.239239548495583,within_normal_range,Normal
subject10,antalgic,trial20,right,0.27416073245167855,15.0,1.0362047440699127,0.19047619047619047,Severe flat foot,subject10_antalgic_trial20_pressure.csv,-0.10118493813030839,-0.5079783534395889,0.663988661345711,-0.7830589642708354,1.1499315993519845,within_normal_range,Normal
subject10,antalgic,trial20,left,0.30368098159509205,15.0,0.4536741214057508,0.1645161290322581,Severe flat foot,subject10_antalgic_trial20_pressure.csv,0.18766751916098875,-0.5079783534395889,-1.0770631734804768,-0.8997539904587545,1.5042883461376426,within_normal_range,Normal
subject10,antalgic,trial2,left,0.2614495331258337,16.0,1.2223543400713437,0.3890923890923891,Severe flat foot,subject10_antalgic_trial2_pressure.csv,-0.2255626540009409,-0.3440261608637072,1.2203475600216551,0.10975565979776415,1.2924886778409392,within_normal_range,Normal
subject10,antalgic,trial2,right,0.26455331412103744,15.0,0.771353482260184,0.13497652582159625,Severe flat foot,subject10_antalgic_trial2_pressure.csv,-0.1951924913711087,-0.5079783534395889,-0.12759165630516398,-1.032539684271302,1.1741209250348241,within_normal_range,Normal
subject10,antalgic,trial3,right,0.2930682976554536,17.0,1.1372549019607843,0.1135678391959799,Severe flat foot,subject10_antalgic_trial3_pressure.csv,0.08382355024569205,-0.18007396828782554,0.9660046515107575,-1.1287754829353753,1.4989169754349727,within_normal_range,Normal
subject10,antalgic,trial3,left,0.290282131661442,14.0,0.7630853994490359,0.1457257601835915,Severe flat foot,subject10_antalgic_trial3_pressure.csv,0.0565612161819816,-0.6719305460154704,-0.15230307951414318,-0.984219991805154,1.2027364840824701,within_normal_range,Normal
subject10,antalgic,trial4,right,0.24632569077013522,19.0,0.5663265306122449,0.22415557830092114,Mild flat foot,subject10_antalgic_trial4_pressure.csv,-0.37354782197518904,0.14783041686393772,-0.740370687084562,-0.6316642130415915,1.0528723758291376,within_normal_range,Normal
subject10,antalgic,trial4,left,0.29751552795031055,14.0,0.8763358778625954,0.14402810304449654,Severe flat foot,subject10_antalgic_trial4_pressure.csv,0.12733921952642854,-0.6719305460154704,0.18617690001913165,-0.9918512581922795,1.2190720618472846,within_normal_range,Normal
subject10,antalgic,trial5,right,0.34658511722731905,20.0,0.8299643281807372,0.17690417690417692,Severe flat foot,subject10_antalgic_trial5_pressure.csv,0.6074798637357622,0.31178260943981934,0.047582861326202555,-0.8440675440320783,1.086717225396679,within_normal_range,Normal
subject10,antalgic,trial5,left,0.2592857142857143,13.0,0.4434782608695652,0.2518032786885246,Mild flat foot,subject10_antalgic_trial5_pressure.csv,-0.24673538821687643,-0.8358827385913521,-1.107536286830248,-0.5073829540108578,1.4978826366374733,within_normal_range,Normal
subject10,antalgic,trial6,right,0.2874454677653902,17.0,0.7431749241658241,0.3452740612861459,Severe flat foot,subject10_antalgic_trial6_pressure.csv,0.028804765587563553,-0.18007396828782554,-0.21181097176117847,-0.08721540369159116,0.29279133008847996,within_normal_range,Normal
subject10,antalgic,trial6,left,0.2765647743813683,15.0,0.5195530726256983,0.2438692098092643,Severe flat foot,subject10_antalgic_trial6_pressure.csv,-0.07766164686509464,-0.5079783534395889,-0.88016593849333,-0.5430479842205006,1.1548448083646512,within_normal_range,Normal
subject10,antalgic,trial7,right,0.33388520971302427,21.0,0.6744186046511628,0.18116314976839942,Severe flat foot,subject10_antalgic_trial7_pressure.csv,0.4832126370245424,0.47573480201570095,-0.41730800760698405,-0.8249227145409198,1.1464996784158297,within_normal_range,Normal
subject10,antalgic,trial7,left,0.33118140735958684,16.0,1.408296943231441,0.24133663366336633,Severe flat foot,subject10_antalgic_trial7_pressure.csv,0.45675622230980933,-0.3440261608637072,1.7760878040686772,-0.5544323578787355,1.9465002885182987,within_normal_range,Normal
subject10,antalgic,trial8,right,0.29281469475958943,16.0,0.9677002583979328,0.40096852300242136,Severe flat foot,subject10_antalgic_trial8_pressure.csv,0.08134207323339855,-0.3440261608637072,0.4592442997058839,0.16314096324304445,0.6020721160598164,within_normal_range,Normal
subject10,antalgic,trial8,left,0.2332730560578662,12.0,1.5739299610894941,0.14716981132075468,Mild flat foot,subject10_antalgic_trial8_pressure.csv,-0.5012664463149775,-0.9998349311672337,2.2711273065942215,-0.9777287288460157,2.7138368870940277,borderline,Normal
subject10,antalgic,trial9,left,0.28914405010438415,17.0,1.0333333333333334,0.2607476635514019,Severe flat foot,subject10_antalgic_trial9_pressure.csv,0.045425210765597274,-0.18007396828782554,0.6554066662763409,-0.46717637637765064,0.8260155862166542,within_normal_range,Normal
subject10,antalgic,trial9,right,0.2584080717488789,14.0,1.0655737704918034,0.22706538266599086,Mild flat foot,subject10_antalgic_trial9_pressure.csv,-0.25532302588066036,-0.6719305460154704,0.7517660164743366,-0.618584132421717,1.2101565926040834,within_normal_range,Normal
subject10,lurching,trial10,right,0.2814107274063189,12.0,0.7231884057971014,0.21509971509971515,Severe flat foot,subject10_lurching_trial10_pressure.csv,-0.03024451862966132,-0.9998349311672337,-0.2715461395340034,-0.6723719053442977,1.2354780068789037,within_normal_range,Normal
subject10,lurching,trial10,left,0.3434396236278097,19.0,0.23896353166986564,0.35934291581108835,Severe flat foot,subject10_lurching_trial10_pressure.csv,0.5767015477670083,0.14783041686393772,-1.7187844009528224,-0.023973436766050224,1.8191297507259223,within_normal_range,Normal
subject10,lurching,trial11,left,0.26782965623396615,17.0,0.5905905905905906,0.15279805352798048,Severe flat foot,subject10_lurching_trial11_pressure.csv,-0.16313383679645474,-0.18007396828782554,-0.6678509181624974,-0.9524287936674078,1.1883537935564905,within_normal_range,Normal
subject10,lurching,trial11,right,0.2988582941571524,13.0,0.6378048780487805,0.27084639498432606,Severe flat foot,subject10_lurching_trial11_pressure.csv,0.1404780421877721,-0.8358827385913521,-0.5267381275024198,-0.4217808085907612,1.0834141121806193,within_normal_range,Normal
subject10,lurching,trial12,left,0.2541156606162938,19.0,0.5574182732606874,0.25121951219512195,Mild flat foot,subject10_lurching_trial12_pressure.csv,-0.2973238063391263,0.14783041686393772,-0.7669954467171123,-0.5100070867149493,0.9791039381753115,within_normal_range,Normal
subject10,lurching,trial12,right,0.17307692307692307,10.0,0.7044534412955465,0.18120351588911432,Normal,subject10_lurching_trial12_pressure.csv,-1.0902791218688572,-1.327739316318997,-0.32754069681866094,-0.8247412617533715,1.933670425019052,within_normal_range,Normal
subject10,lurching,trial13,left,0.31802120141342755,18.0,0.4160839160839161,0.40341880341880343,Severe flat foot,subject10_lurching_trial13_pressure.csv,0.32798502503636745,-0.016121775711943915,-1.18941176667161,0.17415540317320424,1.2461398570993203,within_normal_range,Normal
subject10,lurching,trial13,right,0.22230320699708456,11.0,0.7846607669616519,0.15181518151815176,Mild flat foot,subject10_lurching_trial13_pressure.csv,-0.6086052374588995,-1.1637871237431152,-0.0878192022149654,-0.9568469756187122,1.6272888961340042,within_normal_range,Normal
subject10,lurching,trial14,left,0.3038033395176252,17.0,0.50332383665717,0.29551692589204026,Severe flat foot,subject10_lurching_trial14_pressure.csv,0.18886477824986242,-0.18007396828782554,-0.928671441829115,-0.31088244817804095,1.0134964637197479,within_normal_range,Normal
subject10,lurching,trial14,right,0.23973429951690822,16.0,0.7887139107611548,0.09580130100532225,Mild flat foot,subject10_lurching_trial14_pressure.csv,-0.4380438752169275,-0.3440261608637072,-0.07570527519656159,-1.2086391860281136,1.3329577662735503,within_normal_range,Normal
subject10,lurching,trial15,left,0.31859099804305285,23.0,0.46255144032921813,0.28742514970059885,Severe flat foot,subject10_lurching_trial15_pressure.csv,0.3335604236661006,0.8036391871674642,-1.0505308817884904,-0.3472564003971617,1.407586814585725,within_normal_range,Normal
subject10,lurching,trial15,right,0.18290854572713644,10.0,0.6887686062246279,0.11444921316165957,Normal,subject10_lurching_trial15_pressure.csv,-0.9940777535173122,-1.327739316318997,-0.3744191094148561,-1.124813552481995,2.038744091218769,borderline,Normal
subject10,lurching,trial16,right,0.36893203883495146,15.0,0.4211195928753181,0.48326715825297784,Severe flat foot,subject10_lurching_trial16_pressure.csv,0.8261420839596326,-0.5079783534395889,-1.1743612715110894,0.5330877531046834,1.6136479476601155,within_normal_range,Normal
subject10,lurching,trial16,left,0.30998914223669927,17.0,0.5346534653465347,0.2136317395727365,Severe flat foot,subject10_lurching_trial16_pressure.csv,0.24939219138392085,-0.18007396828782554,-0.8350342914513766,-0.6789707126288635,1.1193331030956104,within_normal_range,Normal
subject10,lurching,trial17,right,0.28708133971291866,11.0,0.603399433427762,0.19426048565121412,Severe flat foot,subject10_lurching_trial17_pressure.csv,0.02524181182609207,-1.1637871237431152,-0.6295681936910075,-0.7660478941889725,1.5291249475282436,within_normal_range,Normal
subject10,lurching,trial17,left,0.21185019564002236,13.0,0.48841893252769386,0.29249448123620314,Mild flat foot,subject10_lurching_trial17_pressure.csv,-0.7108868273571652,-0.8358827385913521,-0.9732188178346052,-0.324468866647281,1.5021634221334481,within_normal_range,Normal
subject10,lurching,trial18,left,0.30104166666666665,14.0,0.5645161290322581,0.375,Severe flat foot,subject10_lurching_trial18_pressure.csv,0.1618421069519804,-0.6719305460154704,-0.7457815665644987,0.04640790086666737,1.0178542943572781,within_normal_range,Normal
subject10,lurching,trial18,right,0.24675324675324675,13.0,0.7254374158815612,0.10957178841309823,Mild flat foot,subject10_lurching_trial18_pressure.csv,-0.36936423274627095,-0.8358827385913521,-0.26482435876961485,-1.1467384315887816,1.4900573346645614,within_normal_range,Normal
subject10,lurching,trial19,left,0.24661246612466126,16.0,0.3287788215200683,0.2705121829935355,Mild flat foot,subject10_lurching_trial19_pressure.csv,-0.3707417560289634,-0.3440261608637072,-1.450346881781761,-0.42328315006641026,1.593260227221618,within_normal_range,Normal
subject10,lurching,trial19,right,0.189079054604727,10.0,0.7877862595419848,0.16393442622950816,Normal,subject10_lurching_trial19_pressure.csv,-0.9336999889743774,-1.327739316318997,-0.07847781417456116,-0.9023688465116609,1.858794142443534,within_normal_range,Normal
subject10,lurching,trial1,right,0.27658227848101263,14.0,0.5800438596491229,0.23216187433439828,Severe flat foot,subject10_lurching_trial1_pressure.csv,-0.07749037113600513,-0.6719305460154704,-0.6993727035290442,-0.5956745091145533,1.1408092371373193,within_normal_range,Normal
subject10,lurching,trial1,left,0.30864765409383627,21.0,0.3618807724601176,0.2179023508137432,Severe flat foot,subject10_lurching_trial1_pressure.csv,0.2362658744409091,0.47573480201570095,-1.3514126623978557,-0.6597735665942119,1.5949177121531861,within_normal_range,Normal
subject10,lurching,trial20,right,0.29882044560943644,14.0,0.6776750330250991,0.1400247831474597,Severe flat foot,subject10_lurching_trial20_pressure.csv,0.14010769822625746,-0.6719305460154704,-0.4075752821933527,-1.0098468827878646,1.2872564480717377,within_normal_range,Normal
subject10,lurching,trial20,left,0.32065775950668035,18.0,0.41985522233712513,0.26059979317476734,Severe flat foot,subject10_lurching_trial20_pressure.csv,0.3537834619102395,-0.016121775711943915,-1.1781401881204057,-0.4678410796377356,1.316173327580485,within_normal_range,Normal
subject10,lurching,trial2,right,0.19816197587593337,13.0,1.0812581913499344,0.35695809622348684,Normal,subject10_lurching_trial2_pressure.csv,-0.8448245829496713,-0.8358827385913521,0.7986431910825087,-0.034693618797578735,1.432292959725345,within_normal_range,Normal
subject10,lurching,trial2,left,0.3524625267665953,21.0,0.47641509433962265,0.2552824493316085,Severe flat foot,subject10_lurching_trial2_pressure.csv,0.6649896828324631,0.47573480201570095,-1.0090955660932917,-0.49174347217897596,1.3887477755382056,within_normal_range,Normal
subject10,lurching,trial3,left,0.2766415500538213,17.0,0.22406277244986922,0.3795620437956204,Severe flat foot,subject10_lurching_trial3_pressure.csv,-0.07691040518212286,-0.18007396828782554,-1.763319388764501,0.06691508731343859,1.775419595527542,within_normal_range,Normal
subject10,lurching,trial3,right,0.26244035446489433,14.0,0.7275280898876404,0.16222910216718267,Severe flat foot,subject10_lurching_trial3_pressure.csv,-0.21586757395151734,-0.6719305460154704,-0.25857580861158114,-0.9100345770624826,1.1803024393776311,within_normal_range,Normal
subject10,lurching,trial4,right,0.30311418685121105,15.0,0.7086419753086419,0.21966019417475724,Severe flat foot,subject10_lurching_trial4_pressure.csv,0.18212149365983388,-0.5079783534395889,-0.3150221191765447,-0.6518717525907732,0.9029872443242662,within_normal_range,Normal
subject10,lurching,trial4,left,0.3088782562466773,16.0,0.8088426527958388,0.14908722109533468,Severe flat foot,subject10_lurching_trial4_pressure.csv,0.2385222916608722,-0.3440261608637072,-0.015545033161640076,-0.9691096358465312,1.055775552532056,within_normal_range,Normal
subject10,lurching,trial5,right,0.30988372093023253,17.0,0.8350253807106599,0.23446184941889847,Severe flat foot,subject10_lurching_trial5_pressure.csv,0.24836065525846882,-0.18007396828782554,0.06270919881053029,-0.5853357179950877,0.6638222619885719,within_normal_range,Normal
subject10,lurching,trial5,left,0.3963112910481332,17.0,0.41304347826086957,0.45057880676758677,Severe flat foot,subject10_lurching_trial5_pressure.csv,1.0940451169643615,-0.18007396828782554,-1.1984989453443473,0.3861478839188503,1.6777578079851119,within_normal_range,Normal
subject10,lurching,trial6,left,0.2855750487329435,18.0,0.506137865911237,0.1924170616113744,Severe flat foot,subject10_lurching_trial6_pressure.csv,0.01050291687816024,-0.016121775711943915,-0.9202609469891337,-0.774334408343384,1.2028483734090891,within_normal_range,Normal
subject10,lurching,trial6,right,0.23035066505441354,15.0,0.75,0.2094081942336874,Mild flat foot,subject10_lurching_trial6_pressure.csv,-0.5298617274188845,-0.5079783534395889,-0.1914123689382493,-0.697956289185016,1.0308138213770663,within_normal_range,Normal
subject10,lurching,trial7,left,0.2456813819577735,22.0,0.3991655076495132,0.3340874811463047,Mild flat foot,subject10_lurching_trial7_pressure.csv,-0.3798523142848904,0.6396869945915826,-1.2399770501108598,-0.13750104208237154,1.4525621684088315,within_normal_range,Normal
subject10,lurching,trial7,right,0.22747321991178324,13.0,0.890038809831824,0.25466520307354557,Mild flat foot,subject10_lurching_trial7_pressure.csv,-0.5580172181172114,-0.8358827385913521,0.2271318540066377,-0.4945181022931849,1.1428999085617233,within_normal_range,Normal
subject10,lurching,trial8,left,0.3129251700680272,17.0,0.4106334841628959,0.40800444691495275,Severe flat foot,subject10_lurching_trial8_pressure.csv,0.27812090737932565,-0.18007396828782554,-1.2057018707922964,0.1947686744101519,1.265476080745881,within_normal_range,Normal
subject10,lurching,trial8,right,0.21672555948174324,17.0,0.6149789029535865,0.12124582869855394,Mild flat foot,subject10_lurching_trial8_pressure.csv,-0.6631819174484214,-0.18007396828782554,-0.5949597870598707,-1.0942615744067474,1.422540836365322,within_normal_range,Normal
subject10,lurching,trial9,left,0.29938900203665986,22.0,0.39308176100628933,0.4172484599589322,Severe flat foot,subject10_lurching_trial9_pressure.csv,0.14567096160911033,0.6396869945915826,-1.25815998821523,0.2363221332329846,1.4384832938575514,within_normal_range,Normal
subject10,lurching,trial9,right,0.25701809107922646,14.0,1.2017543859649122,0.39952009598080385,Mild flat foot,subject10_lurching_trial9_pressure.csv,-0.26892383697361477,-0.6719305460154704,1.1587789720385735,0.15663002991632646,1.3751772107883486,within_normal_range,Normal
subject10,normal,trial10,right,0.27208480565371024,14.0,0.941908713692946,0.18011695906432745,Severe flat foot,subject10_normal_trial10_pressure.csv,-0.12149765818347873,-0.6719305460154704,0.3821592255749278,-0.8296255251206602,1.1404282201157938,within_normal_range,Normal
subject10,normal,trial10,left,0.33117265763111375,16.0,0.8537931034482759,0.10132158590308371,Severe flat foot,subject10_normal_trial10_pressure.csv,0.45667060715941526,-0.3440261608637072,0.11880166302879921,-1.183824537877132,1.320021368925664,within_normal_range,Normal
subject10,normal,trial11,right,0.2965186074429772,17.0,1.2458745874587458,0.26846361185983825,Severe flat foot,subject10_normal_trial11_pressure.csv,0.11758445977259444,-0.18007396828782554,1.290644241906155,-0.43249183636366456,1.3780654871673066,within_normal_range,Normal
subject10,normal,trial11,left,0.30391547545059044,14.0,1.015625,0.12560386473429952,Severe flat foot,subject10_normal_trial11_pressure.csv,0.18996201627215337,-0.6719305460154704,0.6024804765754287,-1.0746714385968765,1.4161488805507936,within_normal_range,Normal
subject10,normal,trial12,right,0.30927835051546393,17.0,0.9469914040114613,0.12178770949720674,Severe flat foot,subject10_normal_trial12_pressure.csv,0.2424371709739069,-0.18007396828782554,0.3973502334989971,-1.0918257252418255,1.2004886664547492,within_normal_range,Normal
subject10,normal,trial12,left,0.31438356164383563,15.0,0.9967159277504105,0.19104477611940296,Severe flat foot,subject10_normal_trial12_pressure.csv,0.2923911118182735,-0.5079783534395889,0.5459655507429569,-0.780503072149083,1.1183908073950442,within_normal_range,Normal
subject10,normal,trial13,right,0.28354856822010105,17.0,1.2318611987381702,0.13781512605042012,Severe flat foot,subject10_normal_trial13_pressure.csv,-0.009325976602505644,-0.18007396828782554,1.248761403142232,-1.0197796787237396,1.622303683966157,within_normal_range,Normal
subject10,normal,trial13,left,0.3141470180305132,13.0,0.8698315467075038,0.1148691767708998,Severe flat foot,subject10_normal_trial13_pressure.csv,0.29007655804764615,-0.8358827385913521,0.1667369302539406,-1.1229257424518029,1.4393080939031742,within_normal_range,Normal
subject10,normal,trial14,right,0.30677290836653387,15.0,0.8941798941798942,0.1268980477223427,Severe flat foot,subject10_normal_trial14_pressure.csv,0.21792168948851073,-0.5079783534395889,0.23950861536796125,-1.0688538592352932,1.2269249445464792,within_normal_range,Normal
subject10,normal,trial14,left,0.2791718946047679,14.0,0.7131367292225201,0.19036564132327338,Severe flat foot,subject10_normal_trial14_pressure.csv,-0.05215125637603494,-0.6719305460154704,-0.30158831974286,-0.7835559020890518,1.076627037796356,within_normal_range,Normal
subject10,normal,trial15,right,0.27927461139896376,15.0,1.0360480640854473,0.11334363730036068,Severe flat foot,subject10_normal_trial15_pressure.csv,-0.0511461836117631,-0.5079783534395889,0.6635203804282435,-1.1297833097518555,1.4061747977754195,within_normal_range,Normal
subject10,normal,trial15,left,0.2980769230769231,14.0,1.2748344370860927,0.18930481283422462,Severe flat foot,subject10_normal_trial15_pressure.csv,0.13283241035437812,-0.6719305460154704,1.3771986604522355,-0.7883245120778147,1.7283711391374708,within_normal_range,Normal
subject10,normal,trial16,right,0.2774741955069824,14.0,1.0580152671755725,0.21939058171745152,Severe flat foot,subject10_normal_trial16_pressure.csv,-0.06876305913400635,-0.6719305460154704,0.729175365347571,-0.6530837078411039,1.189299819157206,within_normal_range,Normal
subject10,normal,trial16,left,0.27130774235523747,13.0,0.6608811748998665,0.1912928759894459,Severe flat foot,subject10_normal_trial16_pressure.csv,-0.12910113883651447,-0.8358827385913521,-0.4577683130232592,-0.7793878197489911,1.2378870137072728,within_normal_range,Normal
subject10,normal,trial17,right,0.29214850882531956,15.0,0.9969604863221885,0.15161649944258637,Severe flat foot,subject10_normal_trial17_pressure.csv,0.07482351564291545,-0.5079783534395889,0.546696480815215,-0.9577400863712137,1.2164635963457526,within_normal_range,Normal
subject10,normal,trial17,left,0.29769526248399486,15.0,1.231304347826087,0.20709382151029754,Severe flat foot,subject10_normal_trial17_pressure.csv,0.12909790257353287,-0.5079783534395889,1.247097102134719,-0.7083598002147523,1.52700133095069,within_normal_range,Normal
subject10,normal,trial18,right,0.3326003298515668,16.0,1.21247892074199,0.14084507042253525,Severe flat foot,subject10_normal_trial18_pressure.csv,0.47064022601598215,-0.3440261608637072,1.1908321727199274,-1.006159547715361,1.6644201755406114,within_normal_range,Normal
subject10,normal,trial18,left,0.2181454302868579,13.0,0.6540880503144654,0.39707673568818513,Mild flat foot,subject10_normal_trial18_pressure.csv,-0.6492886346003988,-0.8358827385913521,-0.4780714208144424,0.14564669715536704,1.1704874742977969,within_normal_range,Normal
subject10,normal,trial19,right,0.2872284048754637,17.0,1.0041666666666667,0.1501259445843829,Severe flat foot,subject10_normal_trial19_pressure.csv,0.026680828596469,-0.18007396828782554,0.5682341185336621,-0.964440391707095,1.1340960203137043,within_normal_range,Normal
subject10,normal,trial19,left,0.31262939958592134,13.0,1.1316270566727604,0.3594811612106238,Severe flat foot,subject10_normal_trial19_pressure.csv,0.27522682507888624,-0.8358827385913521,0.9491842990973175,-0.023351999464987196,1.2945832949060718,within_normal_range,Normal
subject10,normal,trial1,right,0.30637813211845105,14.0,0.9678321678321679,0.23547557840616962,Severe flat foot,subject10_normal_trial1_pressure.csv,0.2140588464350874,-0.6719305460154704,0.459638547070006,-0.5807788285219039,1.0226844528092083,within_normal_range,Normal
subject10,normal,trial1,left,0.3082368082368082,17.0,0.4364705882352941,0.2956636005256241,Severe flat foot,subject10_normal_trial1_pressure.csv,0.2322457919953319,-0.18007396828782554,-1.1284806300511416,-0.3102231199925457,1.2066779431700054,within_normal_range,Normal
subject10,normal,trial20,right,0.30158730158730157,16.0,0.9551820728291317,0.20954356846473032,Severe flat foot,subject10_normal_trial20_pressure.csv,0.16718108586247862,-0.3440261608637072,0.4218302838493802,-0.697347758289554,0.9002989499009169,within_normal_range,Normal
subject10,normal,trial20,left,0.2759509993552547,13.0,1.1080645161290323,0.20979827089337177,Severe flat foot,subject10_normal_trial20_pressure.csv,-0.08366736936613588,-0.8358827385913521,0.878761212566337,-0.696202826231337,1.4009353394554611,within_normal_range,Normal
subject10,normal,trial2,right,0.3118214716525935,16.0,1.2670250896057347,0.09970326409495545,Severe flat foot,subject10_normal_trial2_pressure.csv,0.26732133729921764,-0.3440261608637072,1.353858293044098,-1.1910991780465277,1.85511838606636,within_normal_range,Normal
subject10,normal,trial2,left,0.20069204152249134,11.0,0.790193842645382,0.21494252873563213,Normal,subject10_normal_trial2_pressure.csv,-0.8200681631929763,-1.1637871237431152,-0.07128209464226326,-0.6730784856007686,1.5763971728178743,within_normal_range,Normal
subject10,normal,trial3,right,0.2886178861788618,16.0,1.1864951768488745,0.2067851373182552,Severe flat foot,subject10_normal_trial3_pressure.csv,0.04027675344442741,-0.3440261608637072,1.1131726588322886,-0.7097473897607931,1.3648703022158004,within_normal_range,Normal
subject10,normal,trial3,left,0.2929178470254957,16.0,0.800524934383202,0.19587083112758075,Severe flat foot,subject10_normal_trial3_pressure.csv,0.08235140704143809,-0.3440261608637072,-0.04040480591943655,-0.7588091090288502,0.8381882639877934,within_normal_range,Normal
subject10,normal,trial4,right,0.29534606205250596,16.0,0.7627345844504021,0.33149171270718236,Severe flat foot,subject10_normal_trial4_pressure.csv,0.10611122945946992,-0.3440261608637072,-0.15335158593302028,-0.1491694761743084,0.4187861434029446,within_normal_range,Normal
subject10,normal,trial4,left,0.3120608899297424,16.0,0.7780748663101604,0.18438050499119196,Severe flat foot,subject10_normal_trial4_pressure.csv,0.2696640193456644,-0.3440261608637072,-0.10750296469395998,-0.8104601389114092,0.9270788568781901,within_normal_range,Normal
subject10,normal,trial5,left,0.27075208913649024,15.0,0.7060185185185185,0.34795918367346934,Severe flat foot,subject10_normal_trial5_pressure.csv,-0.1345381457146481,-0.5079783534395889,-0.32286303616927237,-0.07514530794150144,0.621313027101151,within_normal_range,Normal
subject10,normal,trial5,right,0.41776937618147447,11.0,1.2464285714285714,0.20959843290891278,Severe flat foot,subject10_normal_trial5_pressure.csv,1.3040101680525031,-1.1637871237431152,1.2922999742738683,-0.6971011329969103,2.282724731742399,borderline,Normal
subject10,normal,trial6,right,0.2864464692482916,15.0,1.09882005899705,0.25872925014310244,Severe flat foot,subject10_normal_trial6_pressure.csv,0.01902967273206574,-0.5079783534395889,0.8511316280854386,-0.4762494984135233,1.0998376103198086,within_normal_range,Normal
subject10,normal,trial6,left,0.33911368015414256,16.0,1.3249516441005802,0.14925373134328357,Severe flat foot,subject10_normal_trial6_pressure.csv,0.5343726569639031,-0.3440261608637072,1.5269876188933822,-0.9683611430978943,1.9165914086170857,within_normal_range,Normal
subject10,normal,trial7,right,0.32976190476190476,16.0,1.0858505564387917,0.16994219653179188,Severe flat foot,subject10_normal_trial7_pressure.csv,0.4428665423318429,-0.3440261608637072,0.8123687281668592,-0.8753628660262078,1.3193513070432152,within_normal_range,Normal
subject10,normal,trial7,left,0.2990373044524669,15.0,0.7548891786179922,0.1899077590884427,Severe flat foot,subject10_normal_trial7_pressure.csv,0.14222963864045868,-0.5079783534395889,-0.17679972357255533,-0.7856141629872377,0.9626624709691666,within_normal_range,Normal
subject10,normal,trial8,right,0.3009888751545117,15.0,1.0226244343891402,0.1849015317286652,Severe flat foot,subject10_normal_trial8_pressure.csv,0.16132554769341884,-0.5079783534395889,0.6234001975511682,-0.8081180324065629,1.1514123937622296,within_normal_range,Normal
subject10,normal,trial8,left,0.2564102564102564,13.0,0.7581521739130435,0.26188925081433223,Mild flat foot,subject10_normal_trial8_pressure.csv,-0.27487143372003386,-0.8358827385913521,-0.16704737112197282,-0.4620447415457698,1.0077918560591492,within_normal_range,Normal
subject10,normal,trial9,right,0.28017789072426935,14.0,1.1822916666666667,0.17157490396927022,Severe flat foot,subject10_normal_trial9_pressure.csv,-0.04230769273496233,-0.6719305460154704,1.1006093208193053,-0.8680235599315268,1.5550197353100499,within_normal_range,Normal
subject10,normal,trial9,left,0.3052076466710613,14.0,1.4958847736625513,0.2169934640522876,Severe flat foot,subject10_normal_trial9_pressure.csv,0.20260577244307254,-0.6719305460154704,2.037867952523543,-0.6638591718867489,2.255250440575627,borderline,Normal
subject10,steppage,trial10,right,0.2987012987012987,14.0,1.0308641975308641,0.1355013550135501,Severe flat foot,subject10_steppage_trial10_pressure.csv,0.1389418585672813,-0.6719305460154704,0.6480269796949496,-1.0301804850671124,1.3971421892407545,within_normal_range,Normal
subject10,steppage,trial10,left,0.29411764705882354,12.0,0.8988580750407831,0.25394548063127687,Severe flat foot,subject10_steppage_trial10_pressure.csv,0.09409132109843867,-0.9998349311672337,0.2534906363203517,-0.4977533808163106,1.149147073748352,within_normal_range,Normal
subject10,steppage,trial11,right,0.2813578826237054,16.0,0.7737226277372263,0.13559322033898302,Severe flat foot,subject10_steppage_trial11_pressure.csv,-0.030761599133920247,-0.3440261608637072,-0.12051081811521565,-1.0297675343281354,1.0928148550321521,within_normal_range,Normal
subject10,steppage,trial11,left,0.39476678043230945,22.0,0.5688622754491018,0.20159680638722555,Severe flat foot,subject10_steppage_trial11_pressure.csv,1.0789322469975198,0.6396869945915826,-0.7327919212152766,-0.7330698466500317,1.6271661391900354,within_normal_range,Normal
subject10,steppage,trial12,left,0.2646048109965636,16.0,0.629145728643216,0.15462962962962967,Severe flat foot,subject10_steppage_trial12_pressure.csv,-0.19468859999247284,-0.3440261608637072,-0.552618360015593,-0.9441955380717407,1.1632497222293061,within_normal_range,Normal
subject10,steppage,trial12,right,0.33766233766233766,21.0,0.616060225846926,0.19736087205966724,Severe flat foot,subject10_steppage_trial12_pressure.csv,0.5201714270524457,0.47573480201570095,-0.5917279583211889,-0.7521111138809402,1.1885768884059993,within_normal_range,Normal
subject10,steppage,trial13,right,0.32379518072289154,23.0,0.6732249786142002,0.13893967093235837,Severe flat foot,subject10_steppage_trial13_pressure.csv,0.3844827904781576,0.8036391871674642,-0.4208754849564935,-1.0147246523814215,1.414378044694209,within_normal_range,Normal
subject10,steppage,trial13,left,0.2494042891183479,13.0,0.46871008939974457,0.13361762615493955,Mild flat foot,subject10_steppage_trial13_pressure.csv,-0.3434240688329305,-0.8358827385913521,-1.0321240773268607,-1.038648176446089,1.7206714355626858,within_normal_range,Normal
subject10,steppage,trial14,left,0.3122923588039867,18.0,0.6362683438155137,0.15420343706456108,Severe flat foot,subject10_steppage_trial14_pressure.csv,0.27192891734117586,-0.016121775711943915,-0.5313304796329699,-0.9461113483501251,1.1187689707005393,within_normal_range,Normal
subject10,steppage,trial14,right,0.32101372756071805,19.0,0.4214360041623309,0.12984293193717278,Severe flat foot,subject10_steppage_trial14_pressure.csv,0.35726657096621217,0.14783041686393772,-1.173415589978857,-1.055616088542331,1.6250300637449635,within_normal_range,Normal
subject10,steppage,trial15,right,0.31686810299527063,17.0,0.503061224489796,0.15895953757225434,Severe flat foot,subject10_steppage_trial15_pressure.csv,0.31670208125207866,-0.18007396828782554,-0.9294563300016253,-0.924731842970435,1.3607883351601417,within_normal_range,Normal
subject10,steppage,trial15,left,0.34345794392523366,21.0,0.41740088105726875,0.2154666666666667,Severe flat foot,subject10_steppage_trial15_pressure.csv,0.576880809903432,0.47573480201570095,-1.1854756572310952,-0.6707223937355677,1.5538134167362647,within_normal_range,Normal
subject10,steppage,trial16,right,0.2629083245521602,19.0,0.6988210075026795,0.14779270633397312,Severe flat foot,subject10_steppage_trial16_pressure.csv,-0.21128853706775438,0.14783041686393772,-0.344374763231787,-0.9749287065873303,1.0656343831377588,within_normal_range,Normal
subject10,steppage,trial16,left,0.3838440111420613,20.0,0.3730886850152905,0.18958742632612968,Severe flat foot,subject10_steppage_trial16_pressure.csv,0.9720541263357891,0.31178260943981934,-1.3179147552328871,-0.78705411489828,1.843488839650084,within_normal_range,Normal
subject10,steppage,trial17,right,0.3017694882831181,19.0,0.6269757639620653,0.15173067804646756,Severe flat foot,subject10_steppage_trial17_pressure.csv,0.16896376305184552,0.14783041686393772,-0.5591038920076228,-0.9572268335347829,1.1310539148386802,within_normal_range,Normal
subject10,steppage,trial17,left,0.2473604826546003,14.0,0.994661921708185,0.10579710144927534,Mild flat foot,subject10_steppage_trial17_pressure.csv,-0.3634224948764669,-0.6719305460154704,0.5398265928076545,-1.1637063110772743,1.4930477879807742,within_normal_range,Normal
subject10,steppage,trial18,right,0.2753468516542156,16.0,0.5848648648648649,0.13326392503904216,Severe flat foot,subject10_steppage_trial18_pressure.csv,-0.08957888952859265,-0.3440261608637072,-0.6849638129917766,-1.0402381249549355,1.2952409654291321,within_normal_range,Normal
subject10,steppage,trial18,left,0.3031815346225827,15.0,0.7641752577319587,0.10659025787965615,Severe flat foot,subject10_steppage_trial18_pressure.csv,0.18278048434650726,-0.5079783534395889,-0.14904574043297134,-1.1601409339068733,1.288251657203927,within_normal_range,Normal
subject10,steppage,trial19,right,0.25918367346938775,16.0,0.5506607929515418,0.1099908340971586,Mild flat foot,subject10_steppage_trial19_pressure.csv,-0.24773384661052808,-0.3440261608637072,-0.7871920218554849,-1.144854747793157,1.4526147909657705,within_normal_range,Normal
subject10,steppage,trial19,left,0.31747919143876335,16.0,0.5089179548156956,0.22518025513033835,Severe flat foot,subject10_steppage_trial19_pressure.csv,0.32268151583163307,-0.3440261608637072,-0.9119518921518946,-0.6270581110991424,1.2030525708848583,within_normal_range,Normal
subject10,steppage,trial1,left,0.25598086124401914,17.0,0.7395833333333334,0.13877551020408163,Mild flat foot,subject10_steppage_trial1_pressure.csv,-0.2790730191576794,-0.18007396828782554,-0.22254542170349148,-1.0154625836273339,1.0913290555762696,within_normal_range,Normal
subject10,steppage,trial1,right,0.3162175902389425,20.0,0.46502835538752363,0.16390423572744017,Severe flat foot,subject10_steppage_trial1_pressure.csv,0.3103368840190929,0.31178260943981934,-1.0431279447767865,-0.9025045581099196,1.447807916719344,within_normal_range,Normal
subject10,steppage,trial20,left,0.30231362467866324,16.0,0.5779005524861879,0.17460317460317465,Severe flat foot,subject10_steppage_trial20_pressure.csv,0.17428807905579452,-0.3440261608637072,-0.7057785622486388,-0.8544109526697602,1.1734018019550605,within_normal_range,Normal
subject10,steppage,trial20,right,0.2583572110792741,15.0,0.6894164193867458,0.11352099676972771,Mild flat foot,subject10_steppage_trial20_pressure.csv,-0.2558206920529022,-0.5079783534395889,-0.3724829428844655,-1.1289860478514104,1.3178919807892606,within_normal_range,Normal
subject10,steppage,trial2,right,0.2617692705638903,18.0,0.5041938490214353,0.11381322957198448,Severe flat foot,subject10_steppage_trial2_pressure.csv,-0.22243405761877624,-0.016121775711943915,-0.9260711723081788,-1.1276724101858766,1.476140136476049,within_normal_range,Normal
subject10,steppage,trial2,left,0.35657974530018194,17.0,0.6808803301237965,0.12550374208405302,Severe flat foot,subject10_steppage_trial2_pressure.csv,0.7052762225853677,-0.18007396828782554,-0.39799537655795864,-1.0751215074581446,1.3579866566943117,within_normal_range,Normal
subject10,steppage,trial3,right,0.3058064516129032,19.0,0.6034327009936766,0.13837489943684633,Severe flat foot,subject10_steppage_trial3_pressure.csv,0.20846501428242517,0.14783041686393772,-0.6294687644860484,-1.017263399240758,1.2232609056241401,within_normal_range,Normal
subject10,steppage,trial3,left,0.3104715248009798,15.0,0.5054021608643458,0.11611374407582942,Severe flat foot,subject10_steppage_trial3_pressure.csv,0.25411225280244015,-0.5079783534395889,-0.9224598024174077,-1.1173311942819126,1.5562699410381655,within_normal_range,Normal
subject10,steppage,trial4,left,0.2682808716707022,16.0,0.6021194605009634,0.12582159624413147,Severe flat foot,subject10_steppage_trial4_pressure.csv,-0.15871874236294276,-0.3440261608637072,-0.6333937422991454,-1.0736926972985692,1.3029003336985867,within_normal_range,Normal
subject10,steppage,trial4,right,0.28091773922775604,14.0,0.8252788104089219,0.16810126582278484,Severe flat foot,subject10_steppage_trial4_pressure.csv,-0.035068354841261,-0.6719305460154704,0.033578912012051716,-0.8836381722215224,1.1111545396203117,within_normal_range,Normal
subject10,steppage,trial5,right,0.33128024637043557,22.0,0.5519176800748363,0.14057783527382495,Severe flat foot,subject10_steppage_trial5_pressure.csv,0.45772335138183023,0.6396869945915826,-0.7834354714750547,-1.0073608165468866,1.4990854112188463,within_normal_range,Normal
subject10,steppage,trial5,left,0.2795969773299748,16.0,0.8509406657018813,0.14741729541497384,Severe flat foot,subject10_steppage_trial5_pressure.csv,-0.047991867709239265,-0.3440261608637072,0.1102763739214645,-0.9766162444661782,1.0423998207623268,within_normal_range,Normal
subject10,steppage,trial6,right,0.3027166882276843,19.0,0.652049571020019,0.18234086242299796,Severe flat foot,subject10_steppage_trial6_pressure.csv,0.17823201245600667,0.14783041686393772,-0.4841639728241882,-0.8196286897418243,0.9797073154994225,within_normal_range,Normal
subject10,steppage,trial6,left,0.27404580152671754,14.0,0.6251851851851852,0.1428571428571429,Severe flat foot,subject10_steppage_trial6_pressure.csv,-0.10230952484813954,-0.6719305460154704,-0.5644555256275523,-0.99711492946761,1.3322184957888754,within_normal_range,Normal
subject10,steppage,trial7,right,0.27398938342180484,22.0,0.6161290322580645,0.1345794392523364,Severe flat foot,subject10_steppage_trial7_pressure.csv,-0.1028615699260987,0.6396869945915826,-0.591522311572847,-1.0343246579971435,1.356283929288652,within_normal_range,Normal
subject10,steppage,trial7,left,0.3071786310517529,13.0,0.7469670710571924,0.14588235294117646,Severe flat foot,subject10_steppage_trial7_pressure.csv,0.22189164224991867,-0.8358827385913521,-0.20047710527197662,-0.9835160799139329,1.3249267159970943,within_normal_range,Normal
subject10,steppage,trial8,left,0.37677484787018256,19.0,0.3584905660377358,0.16952474277315044,Severe flat foot,subject10_steppage_trial8_pressure.csv,0.9028831253677586,0.14783041686393772,-1.3615452200394307,-0.8772393938380592,1.860216683759611,within_normal_range,Normal
subject10,steppage,trial8,right,0.2878423834694858,18.0,0.5679245283018868,0.13071297989031083,Severe flat foot,subject10_steppage_trial8_pressure.csv,0.032688542987562345,-0.016121775711943915,-0.735594634631088,-1.0517050705004256,1.2839437192918952,within_normal_range,Normal
subject10,steppage,trial9,right,0.3106646058732612,18.0,0.5287588294651867,0.15958451369216242,Severe flat foot,subject10_steppage_trial9_pressure.csv,0.25600153029173184,-0.016121775711943915,-0.8526520204042628,-0.9219224657724259,1.2816993391428413,within_normal_range,Normal
subject10,steppage,trial9,left,0.3546099290780142,20.0,0.4036281179138322,0.24483133841131666,Severe flat foot,subject10_steppage_trial9_pressure.csv,0.6860017830838175,0.31178260943981934,-1.2266393207512034,-0.5387230475228301,1.5370990166832257,within_normal_range,Normal
subject10,stiff-legged,trial10,right,0.4386042402826855,21.0,0.5284552845528455,0.3915114768297965,Severe flat foot,subject10_stiff-legged_trial10_pressure.csv,1.5078770684884641,0.47573480201570095,-0.8535592472624265,0.12062988316881905,1.8008697378830056,within_normal_range,Normal
subject10,stiff-legged,trial10,left,0.3194237456532539,18.0,0.7640047675804529,0.14884597268016952,Severe flat foot,subject10_stiff-legged_trial10_pressure.csv,0.3417087693098463,-0.016121775711943915,-0.1495552968057187,-0.970194089756099,1.0395519002318585,within_normal_range,Normal
subject10,stiff-legged,trial11,left,0.3213879408418658,16.0,0.5756791720569211,0.31407739764441955,Severe flat foot,subject10_stiff-legged_trial11_pressure.csv,0.3609282076036752,-0.3440261608637072,-0.7124177642437785,-0.22744987457331742,0.8988301767609634,within_normal_range,Normal
subject10,stiff-legged,trial11,right,0.31422271223814774,18.0,0.38585858585858585,0.24716786817713698,Severe flat foot,subject10_stiff-legged_trial11_pressure.csv,0.2908172177138886,-0.016121775711943915,-1.2797484195438096,-0.5282199367039231,1.4147815678143847,within_normal_range,Normal
subject10,stiff-legged,trial12,right,0.31360544217687075,15.0,0.484375,0.18485237483953787,Severe flat foot,subject10_stiff-legged_trial12_pressure.csv,0.28477729667033636,-0.5079783534395889,-0.9853052144519273,-0.8083390012388756,1.4012060600825569,within_normal_range,Normal
subject10,stiff-legged,trial12,left,0.4505310229178312,15.0,0.3655629139072848,0.43113772455089816,Severe flat foot,subject10_stiff-legged_trial12_pressure.csv,1.6245793515553961,-0.5079783534395889,-1.3404075772173363,0.2987568119332244,2.1870638268696,borderline,Normal
subject10,stiff-legged,trial13,right,0.3119325551232166,14.0,0.35372636262513907,0.2457627118644068,Severe flat foot,subject10_stiff-legged_trial13_pressure.csv,0.26840827709088566,-0.6719305460154704,-1.3757843428773882,-0.534536360610173,1.6437899320778435,within_normal_range,Normal
subject10,stiff-legged,trial13,left,0.36825251601097897,23.0,0.7547806524184477,0.17758985200845667,Severe flat foot,subject10_stiff-legged_trial13_pressure.csv,0.8194930263403554,0.8036391871674642,-0.177124083754651,-0.8409853142606603,1.4338877233659835,within_normal_range,Normal
subject10,stiff-legged,trial14,right,0.4013409961685824,19.0,0.5655339805825242,0.2822619623006283,Severe flat foot,subject10_stiff-legged_trial14_pressure.csv,1.143260239656391,0.14783041686393772,-0.7427394392664233,-0.3704658327074048,1.420494496847751,within_normal_range,Normal
subject10,stiff-legged,trial14,left,0.3113861386138614,19.0,0.7341628959276018,0.12071463061323029,Severe flat foot,subject10_stiff-legged_trial14_pressure.csv,0.2630616504189694,0.14783041686393772,-0.23874587902477168,-1.0966494029029046,1.162193947544869,within_normal_range,Normal
subject10,stiff-legged,trial15,left,0.36093824796553375,18.0,0.7893401015228426,0.17652495378927913,Severe flat foot,subject10_stiff-legged_trial15_pressure.csv,0.7479237015711079,-0.016121775711943915,-0.07383373311418719,-0.8457722183996501,1.131561682183599,within_normal_range,Normal
subject10,stiff-legged,trial15,right,0.3083383323335333,17.0,0.41609977324263037,0.2622377622377622,Severe flat foot,subject10_stiff-legged_trial15_pressure.csv,0.23323919434335597,-0.18007396828782554,-1.1893643732227501,-0.46047812161415735,1.3089900185294427,within_normal_range,Normal
subject10,stiff-legged,trial16,right,0.3969097054563013,21.0,0.39397089397089397,0.2838650023116043,Severe flat foot,subject10_stiff-legged_trial16_pressure.csv,1.099900537473793,0.47573480201570095,-1.255502571559004,-0.36325988689463595,1.7732313009875595,within_normal_range,Normal
subject10,stiff-legged,trial16,left,0.24195544554455445,14.0,0.5325248070562293,0.15981470758540828,Mild flat foot,subject10_stiff-legged_trial16_pressure.csv,-0.41631020064760005,-0.6719305460154704,-0.8413963680150165,-0.9208877038764018,1.4767487440629519,within_normal_range,Normal
subject10,stiff-legged,trial17,right,0.3258971871968962,18.0,0.46418338108882523,0.2149225715626466,Severe flat foot,subject10_stiff-legged_trial17_pressure.csv,0.40505069735146154,-0.016121775711943915,-1.045653381201745,-0.6731681965912149,1.3080032085578084,within_normal_range,Normal
subject10,stiff-legged,trial17,left,0.3217183770883055,17.0,0.8372093023255814,0.16858917480035496,Severe flat foot,subject10_stiff-legged_trial17_pressure.csv,0.3641614906731548,-0.18007396828782554,0.0692364449102908,-0.8814449358519616,0.9730257373713727,within_normal_range,Normal
subject10,stiff-legged,trial18,right,0.3090128755364807,20.0,0.555205047318612,0.29619181946403383,Severe flat foot,subject10_stiff-legged_trial18_pressure.csv,0.23983952690741817,0.31178260943981934,-0.7736102768005718,-0.3078486832839191,0.920855616471647,within_normal_range,Normal
subject10,stiff-legged,trial18,left,0.31334622823984526,22.0,0.4731494920174166,0.1353328456474031,Severe flat foot,subject10_stiff-legged_trial18_pressure.csv,0.28224091622482544,0.6396869945915826,-1.0188557103564155,-1.0309379642024334,1.6092729508696697,within_normal_range,Normal
subject10,stiff-legged,trial19,right,0.3630901287553648,22.0,0.6356916578669483,0.2496793501496366,Severe flat foot,subject10_stiff-legged_trial19_pressure.csv,0.7689796232512036,0.6396869945915826,-0.5330540630632733,-0.5169303850522713,1.2457498822651873,within_normal_range,Normal
subject10,stiff-legged,trial19,left,0.22406442444339175,18.0,0.6855855855855856,0.15017064846416384,Mild flat foot,subject10_stiff-legged_trial19_pressure.csv,-0.5913719145042508,-0.016121775711943915,-0.3839324357676394,-0.9642394399322693,1.1946306817053955,within_normal_range,Normal
subject10,stiff-legged,trial1,right,0.2924901185770751,16.0,0.6815144766146993,0.11874032008260194,Severe flat foot,subject10_stiff-legged_trial1_pressure.csv,0.07816613025805211,-0.3440261608637072,-0.3961000566063901,-1.1055242747737726,1.226190491006924,within_normal_range,Normal
subject10,stiff-legged,trial1,left,0.23786620026235242,18.0,1.3450520833333333,0.12727272727272732,Mild flat foot,subject10_stiff-legged_trial1_pressure.csv,-0.45632302514960615,-0.016121775711943915,1.5870632702762155,-1.0671696089865546,1.9662429689990364,within_normal_range,Normal
subject10,stiff-legged,trial20,left,0.2749273959341723,19.0,0.8084415584415584,0.10561056105610556,Severe flat foot,subject10_stiff-legged_trial20_pressure.csv,-0.09368321855612795,0.14783041686393772,-0.016743813164422635,-1.1645448428393455,1.1777416626120525,within_normal_range,Normal
subject10,stiff-legged,trial20,right,0.3047676523838262,16.0,0.494199535962877,0.21193530395984383,Severe flat foot,subject10_stiff-legged_trial20_pressure.csv,0.19830047574843557,-0.3440261608637072,-0.9559419059854054,-0.6865964880416139,1.2421419979417672,within_normal_range,Normal
subject10,stiff-legged,trial2,right,0.32536293766011953,22.0,0.46207497820401044,0.18405428329092455,Severe flat foot,subject10_stiff-legged_trial2_pressure.csv,0.39982312319532987,0.6396869945915826,-1.0519549189550246,-0.8119265626307056,1.5280352991702335,within_normal_range,Normal
subject10,stiff-legged,trial2,left,0.2441016333938294,16.0,0.6451319381255687,0.08186619718309862,Mild flat foot,subject10_stiff-legged_trial2_pressure.csv,-0.39530998377747545,-0.3440261608637072,-0.5048392076958841,-1.271279920102564,1.4648000694687855,within_normal_range,Normal
subject10,stiff-legged,trial3,right,0.2805755395683453,16.0,0.806674338319908,0.17483189241114316,Severe flat foot,subject10_stiff-legged_trial3_pressure.csv,-0.03841674163924608,-0.3440261608637072,-0.02202563306475613,-0.85338282603577,0.9211825126876315,within_normal_range,Normal
subject10,stiff-legged,trial3,left,0.21248339973439576,10.0,0.6971279373368147,0.13456790123456785,Mild flat foot,subject10_stiff-legged_trial3_pressure.csv,-0.7046909935165327,-1.327739316318997,-0.34943496574146327,-1.0343765234092712,1.8578268691957127,within_normal_range,Normal
subject10,stiff-legged,trial4,right,0.29325153374233126,14.0,0.5505913272010512,0.3136308805790109,Severe flat foot,subject10_stiff-legged_trial4_pressure.csv,0.08561649561352812,-0.6719305460154704,-0.7873996392195234,-0.22945704704298792,1.063705584863835,within_normal_range,Normal
subject10,stiff-legged,trial4,left,0.30121177149451817,18.0,0.9034582132564841,0.09977064220183485,Severe flat foot,subject10_stiff-legged_trial4_pressure.csv,0.16350656436503666,-0.016121775711943915,0.26723940551684716,-1.1907963016468024,1.2314248008381448,within_normal_range,Normal
subject10,stiff-legged,trial5,right,0.33383534136546184,17.0,0.4626407369498465,0.1637080867850098,Severe flat foot,subject10_stiff-legged_trial5_pressure.csv,0.4827246806165702,-0.18007396828782554,-1.0502639944539196,-0.903386281984999,1.478042957378532,within_normal_range,Normal
subject10,stiff-legged,trial5,left,0.28832547169811323,14.0,0.5842044134727061,0.14210832847990684,Severe flat foot,subject10_stiff-legged_trial5_pressure.csv,0.037415509255686236,-0.6719305460154704,-0.6869377523237084,-1.0004809813373323,1.3877089927599269,within_normal_range,Normal
subject10,stiff-legged,trial6,right,0.411665731912507,15.0,0.47930574098798395,0.247557003257329,Severe flat foot,subject10_stiff-legged_trial6_pressure.csv,1.2442866665008039,-0.5079783534395889,-1.000456079248898,-0.5264707063150922,1.7562389037681827,within_normal_range,Normal
subject10,stiff-legged,trial6,left,0.2754555198285102,19.0,1.0918079096045197,0.11820580474934039,Severe flat foot,subject10_stiff-legged_trial6_pressure.csv,-0.08851558315126958,0.14783041686393772,0.8301739048500393,-1.1079270148808218,1.3951271709802895,within_normal_range,Normal
subject10,stiff-legged,trial7,right,0.30597402597402595,20.0,0.658256880733945,0.15664477008590194,Severe flat foot,subject10_stiff-legged_trial7_pressure.csv,0.21010471135117856,0.31178260943981934,-0.465611732742218,-0.9351371285288778,1.110237866450929,within_normal_range,Normal
subject10,stiff-legged,trial7,left,0.28861571352218063,15.0,0.7115613825983313,0.14777327935222673,Severe flat foot,subject10_stiff-legged_trial7_pressure.csv,0.04025549423288894,-0.5079783534395889,-0.3062966733020039,-0.9750160342752306,1.141987929686125,within_normal_range,Normal
subject10,stiff-legged,trial8,right,0.3879837067209776,17.0,0.4982738780207135,0.20582329317269077,Severe flat foot,subject10_stiff-legged_trial8_pressure.csv,1.0125606015555177,-0.18007396828782554,-0.9437646221834596,-0.7140710477766941,1.5678949994292957,within_normal_range,Normal
subject10,stiff-legged,trial8,left,0.3324898785425101,18.0,0.9692307692307692,0.1452784503631961,Severe flat foot,subject10_stiff-legged_trial8_pressure.csv,0.4695594718571311,-0.016121775711943915,0.46381864925946503,-0.9862307278474355,1.186812873714391,within_normal_range,Normal
subject10,stiff-legged,trial9,right,0.3083961248654467,17.0,0.33782483156881615,0.24344176285414476,Severe flat foot,subject10_stiff-legged_trial9_pressure.csv,0.23380468804143328,-0.18007396828782554,-1.4233104105981536,-0.5449694332020198,1.552383803782651,within_normal_range,Normal
subject10,stiff-legged,trial9,left,0.36732186732186733,15.0,0.6333853354134166,0.25775075987841944,Severe flat foot,subject10_stiff-legged_trial9_pressure.csv,0.8103867291875484,-0.5079783534395889,-0.539947137492662,-0.480647983652413,1.1988886745157528,within_normal_range,Normal
subject10,trendelenburg,trial10,right,0.23548387096774193,10.0,0.4535603715170279,0.14335060449050085,Mild flat foot,subject10_trendelenburg_trial10_pressure.csv,-0.47963386061993685,-1.327739316318997,-1.0774031460840914,-0.9948967329370738,2.0355729858575895,borderline,Normal
subject10,trendelenburg,trial10,left,0.32646239554317547,17.0,0.6278195488721805,0.210079575596817,Severe flat foot,subject10_trendelenburg_trial10_pressure.csv,0.41058120012300553,-0.18007396828782554,-0.5565820103952263,-0.6949383122853194,0.9968582387315321,within_normal_range,Normal
subject10,trendelenburg,trial11,right,0.29930686830497794,14.0,0.5619295958279009,0.1293103448275862,Severe flat foot,subject10_trendelenburg_trial11_pressure.csv,0.14486729189387282,-0.6719305460154704,-0.7535121273386078,-1.0580101609460033,1.469572460833645,within_normal_range,Normal
subject10,trendelenburg,trial11,left,0.29830747531734836,14.0,0.4121951219512195,0.14547754585705253,Severe flat foot,subject10_trendelenburg_trial11_pressure.csv,0.1350883391867307,-0.6719305460154704,-1.2010344898325451,-0.9853357587072563,1.6979722969493358,within_normal_range,Normal
subject10,trendelenburg,trial12,left,0.2489055659787367,14.0,0.617046818727491,0.11298076923076927,Mild flat foot,subject10_trendelenburg_trial12_pressure.csv,-0.3483040210204907,-0.6719305460154704,-0.5887792560931783,-1.1314144653242406,1.4830934071993795,within_normal_range,Normal
subject10,trendelenburg,trial12,right,0.28875582168995345,13.0,0.7926657263751763,0.17712609970674487,Severe flat foot,subject10_trendelenburg_trial12_pressure.csv,0.0416264375589818,-0.8358827385913521,-0.06389419512969707,-0.8430699621383183,1.1896563126424402,within_normal_range,Normal
subject10,trendelenburg,trial13,right,0.29842573579739906,13.0,0.4620770128354726,0.14920071047957373,Severe flat foot,subject10_trendelenburg_trial13_pressure.csv,0.13624550524238083,-0.8358827385913521,-1.0519488379033124,-0.9685994811731908,1.6619398613875396,within_normal_range,Normal
subject10,trendelenburg,trial13,left,0.24815063887020847,10.0,0.4808877928483354,0.1553653719552337,Mild flat foot,subject10_trendelenburg_trial13_pressure.csv,-0.35569090143992127,-1.327739316318997,-0.9957276852605134,-0.9408882473652317,1.940657627375488,within_normal_range,Normal
subject10,trendelenburg,trial14,right,0.2428285523682455,11.0,0.40581395348837207,0.1627463445645264,Mild flat foot,subject10_trendelenburg_trial14_pressure.csv,-0.4077669444482455,-1.1637871237431152,-1.220106354260487,-0.9077094818297964,1.9578739411630837,within_normal_range,Normal
subject10,trendelenburg,trial14,left,0.22945484133441824,11.0,0.5996955859969558,0.16354088522130528,Mild flat foot,subject10_trendelenburg_trial14_pressure.csv,-0.5386272660010075,-1.1637871237431152,-0.6406381531307863,-0.9041378823191238,1.6948163188267122,within_normal_range,Normal
subject10,trendelenburg,trial15,right,0.2458233890214797,7.0,0.5826923076923077,0.14151925078043703,Mild flat foot,subject10_trendelenburg_trial15_pressure.csv,-0.37846279046668063,-1.819595894046642,-0.6914570933522943,-1.0031289888435864,2.2222835061271513,borderline,Normal
subject10,trendelenburg,trial15,left,0.29597197898423816,11.0,0.6710526315789473,0.2023633677991138,Severe flat foot,subject10_trendelenburg_trial15_pressure.csv,0.11223575919879338,-1.1637871237431152,-0.4273681372642961,-0.7296240187490405,1.4429109704058172,within_normal_range,Normal
subject10,trendelenburg,trial16,left,0.3119891008174387,13.0,0.8296422487223168,0.11844792375765822,Severe flat foot,subject10_trendelenburg_trial16_pressure.csv,0.2689615706164905,-0.8358827385913521,0.046620238915936876,-1.1068386475024448,1.4136143453661922,within_normal_range,Normal
subject10,trendelenburg,trial16,right,0.17613636363636365,5.0,0.6417004048582996,0.1490683229813664,Normal,subject10_trendelenburg_trial16_pressure.csv,-1.060342825625631,-2.1475002791984052,-0.5150952818983391,-0.9691945861810747,2.634529493539522,borderline,Normal
subject10,trendelenburg,trial17,right,0.19420035149384884,10.0,0.609105180533752,0.12320675105485235,Normal,subject10_trendelenburg_trial17_pressure.csv,-0.883588650694186,-1.327739316318997,-0.6125150104222798,-1.0854468847260261,2.0241023129498297,borderline,Normal
subject10,trendelenburg,trial17,left,0.24358974358974358,12.0,0.6202346041055719,0.13200851667849534,Mild flat foot,subject10_trendelenburg_trial17_pressure.csv,-0.40031877035831426,-0.9998349311672337,-0.5792516890166927,-1.0458814055699275,1.609138105082655,within_normal_range,Normal
subject10,trendelenburg,trial18,right,0.27325581395348836,12.0,0.5874439461883408,0.12358703843255459,Severe flat foot,subject10_trendelenburg_trial18_pressure.csv,-0.11003946813717679,-0.9998349311672337,-0.6772555241985323,-1.0837374263106159,1.6263272820603747,within_normal_range,Normal
subject10,trendelenburg,trial18,left,0.2584717607973422,13.0,0.6312849162011173,0.18368657675016054,Mild flat foot,subject10_trendelenburg_trial18_pressure.csv,-0.25469983540344643,-0.8358827385913521,-0.5462248138605637,-0.8135794679790462,1.3129528006838618,within_normal_range,Normal
subject10,trendelenburg,trial19,left,0.2314261315115286,9.0,0.573015873015873,0.1242845461978741,Mild flat foot,subject10_trendelenburg_trial19_pressure.csv,-0.5193384040091509,-1.4916915088948786,-0.7203777606829372,-1.080602006653924,2.0448718176108014,borderline,Normal
subject10,trendelenburg,trial19,right,0.19896907216494844,8.0,0.601123595505618,0.1095890410958904,Normal,subject10_trendelenburg_trial19_pressure.csv,-0.83692723272,-1.6556437014707601,-0.6363701567740714,-1.146660877755768,2.271871784255538,borderline,Normal
subject10,trendelenburg,trial1,right,0.2663259511641113,17.0,0.7074829931972789,0.1164556962025316,Severe flat foot,subject10_trendelenburg_trial1_pressure.csv,-0.177847428892471,-0.18007396828782554,-0.31848605369434024,-1.115794059538734,1.187638872603246,within_normal_range,Normal
subject10,trendelenburg,trial1,left,0.22495706926159129,15.0,0.8791208791208791,0.10984230560087005,Mild flat foot,subject10_trendelenburg_trial1_pressure.csv,-0.5826374811336975,-0.5079783534395889,0.1945006367671714,-1.1455224094164347,1.395550260708329,within_normal_range,Normal
subject10,trendelenburg,trial20,right,0.25309734513274335,10.0,0.6131147540983607,0.1124694376528117,Mild flat foot,subject10_trendelenburg_trial20_pressure.csv,-0.30728791363010277,-1.327739316318997,-0.6005313049483838,-1.1337129903878018,1.8716999083078034,within_normal_range,Normal
subject10,trendelenburg,trial20,left,0.24959083469721768,12.0,0.5737704918032787,0.12314886983632112,Mild flat foot,subject10_trendelenburg_trial20_pressure.csv,-0.34159874044252325,-0.9998349311672337,-0.7181223763764466,-1.085707070948115,1.676549784651024,within_normal_range,Normal
subject10,trendelenburg,trial2,left,0.2721996517701683,15.0,0.9448476052249637,0.23770038695411833,Severe flat foot,subject10_trendelenburg_trial2_pressure.csv,-0.1203739013077114,-0.5079783534395889,0.39094290542814025,-0.5707779241586107,0.8666923777734767,within_normal_range,Normal
subject10,trendelenburg,trial2,right,0.26513157894736844,13.0,0.5344603381014305,0.23673997412677883,Severe flat foot,subject10_trendelenburg_trial2_pressure.csv,-0.1895342323489926,-0.8358827385913521,-0.8356115049597513,-0.5750951481482246,1.3280076033486514,within_normal_range,Normal
subject10,trendelenburg,trial3,right,0.2363737486095662,13.0,1.065155807365439,0.27615507169410514,Mild flat foot,subject10_trendelenburg_trial3_pressure.csv,-0.4709265037720738,-0.8358827385913521,0.750516819539902,-0.3979173763331438,1.281438823912445,within_normal_range,Normal
subject10,trendelenburg,trial3,left,0.2647527910685805,17.0,0.5825734549138805,0.11686991869918695,Severe flat foot,subject10_trendelenburg_trial3_pressure.csv,-0.1932406309314877,-0.18007396828782554,-0.6918123173352133,-1.1139320568158504,1.3376163445160325,within_normal_range,Normal
subject10,trendelenburg,trial4,right,0.28153717627401836,10.0,0.34206896551724136,0.22595419847328246,Severe flat foot,subject10_trendelenburg_trial4_pressure.csv,-0.029007230083102995,-1.327739316318997,-1.410625657366882,-0.6235791001242305,2.0353006536700726,borderline,Normal
subject10,trendelenburg,trial4,left,0.2014879107253565,16.0,1.0666666666666667,0.28783552255853795,Normal,subject10_trendelenburg_trial4_pressure.csv,-0.8122806687916508,-0.3440261608637072,0.7550324351251159,-0.3454117024750307,1.211419459373546,within_normal_range,Normal
subject10,trendelenburg,trial5,right,0.24280575539568344,9.0,0.5821678321678322,0.10723404255319147,Mild flat foot,subject10_trendelenburg_trial5_pressure.csv,-0.4079900103685689,-1.4916915088948786,-0.6930246316733416,-1.157247008963751,2.0520972652706164,borderline,Normal
subject10,trendelenburg,trial5,left,0.24518686296715742,15.0,0.76905311778291,0.1770992366412214,Mild flat foot,subject10_trendelenburg_trial5_pressure.csv,-0.3846911293274979,-0.5079783534395889,-0.13446692369558896,-0.8431907163261125,1.0654019007929165,within_normal_range,Normal
subject10,trendelenburg,trial6,right,0.2864435621100397,14.0,0.8314321926489227,0.14561500275785988,Severe flat foot,subject10_trendelenburg_trial6_pressure.csv,0.019001226697492345,-0.6719305460154704,0.05196997511246586,-0.9847178658461755,1.1934076666900102,within_normal_range,Normal
subject10,trendelenburg,trial6,left,0.2819324950363997,12.0,0.7769985974754559,0.10461538461538467,Severe flat foot,subject10_trendelenburg_trial6_pressure.csv,-0.025139078585720148,-0.9998349311672337,-0.11071968799832253,-1.169018335364097,1.5424540773009148,within_normal_range,Normal
subject10,trendelenburg,trial7,right,0.3474426807760141,15.0,0.5678851174934726,0.1964285714285714,Severe flat foot,subject10_trendelenburg_trial7_pressure.csv,0.6158710306639477,-0.5079783534395889,-0.7357124245937644,-0.7563019686212387,1.3231041430727462,within_normal_range,Normal
subject10,trendelenburg,trial7,left,0.3369195922989808,17.0,0.6922094508301405,0.14054054054054055,Severe flat foot,subject10_trendelenburg_trial7_pressure.csv,0.5129037436970285,-0.18007396828782554,-0.36413520573545544,-1.0075284629096155,1.201334647790684,within_normal_range,Normal
subject10,trendelenburg,trial8,right,0.3092255125284738,16.0,0.8130193905817175,0.1576673866090713,Severe flat foot,subject10_trendelenburg_trial8_pressure.csv,0.2419201569640902,-0.3440261608637072,-0.003061711765703226,-0.9305402880241207,1.0211728371921676,within_normal_range,Normal
subject10,trendelenburg,trial8,left,0.262874251497006,14.0,0.5017543859649123,0.29831688914683696,Severe flat foot,subject10_trendelenburg_trial8_pressure.csv,-0.21162193824133166,-0.6719305460154704,-0.9333621737857073,-0.29829612260059973,1.206822285022198,within_normal_range,Normal
subject10,trendelenburg,trial9,left,0.28562259306803595,13.0,0.7710219922380336,0.17530319735391398,Severe flat foot,subject10_trendelenburg_trial9_pressure.csv,0.01096813307450807,-0.8358827385913521,-0.12858240475483687,-0.8512642277128067,1.2000018636711098,within_normal_range,Normal
subject10,trendelenburg,trial9,right,0.1903114186851211,7.0,0.703030303030303,0.07747196738022422,Normal,subject10_trendelenburg_trial9_pressure.csv,-0.9216414392253556,-1.819595894046642,-0.3317941341342509,-1.2910327532393289,2.436638068632968,borderline,Normal
subject11,antalgic,trial10,left,0.2887218045112782,14.0,1.1277013752455796,0.23176550783912742,Severe flat foot,subject11_antalgic_trial10_pressure.csv,0.04129358313073074,-0.6719305460154704,0.93745132818417,-0.5974562459816075,1.29960177641196,within_normal_range,Normal
subject11,antalgic,trial10,right,0.42684063373718545,19.0,0.5958904109589042,0.7433016421780467,Severe flat foot,subject11_antalgic_trial10_pressure.csv,1.3927714458777611,0.14783041686393772,-0.6520109577938883,1.7019883343662268,2.2985971182450875,borderline,Normal
subject11,antalgic,trial11,left,0.32061068702290074,17.0,0.7922705314009661,0.2065217391304348,Severe flat foot,subject11_antalgic_trial11_pressure.csv,0.35332286272814967,-0.18007396828782554,-0.0650753432242228,-0.7109314107806176,0.8166528947549315,within_normal_range,Normal
subject11,antalgic,trial11,right,0.3765880217785844,18.0,0.1799709724238026,0.7263843648208469,Severe flat foot,subject11_antalgic_trial11_pressure.csv,0.9010550521905275,-0.016121775711943915,-1.8950997730902008,1.6259422075690906,2.654665954701525,borderline,Normal
subject11,antalgic,trial12,left,0.2866323907455013,16.0,0.7817638266068759,0.4981684981684982,Severe flat foot,subject11_antalgic_trial12_pressure.csv,0.020848894550668847,-0.3440261608637072,-0.09647749951957332,0.600071887769864,0.6987008330951407,within_normal_range,Normal
subject11,antalgic,trial12,right,0.47666068222621183,17.0,0.9456869009584664,0.7771929824561403,Severe flat foot,subject11_antalgic_trial12_pressure.csv,1.8802552526205527,-0.18007396828782554,0.3934513699103914,1.8543358490220594,2.67603286050729,borderline,Normal
subject11,antalgic,trial13,left,0.23787528868360278,12.0,0.6871165644171779,0.3449254790631654,Mild flat foot,subject11_antalgic_trial13_pressure.csv,-0.456234095926878,-0.9998349311672337,-0.37935668747198176,-0.0887823418795923,1.1660245453796168,within_normal_range,Normal
subject11,antalgic,trial13,right,0.35445068163592625,18.0,1.2216216216216216,0.7167721518987342,Severe flat foot,subject11_antalgic_trial13_pressure.csv,0.684443564020659,-0.016121775711943915,1.2181576308545576,1.582733625759976,2.1113210669393503,borderline,Normal
subject11,antalgic,trial14,left,0.2556053811659193,12.0,0.7163461538461539,0.4359518754423213,Mild flat foot,subject11_antalgic_trial14_pressure.csv,-0.28274705126683136,-0.9998349311672337,-0.29199607787210896,0.3203972639622207,1.1258471924863722,within_normal_range,Normal
subject11,antalgic,trial14,right,0.4552980132450331,19.0,1.4285714285714286,0.7389705882352942,Severe flat foot,subject11_antalgic_trial14_pressure.csv,1.6712238383009743,0.14783041686393772,1.8366836397689619,1.6825194877934875,3.003185237253178,outside_normal_range,Normal
subject11,antalgic,trial15,left,0.22358078602620088,12.0,0.6133540372670807,0.1362489486963835,Mild flat foot,subject11_antalgic_trial15_pressure.csv,-0.5961042643081896,-0.9998349311672337,-0.5998161418586947,-1.02681992043268,1.6640759407371468,within_normal_range,Normal
subject11,antalgic,trial15,right,0.4647006255585344,19.0,0.9650793650793651,0.7199297629499561,Severe flat foot,subject11_antalgic_trial15_pressure.csv,1.7632273867303154,0.14783041686393772,0.451411044347896,1.5969276408669677,2.425855410075007,borderline,Normal
subject11,antalgic,trial16,right,0.3050583657587549,16.0,2.297202797202797,0.17618270799347469,Severe flat foot,subject11_antalgic_trial16_pressure.csv,0.20114507480001018,-0.3440261608637072,4.432825678150882,-0.8473106732369148,4.530639271706582,outside_normal_range,Normal
subject11,antalgic,trial16,left,0.2659225213394616,18.0,0.8833333333333333,0.26092233009708743,Severe flat foot,subject11_antalgic_trial16_pressure.csv,-0.18179494626024567,-0.016121775711943915,0.2070907064568517,-0.4663912196411402,0.5419563124431895,within_normal_range,Normal
subject11,antalgic,trial17,left,0.22933730454207,11.0,0.8615136876006442,0.19291635267520724,Mild flat foot,subject11_antalgic_trial17_pressure.csv,-0.5397773508504609,-1.1637871237431152,0.14187673699304013,-0.7720900075011439,1.503998685526129,within_normal_range,Normal
subject11,antalgic,trial17,right,0.38686868686868686,18.0,0.6958637469586375,0.7685185185185185,Severe flat foot,subject11_antalgic_trial17_pressure.csv,1.0016502524355606,-0.016121775711943915,-0.35321334389337694,1.8153426132566821,2.1032811532617957,borderline,Normal
subject11,antalgic,trial18,left,0.19925650557620816,12.0,0.9329173166926678,0.4141104294478528,Normal,subject11_antalgic_trial18_pressure.csv,-0.8341147277595358,-0.9998349311672337,0.35528598039960896,0.2222161360857979,1.367854307904524,within_normal_range,Normal
subject11,antalgic,trial18,right,0.4787018255578093,17.0,0.910394265232975,0.7381489841986456,Severe flat foot,subject11_antalgic_trial18_pressure.csv,1.9002276202029322,-0.18007396828782554,0.28796969084483615,1.6788262336469257,2.5582563804793716,borderline,Normal
subject11,antalgic,trial19,left,0.2622615803814714,14.0,0.48567870485678705,0.5361216730038023,Severe flat foot,subject11_antalgic_trial19_pressure.csv,-0.2176168590962951,-0.6719305460154704,-0.9814087364906486,0.7706780606745766,1.4338603618542785,within_normal_range,Normal
subject11,antalgic,trial19,right,0.4804202483285578,17.0,0.4419134396355353,0.6514084507042254,Severe flat foot,subject11_antalgic_trial19_pressure.csv,1.9170422018680318,-0.18007396828782554,-1.1122131823867816,1.2889123326514682,2.5701732630571694,borderline,Normal
subject11,antalgic,trial1,left,0.18853171155516943,11.0,0.32706766917293234,0.6112852664576802,Normal,subject11_antalgic_trial1_pressure.csv,-0.9390556817423461,-1.1637871237431152,-1.4554611278277854,1.1085515871075609,2.362938797070139,borderline,Normal
subject11,antalgic,trial1,right,0.5033632286995515,15.0,0.7508090614886731,0.8525252525252525,Severe flat foot,subject11_antalgic_trial1_pressure.csv,2.141536792870702,-0.5079783534395889,-0.18899426775259956,2.1929676064043258,3.1127235018170483,outside_normal_range,Normal
subject11,antalgic,trial20,left,0.20609579100145137,10.0,0.6604527296937417,0.47597597597597596,Normal,subject11_antalgic_trial20_pressure.csv,-0.7671930567532858,-1.327739316318997,-0.459048838515352,0.500312610850369,1.6770555814128207,within_normal_range,Normal
subject11,antalgic,trial20,right,0.33505154639175255,15.0,0.9014084507042254,0.7126436781609196,Severe flat foot,subject11_antalgic_trial20_pressure.csv,0.4946251157622025,-0.5079783534395889,0.261113130410061,1.5641754127144896,1.7371012639794645,within_normal_range,Normal
subject11,antalgic,trial2,left,0.24628616106333073,13.0,0.36139896373056996,0.5154471544715447,Mild flat foot,subject11_antalgic_trial2_pressure.csv,-0.3739346158972528,-0.8358827385913521,-1.3528526793514326,0.677742476267155,1.7686357131434076,within_normal_range,Normal
subject11,antalgic,trial2,right,0.3698630136986301,16.0,0.5753138075313807,0.7480106100795756,Severe flat foot,subject11_antalgic_trial2_pressure.csv,0.8352515726954352,-0.3440261608637072,-0.7135097558967893,1.723155970420317,2.072284212940855,borderline,Normal
subject11,antalgic,trial3,right,0.4312370421561852,20.0,2.286259541984733,0.0818965517241379,Severe flat foot,subject11_antalgic_trial3_pressure.csv,1.4357898285788964,0.31178260943981934,4.400118771706642,-1.2711434711203784,4.809943009714028,outside_normal_range,Normal
subject11,antalgic,trial3,left,0.22076923076923077,15.0,0.4217289719626168,0.5824175824175823,Mild flat foot,subject11_antalgic_trial3_pressure.csv,-0.6236150295744536,-0.5079783534395889,-1.1725399757083144,0.9787862877333885,1.7262127054228584,within_normal_range,Normal
subject11,antalgic,trial4,left,0.34718269778030736,21.0,0.7523302263648469,0.39252336448598135,Severe flat foot,subject11_antalgic_trial4_pressure.csv,0.6133271250621009,0.47573480201570095,-0.18444785114256249,0.12517849553604152,0.8075793643485671,within_normal_range,Normal
subject11,antalgic,trial4,right,0.49510763209393344,15.0,0.2445414847161572,0.6409185803757829,Severe flat foot,subject11_antalgic_trial4_pressure.csv,2.0607566695609862,-0.5079783534395889,-1.7021131651276473,1.2417585269746492,2.9906376452051813,borderline,Normal
subject11,antalgic,trial5,left,0.2902144772117963,16.0,0.33076923076923076,0.2812286689419795,Severe flat foot,subject11_antalgic_trial5_pressure.csv,0.05589922468143826,-0.3440261608637072,-1.4443980002286154,-0.3751106674589614,1.532472615933002,within_normal_range,Normal
subject11,antalgic,trial5,right,0.5396039603960396,16.0,0.518796992481203,0.6,Severe flat foot,subject11_antalgic_trial5_pressure.csv,2.496148447864164,-0.3440261608637072,-0.8824256904645289,1.0578223364214288,2.87171974046166,borderline,Normal
subject11,antalgic,trial6,left,0.2763664357197845,14.0,0.6727549467275494,0.17391304347826086,Severe flat foot,subject11_antalgic_trial6_pressure.csv,-0.07960236929924565,-0.6719305460154704,-0.42228030359922414,-0.857513213034931,1.1711006622848634,within_normal_range,Normal
subject11,antalgic,trial6,right,0.4824561403508772,18.0,1.422907488986784,0.6277511961722488,Severe flat foot,subject11_antalgic_trial6_pressure.csv,1.936963185954913,-0.016121775711943915,1.8197554096939652,1.18256882714376,2.908962886913364,borderline,Normal
subject11,antalgic,trial7,left,0.30165289256198347,18.0,0.6103896103896104,0.5950885208452312,Severe flat foot,subject11_antalgic_trial7_pressure.csv,0.16782288648282412,-0.016121775711943915,-0.6086761410646134,1.0357443767900536,1.2131271539426767,within_normal_range,Normal
subject11,antalgic,trial7,right,0.43177570093457945,17.0,1.4130434782608696,0.3306451612903226,Severe flat foot,subject11_antalgic_trial7_pressure.csv,1.4410605466891948,-0.18007396828782554,1.7902741201189114,-0.1529748731674252,2.31031704972872,borderline,Normal
subject11,antalgic,trial8,right,0.3793103448275862,21.0,2.033003300330033,0.08875739644970415,Severe flat foot,subject11_antalgic_trial8_pressure.csv,0.927692689915897,0.47573480201570095,3.643193337988621,-1.2403027715846562,3.987247922055708,outside_normal_range,Normal
subject11,antalgic,trial8,left,0.22115384615384615,20.0,0.8532778355879292,0.5464382326420198,Mild flat foot,subject11_antalgic_trial8_pressure.csv,-0.6198516094753053,0.31178260943981934,0.11726164432629638,0.8170528044228201,1.0783088573147914,within_normal_range,Normal
subject11,antalgic,trial9,left,0.31254103742613265,20.0,0.8335901386748844,0.20888355342136855,Severe flat foot,subject11_antalgic_trial9_pressure.csv,0.2743622108656886,0.31178260943981934,0.058419586071583825,-0.7003146415897291,0.8162943486034541,within_normal_range,Normal
subject11,antalgic,trial9,right,0.45215100965759436,18.0,0.36639676113360325,0.7042016806722688,Severe flat foot,subject11_antalgic_trial9_pressure.csv,1.6404307472630204,-0.016121775711943915,-1.3379153970866045,1.52622715438143,2.6097241012702206,borderline,Normal
subject11,lurching,trial10,right,0.3327753598928691,36.0,0.5760869565217391,0.4077669902912622,Severe flat foot,subject11_lurching_trial10_pressure.csv,0.4723528761120011,2.9350176906539254,-0.711198989018816,0.1937012652678464,3.062804314051182,outside_normal_range,Normal
subject11,lurching,trial10,left,0.1796875,13.0,0.7347931873479319,0.6353623188405797,Normal,subject11_lurching_trial10_pressure.csv,-1.0255953389147439,-0.8358827385913521,-0.23686208100429645,1.2167821575327729,1.8130659712725354,within_normal_range,Normal
subject11,lurching,trial11,right,0.22573984858912594,25.0,0.4672083575159605,0.45854271356783916,Mild flat foot,subject11_lurching_trial11_pressure.csv,-0.5749780697521488,1.1315435723192275,-1.036612413132662,0.42194704081301915,1.6922160728064397,within_normal_range,Normal
subject11,lurching,trial11,left,0.2244788882950294,18.0,0.6792452830188679,0.48862512363996047,Mild flat foot,subject11_lurching_trial11_pressure.csv,-0.5873164303712294,-0.016121775711943915,-0.4028821613059328,0.5571727466051145,0.9044092030127381,within_normal_range,Normal
subject11,lurching,trial12,right,0.32021604938271603,34.0,0.5198702351987023,0.4378698224852071,Severe flat foot,subject11_lurching_trial12_pressure.csv,0.3494613759380754,2.6071133055021622,-0.8792180115377624,0.3290187720769065,2.79292690652483,borderline,Normal
subject11,lurching,trial12,left,0.44342857142857145,14.0,0.49696969696969695,0.769811320754717,Severe flat foot,subject11_lurching_trial12_pressure.csv,1.5550826289668387,-0.6719305460154704,-0.9476625233812254,1.8211539858967207,2.6616608987908,borderline,Normal
subject11,lurching,trial13,right,0.23370025402201525,35.0,0.18091762252346194,0.5061728395061729,Mild flat foot,subject11_lurching_trial13_pressure.csv,-0.49708636026303354,2.771065498078044,-1.892270450769921,0.6360528049966724,3.451253319273913,outside_normal_range,Normal
subject11,lurching,trial13,left,0.288671650373778,20.0,0.7175283732660782,0.45661538461538465,Severe flat foot,subject11_lurching_trial13_pressure.csv,0.04080283029900908,0.31178260943981934,-0.2884626923123714,0.413283359370463,0.5940430342139783,within_normal_range,Normal
subject11,lurching,trial14,right,0.23839584106943928,32.0,0.2375249500998004,0.604099935938501,Mild flat foot,subject11_lurching_trial14_pressure.csv,-0.4511405469169344,2.2792089203503987,-1.7230839948019054,1.076252267057205,3.086366551653515,outside_normal_range,Normal
subject11,lurching,trial14,left,0.21721854304635763,16.0,0.5037194473963869,0.5771658060814687,Mild flat foot,subject11_lurching_trial14_pressure.csv,-0.6583581263838104,-0.3440261608637072,-0.9274890511073355,0.9551786326282764,1.5245955470510308,within_normal_range,Normal
subject11,lurching,trial15,right,0.30320871357079776,36.0,0.7055098163394553,0.4786324786324786,Severe flat foot,subject11_lurching_trial15_pressure.csv,0.18304642742647173,2.9350176906539254,-0.32438343154039884,0.5122540558942639,3.0025761718036637,outside_normal_range,Normal
subject11,lurching,trial15,left,0.19805194805194806,15.0,1.031055900621118,0.5170489770613763,Normal,subject11_lurching_trial15_pressure.csv,-0.8459011933527262,-0.5079783534395889,0.6485999367276664,0.6849429495585037,1.3650712650084602,within_normal_range,Normal
subject11,lurching,trial16,right,0.2703742567331235,32.0,0.27053140096618356,0.6369426751592357,Severe flat foot,subject11_lurching_trial16_pressure.csv,-0.13823519507309204,2.2792089203503987,-1.6244352034659229,1.2238861361728124,3.0578733257506134,outside_normal_range,Normal
subject11,lurching,trial16,left,0.5059288537549407,16.0,0.768976897689769,0.5702393340270552,Severe flat foot,subject11_lurching_trial16_pressure.csv,2.1666411576115605,-0.3440261608637072,-0.13469472825701592,0.9240429267469409,2.3842579360266933,borderline,Normal
subject11,lurching,trial17,right,0.31438382296833267,30.0,0.8333333333333334,0.24273504273504276,Severe flat foot,subject11_lurching_trial17_pressure.csv,0.29239366885032136,1.9513045351986356,0.057652053183688996,-0.5481462640036053,2.048626743125238,borderline,Normal
subject11,lurching,trial17,left,0.2822485207100592,18.0,0.5760197775030902,0.6238159675236806,Severe flat foot,subject11_lurching_trial17_pressure.csv,-0.022046801418268137,-0.016121775711943915,-0.7113997718603182,1.1648792846443352,1.3652030458145388,within_normal_range,Normal
subject11,lurching,trial18,right,0.2965734541157936,29.0,0.3637640449438202,0.5499072356215213,Severe flat foot,subject11_lurching_trial18_pressure.csv,0.11812112855680106,1.787352342622754,-1.345783988323637,0.8326465808248213,2.3901915968135525,borderline,Normal
subject11,lurching,trial18,left,0.2249093107617896,15.0,0.6869047619047619,0.567915036333147,Mild flat foot,subject11_lurching_trial18_pressure.csv,-0.5831047929086505,-0.5079783534395889,-0.37998971711628826,0.9135948012351837,1.2558267607573537,within_normal_range,Normal
subject11,lurching,trial19,right,0.2972784368457781,32.0,0.36391625615763545,0.4939668174962293,Severe flat foot,subject11_lurching_trial19_pressure.csv,0.12501930861329896,2.2792089203503987,-1.3453290635475246,0.5811845967230899,2.7125834466104113,borderline,Normal
subject11,lurching,trial19,left,0.16388557806912993,15.0,0.6424581005586593,0.608595988538682,Normal,subject11_lurching_trial19_pressure.csv,-1.1802154424742515,-0.5079783534395889,-0.5128307013972868,1.0964628115142567,1.7652695328326693,within_normal_range,Normal
subject11,lurching,trial1,right,0.2189247311827957,23.0,0.8988212180746562,0.5744075829383886,Mild flat foot,subject11_lurching_trial1_pressure.csv,-0.6416632592972513,0.8036391871674642,0.253380479212717,0.9427799361687542,1.4179574594364883,within_normal_range,Normal
subject11,lurching,trial1,left,0.20631067961165048,18.0,0.7699579831932774,0.42938388625592416,Normal,subject11_lurching_trial1_pressure.csv,-0.7650903948550621,-0.016121775711943915,-0.13176248632921359,0.2908730014036002,0.8292114806855825,within_normal_range,Normal
subject11,lurching,trial20,right,0.30256606664113367,30.0,0.4726027397260274,0.3952417498081351,Severe flat foot,subject11_lurching_trial20_pressure.csv,0.1767581964599117,1.9513045351986356,-1.0204898288783997,0.13739811400815916,2.2133934538802156,borderline,Normal
subject11,lurching,trial20,left,0.22684414864115363,12.0,0.6705508474576272,0.5206445115810674,Mild flat foot,subject11_lurching_trial20_pressure.csv,-0.5641726127227905,-0.9998349311672337,-0.428867856130775,0.7011055074107304,1.4118913545568978,within_normal_range,Normal
subject11,lurching,trial2,right,0.289727463312369,26.0,0.4708056171470806,0.5542168674698795,Severe flat foot,subject11_lurching_trial2_pressure.csv,0.051133846147498045,1.295495764895109,-1.025861020437692,0.852019131328626,1.8599062827159998,within_normal_range,Normal
subject11,lurching,trial2,left,0.21691542288557214,20.0,0.4699499165275459,0.590805644060082,Mild flat foot,subject11_lurching_trial2_pressure.csv,-0.6613241244982592,0.31178260943981934,-1.0284185154014573,1.0164920949847098,1.620326761853742,within_normal_range,Normal
subject11,lurching,trial3,right,0.22392384105960264,26.0,0.3195530726256983,0.6007578367206339,Mild flat foot,subject11_lurching_trial3_pressure.csv,-0.5927475077678622,1.295495764895109,-1.4779205515859815,1.0612289453060626,2.3108688660289243,borderline,Normal
subject11,lurching,trial3,left,0.22870662460567823,15.0,0.8350877192982457,0.48403193612774453,Mild flat foot,subject11_lurching_trial3_pressure.csv,-0.5459484860772015,-0.5079783534395889,0.0628955147020456,0.5365255636937142,0.9208242412532791,within_normal_range,Normal
subject11,lurching,trial4,right,0.29314420803782504,31.0,0.44419134396355353,0.5880574452003023,Severe flat foot,subject11_lurching_trial4_pressure.csv,0.08456632515844376,2.115256727774517,-1.1054050432854987,1.004138459435571,2.5906904182446846,borderline,Normal
subject11,lurching,trial4,left,0.2541123085649461,14.0,0.672665916760405,0.32897862232779096,Mild flat foot,subject11_lurching_trial4_pressure.csv,-0.2973566058004063,-0.6719305460154704,-0.42254639396704446,-0.16046625789684288,0.8626740315204552,within_normal_range,Normal
subject11,lurching,trial5,right,0.2,24.0,0.31743227326266193,0.6261510128913443,Normal,subject11_lurching_trial5_pressure.csv,-0.826839714928468,0.9675913797433459,-1.4842591395994764,1.1753757228333592,2.2813220455795453,borderline,Normal
subject11,lurching,trial5,left,0.12442396313364056,13.0,1.2023633677991137,0.240531561461794,Normal,subject11_lurching_trial5_pressure.csv,-1.566343092936249,-0.8358827385913521,1.1605990805419912,-0.5580512985291093,2.193294808047704,borderline,Normal
subject11,lurching,trial6,right,0.2563667232597623,33.0,0.7666922486569455,0.40771558245083206,Mild flat foot,subject11_lurching_trial6_pressure.csv,-0.2752974009072606,2.4431611129262807,-0.1415230257503553,0.19347017801490543,2.4702802187727873,borderline,Normal
subject11,lurching,trial6,left,0.20763563295378432,16.0,0.847887323943662,0.2755741127348643,Normal,subject11_lurching_trial6_pressure.csv,-0.7521258691556892,-0.3440261608637072,0.10115062831484423,-0.40052888867910397,0.9245010344433521,within_normal_range,Normal
subject11,lurching,trial7,right,0.2818148284765769,31.0,0.343952802359882,0.5429111531190927,Severe flat foot,subject11_lurching_trial7_pressure.csv,-0.026290433195930715,2.115256727774517,-1.4049952965518704,0.801197963779095,2.6628804276139837,borderline,Normal
subject11,lurching,trial7,left,0.298686464877213,20.0,0.7865013774104683,0.5318681318681319,Severe flat foot,subject11_lurching_trial7_pressure.csv,0.13879671119683198,0.31178260943981934,-0.08231803528153256,0.7515576477552739,0.8295107470191159,within_normal_range,Normal
subject11,lurching,trial8,right,0.289612097304405,37.0,0.3453928773318259,0.41701244813278004,Severe flat foot,subject11_lurching_trial8_pressure.csv,0.05000500218935975,3.098969883229807,-1.4006912392634767,0.23526121870884256,3.409310579308835,outside_normal_range,Normal
subject11,lurching,trial8,left,0.1367335865436788,11.0,1.1764705882352942,0.7048458149779735,Normal,subject11_lurching_trial8_pressure.csv,-1.4458947541351062,-1.1637871237431152,1.0832114383916698,1.5291226509824334,2.6375320304094485,borderline,Normal
subject11,lurching,trial9,right,0.3252,31.0,0.3220922229869236,0.5351993214588635,Severe flat foot,subject11_lurching_trial9_pressure.csv,0.3982287957463244,2.115256727774517,-1.4703316073771902,0.7665319288203216,2.7170468217736548,borderline,Normal
subject11,lurching,trial9,left,0.2163604030823948,20.0,1.0192572214580469,0.3382433169667213,Mild flat foot,subject11_lurching_trial9_pressure.csv,-0.666754933473287,0.31178260943981934,0.6133363622370369,-0.11881983167986097,0.9654378190762275,within_normal_range,Normal
subject11,normal,trial10,right,0.19984012789768185,13.0,0.5204918032786885,0.5796038151137197,Normal,subject11_normal_trial10_pressure.csv,-0.8284040462246769,-0.8358827385913521,-0.8773602856019481,0.9661379105359722,1.75730952009108,within_normal_range,Normal
subject11,normal,trial10,left,0.18382352941176472,9.0,0.669683257918552,0.47359454855195915,Normal,subject11_normal_trial10_pressure.csv,-0.9851247367455925,-1.4916915088948786,-0.4314608843770406,0.4896076771886953,1.9030208819050514,within_normal_range,Normal
subject11,normal,trial11,right,0.1412639405204461,10.0,0.4988344988344988,0.6734417344173442,Normal,subject11_normal_trial11_pressure.csv,-1.401565728582806,-1.327739316318997,-0.9420890537952799,1.387955804696455,2.557583094389811,borderline,Normal
subject11,normal,trial11,left,0.21394230769230768,10.0,0.40784313725490196,0.6251067463706235,Mild flat foot,subject11_normal_trial11_pressure.csv,-0.6904157363343381,-1.327739316318997,-1.2140415844742074,1.170681561795032,2.2547633731806145,borderline,Normal
subject11,normal,trial12,right,0.23372781065088757,14.0,0.5526992287917738,0.5132075471698113,Mild flat foot,subject11_normal_trial12_pressure.csv,-0.49681672161853,-0.6719305460154704,-0.7810995997205246,0.6676750489118353,1.3244712413530986,within_normal_range,Normal
subject11,normal,trial12,left,0.2520458265139116,10.0,0.740484429065744,0.4581430745814308,Mild flat foot,subject11_normal_trial12_pressure.csv,-0.31757691002242716,-1.327739316318997,-0.2198522510490588,0.4201505935247351,1.4452018265312134,within_normal_range,Normal
subject11,normal,trial13,right,0.3680456490727532,18.0,0.6824427480916031,0.1644004944375772,Severe flat foot,subject11_normal_trial13_pressure.csv,0.8174688556381184,-0.016121775711943915,-0.3933256638187823,-0.9002737882290202,1.278167912748993,within_normal_range,Normal
subject11,normal,trial13,left,0.2652303120356612,12.0,1.0681362725450902,0.6162706983441324,Severe flat foot,subject11_normal_trial13_pressure.csv,-0.1885681397177693,-0.9998349311672337,0.7594247535913947,1.130961977229484,1.700302556371948,within_normal_range,Normal
subject11,normal,trial14,right,0.27503250975292587,16.0,1.0091603053435114,0.4473835537665325,Severe flat foot,subject11_normal_trial14_pressure.csv,-0.09265469116481999,-0.3440261608637072,0.5831589713096714,0.37178466164989044,0.7779698654900119,within_normal_range,Normal
subject11,normal,trial14,left,0.25379939209726443,12.0,1.028,0.5163204747774481,Mild flat foot,subject11_normal_trial14_pressure.csv,-0.3004184597223583,-0.9998349311672337,0.6394665432605366,0.6816682041082834,1.40125306100145,within_normal_range,Normal
subject11,normal,trial15,left,0.26042841037204056,18.0,0.7707006369426752,0.5799136069114471,Severe flat foot,subject11_normal_trial15_pressure.csv,-0.2355542301287802,-0.016121775711943915,-0.12954286280604796,0.9675304789636964,1.0043118479891466,within_normal_range,Normal
subject11,normal,trial15,right,0.139186295503212,13.0,0.6936708860759494,0.4892367906066536,Normal,subject11_normal_trial15_pressure.csv,-1.4218952612263678,-0.8358827385913521,-0.35976730743586316,0.5599222968267386,1.7786038290064374,within_normal_range,Normal
subject11,normal,trial16,right,0.34206798866855526,18.0,0.7791411042944786,0.25319537431527694,Severe flat foot,subject11_normal_trial16_pressure.csv,0.5632802474736909,-0.016121775711943915,-0.10431622132505604,-0.5011252401772134,0.7612837376565563,within_normal_range,Normal
subject11,normal,trial16,left,0.23957481602616518,11.0,0.7486631016042781,0.4642201834862385,Mild flat foot,subject11_normal_trial16_pressure.csv,-0.43960440399074374,-1.1637871237431152,-0.19540805485464408,0.44746826318145033,1.3364372996347524,within_normal_range,Normal
subject11,normal,trial17,right,0.23672971323978034,17.0,0.7342398022249691,0.3740926856504746,Mild flat foot,subject11_normal_trial17_pressure.csv,-0.4674434282178458,-0.18007396828782554,-0.23851602355463566,0.04232936384135195,0.5564275884376206,within_normal_range,Normal
subject11,normal,trial17,left,0.2323076923076923,11.0,0.8023255813953488,0.6229271809661139,Mild flat foot,subject11_normal_trial17_pressure.csv,-0.5107124266000012,-1.1637871237431152,-0.03502308062912538,1.160884033291224,1.7216579239213545,within_normal_range,Normal
subject11,normal,trial18,right,0.23927905531385954,16.0,0.7431551499348109,0.5087108013937283,Mild flat foot,subject11_normal_trial18_pressure.csv,-0.44249839069474045,-0.3440261608637072,-0.2118700724502209,0.6474613885076117,0.882187056317606,within_normal_range,Normal
subject11,normal,trial18,left,0.2856025039123631,13.0,0.7572463768115942,0.5213483146067416,Severe flat foot,subject11_normal_trial18_pressure.csv,0.010771562850699204,-0.8358827385913521,-0.16975459310155894,0.7042692253660815,1.1061770847915995,within_normal_range,Normal
subject11,normal,trial19,right,0.3363013698630137,17.0,0.9498327759197325,0.29812914906457455,Severe flat foot,subject11_normal_trial19_pressure.csv,0.5068545037697446,-0.18007396828782554,0.40584244932740193,-0.29914004717541054,0.7372387561345174,within_normal_range,Normal
subject11,normal,trial19,left,0.21801665404996215,10.0,0.7783094098883573,0.5473984319315752,Mild flat foot,subject11_normal_trial19_pressure.csv,-0.6505486962037867,-1.327739316318997,-0.10680196716476784,0.8213690685226679,1.6947445545414046,within_normal_range,Normal
subject11,normal,trial1,right,0.3164179104477612,15.0,0.8590831918505942,0.12386917188587332,Severe flat foot,subject11_normal_trial1_pressure.csv,0.31229699567944064,-0.5079783534395889,0.13461253675956794,-1.0824691869886627,1.2431538508593145,within_normal_range,Normal
subject11,normal,trial1,left,0.2287878787878788,11.0,0.5953420669577875,0.5965665236051503,Mild flat foot,subject11_normal_trial1_pressure.csv,-0.5451534226588745,-1.1637871237431152,-0.6536498335750343,1.0423882582441508,1.7791638793222233,within_normal_range,Normal
subject11,normal,trial20,right,0.2742382271468144,15.0,1.1126760563380282,0.2654494382022472,Severe flat foot,subject11_normal_trial20_pressure.csv,-0.10042666088785414,-0.5079783534395889,0.8925440597332848,-0.4460410752461378,1.1241508177963417,within_normal_range,Normal
subject11,normal,trial20,left,0.23325262308313155,12.0,0.7412140575079872,0.3919597989949749,Mild flat foot,subject11_normal_trial20_pressure.csv,-0.501466380771262,-0.9998349311672337,-0.21767155721308634,0.12264516987833295,1.1461069606018761,within_normal_range,Normal
subject11,normal,trial2,right,0.24653537563822028,16.0,0.64822695035461,0.22123893805309736,Mild flat foot,subject11_normal_trial2_pressure.csv,-0.37149607813288865,-0.3440261608637072,-0.49558891850844605,-0.6447750221525648,0.9579700103692966,within_normal_range,Normal
subject11,normal,trial2,left,0.23120452708164915,11.0,0.33705080545229243,0.6344322344322344,Mild flat foot,subject11_normal_trial2_pressure.csv,-0.5215067794793694,-1.1637871237431152,-1.4256237990071847,1.2126012651021736,2.2647681636000376,borderline,Normal
subject11,normal,trial3,right,0.2147324530924253,13.0,0.7156462585034014,0.5312101910828025,Mild flat foot,subject11_normal_trial3_pressure.csv,-0.682684248726202,-0.8358827385913521,-0.2940879062211708,0.748600088608508,1.3459745634238618,within_normal_range,Normal
subject11,normal,trial3,left,0.35219594594594594,14.0,0.978448275862069,0.4539325842696629,Severe flat foot,subject11_normal_trial3_pressure.csv,0.6623812182244172,-0.6719305460154704,0.4913676848098226,0.401223701604355,1.1369530321563759,within_normal_range,Normal
subject11,normal,trial4,right,0.20519653564290474,14.0,0.7894021739130435,0.45915492957746484,Normal,subject11_normal_trial4_pressure.csv,-0.7759921735489012,-0.6719305460154704,-0.07364821282624599,0.42469905907885536,1.113304927732183,within_normal_range,Normal
subject11,normal,trial4,left,0.2287145242070117,11.0,0.6887755102040817,0.5477505919494869,Mild flat foot,subject11_normal_trial4_pressure.csv,-0.5458711893292741,-1.1637871237431152,-0.3743984749870201,0.8229520895259618,1.5715597934720085,within_normal_range,Normal
subject11,normal,trial5,right,0.1740976645435244,15.0,0.695364238410596,0.48664688427299707,Normal,subject11_normal_trial5_pressure.csv,-1.080291276595109,-0.5079783534395889,-0.354706261587732,0.5482802139263168,1.3606979734104545,within_normal_range,Normal
subject11,normal,trial5,left,0.2578125,14.0,0.6457627118644068,0.3360730593607306,Mild flat foot,subject11_normal_trial5_pressure.csv,-0.2611506312752217,-0.6719305460154704,-0.5029539681348432,-0.12857551999795638,0.8883606639701156,within_normal_range,Normal
subject11,normal,trial6,right,0.2218798151001541,13.0,1.2197392923649908,0.522972972972973,Mild flat foot,subject11_normal_trial6_pressure.csv,-0.6127480815531837,-0.8358827385913521,1.212531775872006,0.7115723494747537,1.7466335277208058,within_normal_range,Normal
subject11,normal,trial6,left,0.576797385620915,12.0,0.8767123287671232,0.693661971830986,Severe flat foot,subject11_normal_trial6_pressure.csv,2.8600821063875848,-0.9998349311672337,0.18730202634305385,1.4788493158542406,3.3766576511300936,outside_normal_range,Normal
subject11,normal,trial7,right,0.2593320235756385,16.0,0.6529562982005142,0.3293697978596909,Mild flat foot,subject11_normal_trial7_pressure.csv,-0.2462822568044334,-0.3440261608637072,-0.48145397104940096,-0.15870785531995663,0.6602992192595747,within_normal_range,Normal
subject11,normal,trial7,left,0.20662460567823343,11.0,0.6967840735068913,0.6072992700729927,Normal,subject11_normal_trial7_pressure.csv,-0.7620186621166374,-1.1637871237431152,-0.35046269669452523,1.0906338347362627,1.8020486047968372,within_normal_range,Normal
subject11,normal,trial8,right,0.23247978436657682,16.0,0.589937106918239,0.40711743772241993,Mild flat foot,subject11_normal_trial8_pressure.csv,-0.5090285243453956,-0.3440261608637072,-0.669804032561142,0.1907814126243854,0.9287082574167173,within_normal_range,Normal
subject11,normal,trial8,left,0.19262981574539365,9.0,0.46526867627785057,0.5697074010327022,Normal,subject11_normal_trial8_pressure.csv,-0.8989561737798213,-1.4916915088948786,-1.0424096801727092,0.92165179470589,2.2291984505844904,borderline,Normal
subject11,normal,trial9,right,0.20266272189349113,13.0,0.5818181818181818,0.49390243902439024,Normal,subject11_normal_trial9_pressure.csv,-0.8007852680882097,-0.8358827385913521,-0.6940696572207065,0.5808952042086144,1.4693974702608963,within_normal_range,Normal
subject11,normal,trial9,left,0.2569444444444444,13.0,0.6338028169014085,0.6376180101670298,Mild flat foot,subject11_normal_trial9_pressure.csv,-0.26964446136010556,-0.8358827385913521,-0.5386993800660221,1.2269218853982276,1.6021680383685784,within_normal_range,Normal
subject11,steppage,trial10,right,0.315839243498818,24.0,0.6871628910463862,0.2876344086021505,Severe flat foot,subject11_steppage_trial10_pressure.csv,0.30663480193088966,0.9675913797433459,-0.3792182276903905,-0.34631574495806094,1.1375407857863056,within_normal_range,Normal
subject11,steppage,trial10,left,0.2727272727272727,20.0,0.6808988764044944,0.516352824578791,Severe flat foot,subject11_steppage_trial10_pressure.csv,-0.11521118708949496,0.31178260943981934,-0.39793994593374404,0.6818136221352409,0.8565675858206413,within_normal_range,Normal
subject11,steppage,trial11,right,0.3125904486251809,25.0,0.645610278372591,0.2681922196796339,Severe flat foot,subject11_steppage_trial11_pressure.csv,0.2748456941247035,1.1315435723192275,-0.5034095572494568,-0.43371179178035496,1.3406931462102987,within_normal_range,Normal
subject11,steppage,trial11,left,0.3149768399382398,20.0,1.0333333333333334,0.392470051340559,Severe flat foot,subject11_steppage_trial11_pressure.csv,0.29819627600790155,0.31178260943981934,0.6554066662763409,0.12493884360321936,0.7945420236931839,within_normal_range,Normal
subject11,steppage,trial12,right,0.19909044972208187,21.0,0.4461538461538462,0.5568807339449542,Normal,subject11_steppage_trial12_pressure.csv,-0.8357395664009363,0.47573480201570095,-1.0995395695982393,0.8639936780276521,1.6971318644940279,within_normal_range,Normal
subject11,steppage,trial12,left,0.26785714285714285,20.0,1.0489913544668588,0.3624480095068331,Severe flat foot,subject11_steppage_trial12_pressure.csv,-0.1628648831501404,0.31178260943981934,0.7022049380986759,-0.010015496376599924,0.7854460204052515,within_normal_range,Normal
subject11,steppage,trial13,right,0.28529121421520237,18.0,1.2962447844228095,0.20188425302826385,Severe flat foot,subject11_steppage_trial13_pressure.csv,0.007725626703022856,-0.016121775711943915,1.441189329894428,-0.7317777236180412,1.6164296824623128,within_normal_range,Normal
subject11,steppage,trial13,left,0.2695443645083933,22.0,0.7478260869565218,0.5153970826580228,Severe flat foot,subject11_steppage_trial13_pressure.csv,-0.14635560107765105,0.6396869945915826,-0.19790970168925637,0.6775173946893308,0.9637517746524573,within_normal_range,Normal
subject11,steppage,trial14,right,0.2354771784232365,20.0,0.3896210873146623,0.31298904538341155,Mild flat foot,subject11_steppage_trial14_pressure.csv,-0.4796993464468528,0.31178260943981934,-1.2685031565331222,-0.2323422087411048,1.4108164369002194,within_normal_range,Normal
subject11,steppage,trial14,left,0.2641118591403418,19.0,0.7579318448883666,0.4319088319088319,Severe flat foot,subject11_steppage_trial14_pressure.csv,-0.19951208079387853,0.14783041686393772,-0.16770588457646673,0.30222307465845405,0.4255854239873041,within_normal_range,Normal
subject11,steppage,trial15,left,0.23803604723430702,16.0,0.9179856115107914,0.4195056780227121,Mild flat foot,subject11_steppage_trial15_pressure.csv,-0.4546610908287192,-0.3440261608637072,0.3106585021305787,0.24646872405032652,0.6944971157270511,within_normal_range,Normal
subject11,steppage,trial15,right,0.40899932840832776,24.0,0.7523809523809524,0.7157434402332361,Severe flat foot,subject11_steppage_trial15_pressure.csv,1.2181961954966274,0.9675913797433459,-0.18429624259190824,1.5781093865221612,2.2236522636731975,borderline,Normal
subject11,steppage,trial16,right,0.20468839336763864,16.0,0.40595744680851065,0.36020011117287387,Normal,subject11_steppage_trial16_pressure.csv,-0.7809642909640061,-0.3440261608637072,-1.219677485290183,-0.020120193374937048,1.4887166330181052,within_normal_range,Normal
subject11,steppage,trial16,left,0.3300546448087432,23.0,0.6855263157894737,0.47119078104993595,Severe flat foot,subject11_steppage_trial16_pressure.csv,0.4457309721496962,0.8036391871674642,-0.38410957973785426,0.47880232096085673,1.1051261803471086,within_normal_range,Normal
subject11,steppage,trial17,right,0.25309961522017954,26.0,0.6110197368421053,0.3825950607604861,Mild flat foot,subject11_steppage_trial17_pressure.csv,-0.3072657010691239,1.295495764895109,-0.6067928360955606,0.08054903016476146,1.465403418895985,within_normal_range,Normal
subject11,steppage,trial17,left,0.28249885163068444,26.0,0.6993927125506073,0.5047951176983435,Severe flat foot,subject11_steppage_trial17_pressure.csv,-0.019597340331157585,1.295495764895109,-0.342666066583151,0.6298597039983737,1.4808229511044548,within_normal_range,Normal
subject11,steppage,trial18,left,0.31643002028397565,21.0,0.9754098360655737,0.4666666666666667,Severe flat foot,subject11_steppage_trial18_pressure.csv,0.31241548912205863,0.47573480201570095,0.4822864777850261,0.4584656338704591,0.8756243622620499,within_normal_range,Normal
subject11,steppage,trial18,right,0.3568010936431989,26.0,0.9281437125748503,0.7076689445709947,Severe flat foot,subject11_steppage_trial18_pressure.csv,0.7074420922732281,1.295495764895109,0.3410187609870916,1.5418131133105377,2.161542287928365,borderline,Normal
subject11,steppage,trial19,left,0.2971991701244813,20.0,0.7444987775061125,0.546,Severe flat foot,subject11_steppage_trial19_pressure.csv,0.12424369228578216,0.31178260943981934,-0.20785427455510094,0.8150828718882862,0.9056535640731452,within_normal_range,Normal
subject11,steppage,trial19,right,0.4584415584415584,24.0,1.5261627906976745,0.7276190476190476,Severe flat foot,subject11_steppage_trial19_pressure.csv,1.701983089356455,0.9675913797433459,2.1283620743137566,1.6314923231487855,3.3203421261188657,outside_normal_range,Normal
subject11,steppage,trial1,right,0.21491002570694087,18.0,0.6363636363636364,0.48788368336025845,Mild flat foot,subject11_steppage_trial1_pressure.csv,-0.6809467198252339,-0.016121775711943915,-0.5310456718318014,0.5538398425962594,1.0260099530273528,within_normal_range,Normal
subject11,steppage,trial1,left,0.23489519112207152,20.0,0.9480337078651685,0.3492276695768972,Mild flat foot,subject11_steppage_trial1_pressure.csv,-0.4853940294841518,0.31178260943981934,0.4004654431829857,-0.06944324147916955,0.7056987277718757,within_normal_range,Normal
subject11,steppage,trial20,right,0.24821109123434704,22.0,0.6048317515099223,0.37763975155279506,Mild flat foot,subject11_steppage_trial20_pressure.csv,-0.3550993815700969,0.6396869945915826,-0.6252873199858708,0.05827404676344522,0.9641966183836043,within_normal_range,Normal
subject11,steppage,trial20,left,0.29411764705882354,20.0,1.0162381596752368,0.3960504662643993,Severe flat foot,subject11_steppage_trial20_pressure.csv,0.09409132109843867,0.31178260943981934,0.6043130716976046,0.14103343622209843,0.7008183009970269,within_normal_range,Normal
subject11,steppage,trial2,right,0.33028641072516757,21.0,1.261168384879725,0.12023121387283242,Severe flat foot,subject11_steppage_trial2_pressure.csv,0.4479987766709357,0.47573480201570095,1.3363539317066293,-1.0988224458790257,1.8493996604581995,within_normal_range,Normal
subject11,steppage,trial2,left,0.2360655737704918,18.0,0.7944827586206896,0.2769659011830202,Mild flat foot,subject11_steppage_trial2_pressure.csv,-0.47394196136897715,-0.016121775711943915,-0.05846349809522861,-0.3942725556670895,0.6194753612212259,within_normal_range,Normal
subject11,steppage,trial3,right,0.27110467920887604,23.0,0.6020992366412213,0.40696117804551535,Severe flat foot,subject11_steppage_trial3_pressure.csv,-0.13108808984518805,0.8036391871674642,-0.6334541868264222,0.19007899798920133,1.049006321589601,within_normal_range,Normal
subject11,steppage,trial3,left,0.2629668049792531,20.0,1.0790190735694822,0.485981308411215,Severe flat foot,subject11_steppage_trial3_pressure.csv,-0.21071631238946062,0.31178260943981934,0.7919509761698935,0.5452883337727026,1.0325383651279856,within_normal_range,Normal
subject11,steppage,trial4,left,0.596100278551532,19.0,0.584192439862543,0.7103935418768921,Severe flat foot,subject11_steppage_trial4_pressure.csv,3.0489588339772493,0.14783041686393772,-0.6869735387272603,1.554060655738352,3.493571377267602,outside_normal_range,Normal
subject11,steppage,trial4,right,0.4745387453874539,24.0,0.44543828264758495,0.704422032583398,Severe flat foot,subject11_steppage_trial4_pressure.csv,1.8594923292754792,0.9675913797433459,-1.1016782265323812,1.5272176748428437,2.8178065125121514,borderline,Normal
subject11,steppage,trial5,right,0.1517010596765198,17.0,0.44254278728606355,0.5896180215475024,Normal,subject11_steppage_trial5_pressure.csv,-1.2994396421589518,-0.18007396828782554,-1.1103322050800704,1.0111535236370977,1.9940509200295762,within_normal_range,Normal
subject11,steppage,trial5,left,0.25118984664198835,20.0,0.698237885462555,0.452156668319286,Mild flat foot,subject11_steppage_trial5_pressure.csv,-0.3259525808440296,0.31178260943981934,-0.34611758267918896,0.39324064814416343,0.6912952111077535,within_normal_range,Normal
subject11,steppage,trial6,left,0.2370731707317073,20.0,0.8232044198895028,0.6158098396904367,Mild flat foot,subject11_steppage_trial6_pressure.csv,-0.4640827336642111,0.31178260943981934,0.027379029500359402,1.1288903368068255,1.2600492780151733,within_normal_range,Normal
subject11,steppage,trial6,right,0.27107521453811206,24.0,0.48325358851674644,0.3375204806116876,Severe flat foot,subject11_steppage_trial6_pressure.csv,-0.1313763984740247,0.9675913797433459,-0.9886568588883768,-0.12206910778663806,1.3949322879381978,within_normal_range,Normal
subject11,steppage,trial7,right,0.29001505268439537,24.0,0.638004246284501,0.3918770581778266,Severe flat foot,subject11_steppage_trial7_pressure.csv,0.053947877167260544,0.9675913797433459,-0.5261422610893893,0.12227323540334002,1.1094682846322113,within_normal_range,Normal
subject11,steppage,trial7,left,0.43427230046948356,24.0,0.45045045045045046,0.4151873767258383,Severe flat foot,subject11_steppage_trial7_pressure.csv,1.4654895041490699,0.9675913797433459,-1.0866979944035948,0.22705720285595749,2.077585153329289,borderline,Normal
subject11,steppage,trial8,right,0.28769746290090953,23.0,0.4727592267135325,0.38383838383838387,Severe flat foot,subject11_steppage_trial8_pressure.csv,0.03127051083810628,0.8036391871674642,-1.0200221247850492,0.08613798531606891,1.301798246874137,within_normal_range,Normal
subject11,steppage,trial8,left,0.2717136150234742,17.0,0.6743620899149453,0.49339207048458145,Severe flat foot,subject11_steppage_trial8_pressure.csv,-0.12512971850743812,-0.18007396828782554,-0.4174769173283926,0.5786010081703228,0.7464249350513467,within_normal_range,Normal
subject11,steppage,trial9,right,0.21409066084107045,20.0,0.3885245901639344,0.5225311601150527,Mild flat foot,subject11_steppage_trial9_pressure.csv,-0.6889641167575912,0.31178260943981934,-1.2717803376835748,0.709586323242246,1.6409807820872453,within_normal_range,Normal
subject11,steppage,trial9,left,0.29290953545232273,22.0,1.006418485237484,0.48011100832562437,Severe flat foot,subject11_steppage_trial9_pressure.csv,0.08227007919344767,0.6396869945915826,0.5749642932264311,0.5189003060055705,1.0078736443811553,within_normal_range,Normal
subject11,stiff-legged,trial10,left,0.13509316770186336,8.0,0.25471698113207547,0.6053019145802652,Normal,subject11_stiff-legged_trial10_pressure.csv,-1.461946075759912,-1.6556437014707601,-1.6717009155120333,1.0816553717216886,2.9737189996278666,borderline,Normal
subject11,stiff-legged,trial10,right,0.36176470588235293,16.0,0.6870229007633588,0.19877467665078286,Severe flat foot,subject11_stiff-legged_trial10_pressure.csv,0.7560105032427776,-0.3440261608637072,-0.37963662687772926,-0.7457558144475717,1.179059618349081,within_normal_range,Normal
subject11,stiff-legged,trial11,right,0.38660110633066996,20.0,0.9365942028985508,0.14605418138987047,Severe flat foot,subject11_stiff-legged_trial11_pressure.csv,0.9990320057007849,0.31178260943981934,0.3662753588565255,-0.9827436809208302,1.4816261758145794,within_normal_range,Normal
subject11,stiff-legged,trial11,left,0.19862490450725745,12.0,0.2638753651411879,0.5519203413940257,Normal,subject11_stiff-legged_trial11_pressure.csv,-0.8402948761691209,-0.9998349311672337,-1.6443285840624282,0.8416958441075304,2.2623071751755783,borderline,Normal
subject11,stiff-legged,trial12,right,0.3629807692307692,19.0,0.9736842105263158,0.13022700119474317,Severe flat foot,subject11_stiff-legged_trial12_pressure.csv,0.7679095520856734,0.14783041686393772,0.4771289746522165,-1.0538896299140665,1.396379004005599,within_normal_range,Normal
subject11,stiff-legged,trial12,left,0.27433050293925537,14.0,0.5189393939393939,0.5200246457178066,Severe flat foot,subject11_stiff-legged_trial12_pressure.csv,-0.09952375220081737,-0.6719305460154704,-0.8820000848218053,0.6983191017120212,1.3141420598102527,within_normal_range,Normal
subject11,stiff-legged,trial13,left,0.17309145880574453,9.0,0.3154228855721393,0.564327485380117,Normal,subject11_stiff-legged_trial13_pressure.csv,-1.090136891328451,-1.4916915088948786,-1.4902647434069838,0.8974681309143713,2.5376918747147292,borderline,Normal
subject11,stiff-legged,trial13,right,0.41005098324836126,18.0,1.0302325581395348,0.11824080749819754,Severe flat foot,subject11_stiff-legged_trial13_pressure.csv,1.2284865247987342,-0.016121775711943915,0.6461391528950591,-1.1077696713898075,1.7759753666701585,within_normal_range,Normal
subject11,stiff-legged,trial14,left,0.20922229869236064,12.0,0.325626204238921,0.503242542153048,Normal,subject11_stiff-legged_trial14_pressure.csv,-0.7366005158545996,-0.9998349311672337,-1.459769339397368,0.6228806048037017,2.0152312476797056,borderline,Normal
subject11,stiff-legged,trial14,right,0.2775193798449612,19.0,0.6012461059190031,0.23809523809523814,Severe flat foot,subject11_stiff-legged_trial14_pressure.csv,-0.06832093525514399,0.14783041686393772,-0.6360040009503074,-0.5690029990740603,0.8687848321214965,within_normal_range,Normal
subject11,stiff-legged,trial15,right,0.3575453976205385,18.0,0.5928677563150074,0.2383031815346226,Severe flat foot,subject11_stiff-legged_trial15_pressure.csv,0.7147250264985375,-0.016121775711943915,-0.6610449865797643,-0.5680682568679609,1.1272860302064804,within_normal_range,Normal
subject11,stiff-legged,trial15,left,0.21012269938650308,9.0,0.3147208121827411,0.5379222434671765,Mild flat foot,subject11_stiff-legged_trial15_pressure.csv,-0.7277901920735802,-1.4916915088948786,-1.4923630814431956,0.7787719404918664,2.3639914178227626,borderline,Normal
subject11,stiff-legged,trial16,left,0.2607830126078301,14.0,0.4618181818181818,0.6097560975609756,Severe flat foot,subject11_stiff-legged_trial16_pressure.csv,-0.2320844854572096,-0.6719305460154704,-1.0527224250762974,1.101677704900768,1.6814494154724162,within_normal_range,Normal
subject11,stiff-legged,trial16,right,0.3762010347376201,19.0,0.3073654390934844,0.23188405797101452,Severe flat foot,subject11_stiff-legged_trial16_pressure.csv,0.8972684256895325,0.14783041686393772,-1.5143466224187991,-0.5969233423605962,1.8645395220739378,within_normal_range,Normal
subject11,stiff-legged,trial17,right,0.31163434903047094,18.0,0.4833091436865022,0.28125,Severe flat foot,subject11_stiff-legged_trial17_pressure.csv,0.265490362602754,-0.016121775711943915,-0.9884908170933636,-0.37501478061448323,1.0901812810006795,within_normal_range,Normal
subject11,stiff-legged,trial17,left,0.16068515497553018,12.0,0.2565922920892495,0.681058495821727,Normal,subject11_stiff-legged_trial17_pressure.csv,-1.2115312376244547,-0.9998349311672337,-1.666096036633863,1.4221944821923174,2.6955502180051054,borderline,Normal
subject11,stiff-legged,trial18,left,0.20733333333333334,13.0,0.3169734151329243,0.5584691708008505,Normal,subject11_stiff-legged_trial18_pressure.csv,-0.7550838383713716,-0.8358827385913521,-1.4856305624185049,0.8711339800988552,2.0578688332640196,borderline,Normal
subject11,stiff-legged,trial18,right,0.3885832187070151,19.0,0.5561056105610561,0.21399176954732513,Severe flat foot,subject11_stiff-legged_trial18_pressure.csv,1.0184267617461462,0.14783041686393772,-0.7709186976378085,-0.6773523147909464,1.453330209522645,within_normal_range,Normal
subject11,stiff-legged,trial19,left,0.15254237288135594,10.0,0.2597835137385512,0.6605293440736479,Normal,subject11_stiff-legged_trial19_pressure.csv,-1.2912074830945777,-1.327739316318997,-1.656558199322507,1.3299123469580891,2.818325810624611,borderline,Normal
subject11,stiff-legged,trial19,right,0.36100861008610086,22.0,0.33408071748878926,0.21624780829924017,Severe flat foot,subject11_stiff-legged_trial19_pressure.csv,0.7486121873398862,0.6396869945915826,-1.4345007179145597,-0.6672110251871338,1.863486656757186,within_normal_range,Normal
subject11,stiff-legged,trial1,right,0.31179775280898875,21.0,0.6707768187422934,0.18405564472980207,Severe flat foot,subject11_stiff-legged_trial1_pressure.csv,0.2670892509700659,0.47573480201570095,-0.4281924792415963,-0.811920442724333,1.067812658861755,within_normal_range,Normal
subject11,stiff-legged,trial1,left,0.18742216687422167,17.0,0.37074148296593185,0.6195326542840024,Normal,subject11_stiff-legged_trial1_pressure.csv,-0.9499124569006193,-0.18007396828782554,-1.3249300094972107,1.1456250408993869,2.0006640333229107,borderline,Normal
subject11,stiff-legged,trial20,left,0.16666666666666666,9.0,0.29660144181256437,0.5485175202156334,Normal,subject11_stiff-legged_trial20_pressure.csv,-1.1530027901879976,-1.4916915088948786,-1.546517767568733,0.8263995665011418,2.574725702052442,borderline,Normal
subject11,stiff-legged,trial20,right,0.3444515715202053,18.0,0.5630252100840336,0.23956442831215974,Severe flat foot,subject11_stiff-legged_trial20_pressure.csv,0.5866033488645923,-0.016121775711943915,-0.7502375849597409,-0.5623987315453032,1.1061248427195056,within_normal_range,Normal
subject11,stiff-legged,trial2,left,0.15456362425049966,12.0,0.392570281124498,0.5188387893761581,Normal,subject11_stiff-legged_trial2_pressure.csv,-1.2714297562216044,-0.9998349311672337,-1.2596886855094542,0.6929884696122993,2.1640822807841777,borderline,Normal
subject11,stiff-legged,trial2,right,0.42865966646077824,20.0,0.49053627760252366,0.42125237191650855,Severe flat foot,subject11_stiff-legged_trial2_pressure.csv,1.4105704850915033,0.31178260943981934,-0.9668905539046626,0.2543204192444647,1.7568362780393416,within_normal_range,Normal
subject11,stiff-legged,trial3,left,0.18527918781725888,13.0,0.3037300177619893,0.5446703635243376,Normal,subject11_stiff-legged_trial3_pressure.csv,-0.9708812760836918,-0.8358827385913521,-1.5252120717759823,0.8091059228859523,2.149938292897075,borderline,Normal
subject11,stiff-legged,trial3,right,0.4639438417358009,20.0,0.6641074856046065,0.29360100376411546,Severe flat foot,subject11_stiff-legged_trial3_pressure.csv,1.7558223385624325,0.31178260943981934,-0.4481256024881165,-0.31949485394507177,1.866283471889164,within_normal_range,Normal
subject11,stiff-legged,trial4,left,0.21925754060324826,15.0,0.36095764272559855,0.5216346153846154,Mild flat foot,subject11_stiff-legged_trial4_pressure.csv,-0.638406754975747,-0.5079783534395889,-1.3541716876843144,0.7055561975423134,1.7312410866133034,within_normal_range,Normal
subject11,stiff-legged,trial4,right,0.4106910039113429,19.0,0.5278637770897833,0.18800247371675938,Severe flat foot,subject11_stiff-legged_trial4_pressure.csv,1.2347490580287661,0.14783041686393772,-0.8553271288360474,-0.7941787546706681,1.705509736162846,within_normal_range,Normal
subject11,stiff-legged,trial5,left,0.15718157181571815,10.0,0.3619047619047619,0.6269554753309265,Normal,subject11_stiff-legged_trial5_pressure.csv,-1.2458134213594085,-1.327739316318997,-1.3513409633918472,1.178991922496715,2.5555991715430997,borderline,Normal
subject11,stiff-legged,trial5,right,0.43828264758497315,23.0,0.3399258343634116,0.18917378917378913,Severe flat foot,subject11_stiff-legged_trial5_pressure.csv,1.504730318590458,0.8036391871674642,-1.4170309900352036,-0.7889134863958756,2.3538076791815357,borderline,Normal
subject11,stiff-legged,trial6,left,0.18857142857142858,13.0,0.3172268907563025,0.6745718050065876,Normal,subject11_stiff-legged_trial6_pressure.csv,-0.9386670550174495,-0.8358827385913521,-1.4848729813026007,1.3930356700615958,2.3927373323280894,borderline,Normal
subject11,stiff-legged,trial6,right,0.433003300330033,20.0,0.44038155802861684,0.30106100795755963,Severe flat foot,subject11_stiff-legged_trial6_pressure.csv,1.4530724745094306,0.31178260943981934,-1.1167916288730182,-0.28596082758707847,1.8808575567972177,within_normal_range,Normal
subject11,stiff-legged,trial7,left,0.13348082595870206,7.0,0.23941068139963168,0.6964951528709917,Normal,subject11_stiff-legged_trial7_pressure.csv,-1.477722665999476,-1.819595894046642,-1.7174479718842686,1.4915849611982488,3.2663506743523674,outside_normal_range,Normal
subject11,stiff-legged,trial7,right,0.36791314837153194,19.0,0.7237654320987654,0.18181818181818177,Severe flat foot,subject11_stiff-legged_trial7_pressure.csv,0.8161723505525871,0.14783041686393772,-0.2698215388655262,-0.8219782306702492,1.1985170055064946,within_normal_range,Normal
subject11,stiff-legged,trial8,right,0.40960809102402024,18.0,0.44756277695716395,0.35380835380835385,Severe flat foot,subject11_stiff-legged_trial8_pressure.csv,1.2241528721017463,-0.016121775711943915,-1.0953285951621816,-0.04885226300622153,1.6434541188934506,within_normal_range,Normal
subject11,stiff-legged,trial8,left,0.18433931484502447,10.0,0.25106837606837606,0.6386418755052546,Normal,subject11_stiff-legged_trial8_pressure.csv,-0.9800778318530105,-1.327739316318997,-1.6826057680529307,1.2315243395455375,2.659183825568853,borderline,Normal
subject11,stiff-legged,trial9,left,0.18695652173913044,13.0,0.3898305084745763,0.6024744486282948,Normal,subject11_stiff-legged_trial9_pressure.csv,-0.9544687443778491,-0.8358827385913521,-1.267877244211033,1.0689454167000778,2.0880295847859704,borderline,Normal
subject11,stiff-legged,trial9,right,0.42375,20.0,0.6502546689303905,0.28727272727272724,Severe flat foot,subject11_stiff-legged_trial9_pressure.csv,1.3625299277511234,0.31178260943981934,-0.48952852784481365,-0.34794156592539127,1.5213144686221547,within_normal_range,Normal
subject11,trendelenburg,trial10,left,0.2448917352851479,29.0,0.5212514757969303,0.42189349112426033,Mild flat foot,subject11_trendelenburg_trial10_pressure.csv,-0.387578921898251,1.787352342622754,-0.8750897968408543,0.2572023624517162,2.0437174523804824,borderline,Normal
subject11,trendelenburg,trial10,right,0.3460790667530784,18.0,0.8194640338504936,0.17324561403508776,Severe flat foot,subject11_trendelenburg_trial10_pressure.csv,0.6025282143683162,-0.016121775711943915,0.016199864452533994,-0.8605134253617734,1.0507359095405995,within_normal_range,Normal
subject11,trendelenburg,trial11,left,0.22026431718061673,27.0,0.5138211382113821,0.3940163703076489,Mild flat foot,subject11_trendelenburg_trial11_pressure.csv,-0.628555554638534,1.4594479574709907,-0.8972973896838401,0.13188981838227204,1.829646948337177,within_normal_range,Normal
subject11,trendelenburg,trial11,right,0.22462941847206386,18.0,1.283236994219653,0.31859410430838997,Mild flat foot,subject11_trendelenburg_trial11_pressure.csv,-0.5858435088074019,-0.016121775711943915,1.4023119968940372,-0.20714648647951267,1.5339038861537653,within_normal_range,Normal
subject11,trendelenburg,trial12,left,0.16057660073751256,26.0,1.0299684542586751,0.311824434981985,Normal,subject11_trendelenburg_trial12_pressure.csv,-1.212593429147583,1.295495764895109,0.6453498063294612,-0.2375773366157717,1.9030531954404153,within_normal_range,Normal
subject11,trendelenburg,trial12,right,0.2630359212050985,19.0,0.6361556064073226,0.4893842887473461,Severe flat foot,subject11_trendelenburg_trial12_pressure.csv,-0.2100400175662988,0.14783041686393772,-0.5316674261620414,0.5605853268210224,0.8141847467364018,within_normal_range,Normal
subject11,trendelenburg,trial13,right,0.25557955363570917,17.0,1.4288389513108615,0.2450914014895057,Mild flat foot,subject11_trendelenburg_trial13_pressure.csv,-0.2829997708672222,-0.18007396828782554,1.8374832045269778,-0.5375540184053402,1.9436626132094752,within_normal_range,Normal
subject11,trendelenburg,trial13,left,0.23743016759776536,32.0,0.8444259567387687,0.3138155376961347,Mild flat foot,subject11_trendelenburg_trial13_pressure.csv,-0.4605895577934658,2.2792089203503987,0.09080538724318157,-0.22862698093682382,2.3382583172348346,borderline,Normal
subject11,trendelenburg,trial14,left,0.22506040731791507,26.0,0.663059163059163,0.38958403787622586,Mild flat foot,subject11_trendelenburg_trial14_pressure.csv,-0.5816263293864402,1.295495764895109,-0.451258800675856,0.11196570725196622,1.4942453910534752,within_normal_range,Normal
subject11,trendelenburg,trial14,right,0.24057971014492754,14.0,0.48982035928143713,0.31241084165477884,Mild flat foot,subject11_trendelenburg_trial14_pressure.csv,-0.4297716233081713,-0.6719305460154704,-0.9690302712997977,-0.23494133584257462,1.2768756418901732,within_normal_range,Normal
subject11,trendelenburg,trial15,left,0.21398305084745764,27.0,1.0992578849721706,0.2802370163820146,Mild flat foot,subject11_trendelenburg_trial15_pressure.csv,-0.6900170689509535,1.4594479574709907,0.8524401905672391,-0.37956831952208736,1.8646281891275387,within_normal_range,Normal
subject11,trendelenburg,trial15,right,0.21828358208955223,18.0,0.5751121076233184,0.33371298405466976,Mild flat foot,subject11_trendelenburg_trial15_pressure.csv,-0.6479368340958158,-0.016121775711943915,-0.7141125911493124,-0.13918447214705093,0.974377320525808,within_normal_range,Normal
subject11,trendelenburg,trial16,left,0.2415787682885335,26.0,0.9183501683501684,0.306657223796034,Mild flat foot,subject11_trendelenburg_trial16_pressure.csv,-0.41999594701372345,1.295495764895109,0.311748079792939,-0.26080485654924224,1.4212360503531332,within_normal_range,Normal
subject11,trendelenburg,trial16,right,0.34184308841843086,22.0,1.1290849673202614,0.2314148681055156,Severe flat foot,subject11_trendelenburg_trial16_pressure.csv,0.5610796227574746,0.6396869945915826,0.9415865709105675,-0.5990324330405145,1.403365569079148,within_normal_range,Normal
subject11,trendelenburg,trial17,left,0.28846153846153844,26.0,0.794912559618442,0.3546548448385054,Severe flat foot,subject11_trendelenburg_trial17_pressure.csv,0.03874690787566748,1.295495764895109,-0.05717892044963712,-0.04504713746194197,1.2981175883826512,within_normal_range,Normal
subject11,trendelenburg,trial17,right,0.2510795805058606,20.0,1.5336976320582878,0.0902167545401289,Mild flat foot,subject11_trendelenburg_trial17_pressure.csv,-0.327031523105722,0.31178260943981934,2.1508820052248963,-1.2337427011877709,2.5204310079405703,borderline,Normal
subject11,trendelenburg,trial18,left,0.2552504038772213,28.0,0.746090841399851,0.35151515151515156,Mild flat foot,subject11_trendelenburg_trial18_pressure.csv,-0.28622046579070215,1.6234001500468724,-0.20309595687099857,-0.05916060924174188,1.6619561208385905,within_normal_range,Normal
subject11,trendelenburg,trial18,right,0.21766233766233767,21.0,0.5955510616784631,0.31046119235095615,Mild flat foot,subject11_trendelenburg_trial18_pressure.csv,-0.6540156438818603,0.47573480201570095,-0.6530251957830551,-0.2437053511765993,1.0676583108891764,within_normal_range,Normal
subject11,trendelenburg,trial19,left,0.26179401993355483,28.0,0.5842068483577918,0.353518821603928,Severe flat foot,subject11_trendelenburg_trial19_pressure.csv,-0.22219188770316087,1.6234001500468724,-0.6869304750047468,-0.05015376101117394,1.77740995816022,within_normal_range,Normal
subject11,trendelenburg,trial19,right,0.23573369565217392,18.0,1.1465798045602607,0.3915915915915916,Mild flat foot,subject11_trendelenburg_trial19_pressure.csv,-0.47718935299943444,-0.016121775711943915,0.9938746692381408,0.12099001306473302,1.1092317303804256,within_normal_range,Normal
subject11,trendelenburg,trial1,left,0.26738122827346467,28.0,0.5230596175478065,0.41035527402919303,Severe flat foot,subject11_trendelenburg_trial1_pressure.csv,-0.16752165607534042,1.6234001500468724,-0.8696856714772959,0.2053360543160904,1.8606470957173604,within_normal_range,Normal
subject11,trendelenburg,trial1,right,0.237120935330654,27.0,0.9113043478260869,0.5619950825430278,Mild flat foot,subject11_trendelenburg_trial1_pressure.csv,-0.4636153622097812,1.4594479574709907,0.29068972118647624,0.8869835713634339,1.7933677577438645,within_normal_range,Normal
subject11,trendelenburg,trial20,left,0.27214377406931967,26.0,0.40240963855421685,0.4408060453400504,Severe flat foot,subject11_trendelenburg_trial20_pressure.csv,-0.12092065859012813,1.295495764895109,-1.2302810790420446,0.34221760843865906,1.8230840648498268,within_normal_range,Normal
subject11,trendelenburg,trial20,right,0.2698201199200533,18.0,0.9983471074380166,0.14400000000000002,Severe flat foot,subject11_trendelenburg_trial20_pressure.csv,-0.14365736408505683,-0.016121775711943915,0.5508407766582047,-0.9919775863028876,1.1438279778291356,within_normal_range,Normal
subject11,trendelenburg,trial2,left,0.21459694989106753,29.0,0.7240390131956397,0.27413127413127414,Mild flat foot,subject11_trendelenburg_trial2_pressure.csv,-0.6840101329520729,1.787352342622754,-0.2690038670519685,-0.40701470108731186,1.9749740013605916,within_normal_range,Normal
subject11,trendelenburg,trial2,right,0.2055103884372177,18.0,0.7162995594713656,0.5409356725146199,Normal,subject11_trendelenburg_trial2_pressure.csv,-0.7729211577717439,-0.016121775711943915,-0.2921353378844782,0.7923178322212188,1.144891973366889,within_normal_range,Normal
subject11,trendelenburg,trial3,left,0.20346062052505967,27.0,0.6195266272189349,0.2910769230769231,Normal,subject11_trendelenburg_trial3_pressure.csv,-0.7929779159456768,1.4594479574709907,-0.5813676712664436,-0.33084103902743317,1.7905994744895675,within_normal_range,Normal
subject11,trendelenburg,trial3,right,0.1449438202247191,17.0,0.6796628029504742,0.6015118790496761,Normal,subject11_trendelenburg_trial3_pressure.csv,-1.365558502154882,-0.18007396828782554,-0.40163428898005377,1.0646184977354518,1.7865887340592443,within_normal_range,Normal
subject11,trendelenburg,trial4,left,0.33463905987688863,32.0,0.6470588235294118,0.39234972677595625,Severe flat foot,subject11_trendelenburg_trial4_pressure.csv,0.49058897965646947,2.2792089203503987,-0.49908018450064345,0.12439796359614792,2.3874728759659805,borderline,Normal
subject11,trendelenburg,trial4,right,0.2171814671814672,22.0,1.687888198757764,0.13296652911508478,Mild flat foot,subject11_trendelenburg_trial4_pressure.csv,-0.6587209097271275,0.6396869945915826,2.611722617924807,-1.0415749717574496,2.9578854174448486,borderline,Normal
subject11,trendelenburg,trial5,left,0.2748930971288943,35.0,0.5826032540675845,0.35205992509363293,Severe flat foot,subject11_trendelenburg_trial5_pressure.csv,-0.09401882867034396,2.771065498078044,-0.691723254427249,-0.05671175652447572,2.85820587411519,borderline,Normal
subject11,trendelenburg,trial5,right,0.22972972972972974,18.0,0.8156748911465893,0.14895057549085988,Mild flat foot,subject11_trendelenburg_trial5_pressure.csv,-0.5359375126699687,-0.016121775711943915,0.004874976797908224,-0.969723881788402,1.1080961607408113,within_normal_range,Normal
subject11,trendelenburg,trial6,left,0.2564722126337591,26.0,0.4547820429407938,0.4518294729775092,Mild flat foot,subject11_trendelenburg_trial6_pressure.csv,-0.27426519874836075,1.295495764895109,-1.0737518474378938,0.39176984773563295,1.749273369024045,within_normal_range,Normal
subject11,trendelenburg,trial6,right,0.22214897824653923,17.0,0.5991332611050921,0.4269167126309984,Mild flat foot,subject11_trendelenburg_trial6_pressure.csv,-0.6101143491660385,-0.18007396828782554,-0.6423188146216281,0.27978262354017847,0.9463180909002966,within_normal_range,Normal
subject11,trendelenburg,trial7,left,0.24308131241084166,27.0,0.9325681492109039,0.36548223350253806,Mild flat foot,subject11_trendelenburg_trial7_pressure.csv,-0.40529371466436864,1.4594479574709907,0.3542423980347776,0.003623872289900745,1.5555552528690495,within_normal_range,Normal
subject11,trendelenburg,trial7,right,0.14304993252361672,13.0,0.7677018633540372,0.24406779661016953,Normal,subject11_trendelenburg_trial7_pressure.csv,-1.3840899892585146,-0.8358827385913521,-0.13850551653719176,-0.5421553017442953,1.711000058550933,within_normal_range,Normal
subject11,trendelenburg,trial8,left,0.17391304347826086,21.0,0.8674963396778916,0.3162217659137577,Normal,subject11_trendelenburg_trial8_pressure.csv,-1.0820977738272304,0.47573480201570095,0.15975752638155516,-0.2178105633610765,1.2125275678177336,within_normal_range,Normal
subject11,trendelenburg,trial8,right,0.23371390194761585,14.0,0.8345120226308345,0.24168363883231503,Mild flat foot,subject11_trendelenburg_trial8_pressure.csv,-0.4969528167814894,-0.6719305460154704,0.06117488800861006,-0.5528725088250163,1.0039238709748057,within_normal_range,Normal
subject11,trendelenburg,trial9,left,0.22644287396937574,29.0,0.5598388952819332,0.3729885057471264,Mild flat foot,subject11_trendelenburg_trial9_pressure.csv,-0.5680990421519156,1.787352342622754,-0.7597607568183455,0.0373658816471482,2.023857093543273,borderline,Normal
subject11,trendelenburg,trial9,right,0.33093894304771676,22.0,0.9365853658536586,0.29377519032691446,Severe flat foot,subject11_trendelenburg_trial9_pressure.csv,0.45438373514180236,0.6396869945915826,0.36624894693477344,-0.3187118548157626,0.9227023178371024,within_normal_range,Normal
subject12,antalgic,trial10,right,0.23561811505507957,19.0,0.5471092077087795,0.13834227787716158,Mild flat foot,subject12_antalgic_trial10_pressure.csv,-0.4783202966890932,0.14783041686393772,-0.7978069041687498,-1.0174100388690934,1.386457060967213,within_normal_range,Normal
subject12,antalgic,trial10,left,0.3110091743119266,14.0,0.8451882845188284,0.0655200655200655,Severe flat foot,subject12_antalgic_trial10_pressure.csv,0.25937309533950603,-0.6719305460154704,0.09308381197927837,-1.3447586469002104,1.5283342159750672,within_normal_range,Normal
subject12,antalgic,trial11,right,0.17436250861474845,16.0,0.6293436293436293,0.11981566820276501,Normal,subject12_antalgic_trial11_pressure.csv,-1.0776998058930682,-0.3440261608637072,-0.5520268797325615,-1.1006903964983077,1.6721375230140159,within_normal_range,Normal
subject12,antalgic,trial11,left,0.2583862194016319,12.0,0.6514886164623468,0.07817589576547235,Mild flat foot,subject12_antalgic_trial11_pressure.csv,-0.25553684874405197,-0.9998349311672337,-0.48584053869710786,-1.2878684717707214,1.7203532196240332,within_normal_range,Normal
subject12,antalgic,trial12,right,0.15429403202328967,15.0,0.40320962888665995,0.36747361887026686,Normal,subject12_antalgic_trial12_pressure.csv,-1.2740676871183905,-0.5079783534395889,-1.2278900894838076,0.012575498546227143,1.8409678687958244,within_normal_range,Normal
subject12,antalgic,trial12,left,0.4988009592326139,13.0,0.7266187050359713,0.75,Severe flat foot,subject12_antalgic_trial12_pressure.csv,2.0968954776857314,-0.8358827385913521,-0.26129375356239015,1.7320986267912697,2.857290792970988,borderline,Normal
subject12,antalgic,trial13,right,0.2791946308724832,18.0,0.4708029197080292,0.35131396957123096,Severe flat foot,subject12_antalgic_trial13_pressure.csv,-0.05192878444609638,-0.016121775711943915,-1.0258690824708745,-0.06006495734064973,1.0290634984179174,within_normal_range,Normal
subject12,antalgic,trial13,left,0.3319838056680162,16.0,0.42358078602620086,0.13112391930835732,Severe flat foot,subject12_antalgic_trial13_pressure.csv,0.4646076033056204,-0.3440261608637072,-1.1670053237128282,-1.0498578257913114,1.672817116231585,within_normal_range,Normal
subject12,antalgic,trial14,left,0.30485304169514693,16.0,0.6807228915662651,0.08706786171574898,Severe flat foot,subject12_antalgic_trial14_pressure.csv,0.1991360009596755,-0.3440261608637072,-0.39846592467817377,-1.2478975263370715,1.3689530582180849,within_normal_range,Normal
subject12,antalgic,trial14,right,0.41543026706231456,19.0,0.5242966751918159,0.7301231802911534,Severe flat foot,subject12_antalgic_trial14_pressure.csv,1.2811222373423188,0.14783041686393772,-0.8659883869104553,1.6427488384070617,2.2609041668135066,borderline,Normal
subject12,antalgic,trial15,right,0.14937106918238993,11.0,0.36490528414755735,0.5542014111610006,Normal,subject12_antalgic_trial15_pressure.csv,-1.322238348105678,-1.1637871237431152,-1.3423730833302567,0.8519496525112015,2.372867131521494,borderline,Normal
subject12,antalgic,trial15,left,0.33667883211678834,14.0,0.8824833702882483,0.04351464435146446,Severe flat foot,subject12_antalgic_trial15_pressure.csv,0.5105479312543106,-0.6719305460154704,0.20455035980106254,-1.4436768719241455,1.6846939214587717,within_normal_range,Normal
subject12,antalgic,trial16,right,0.3392857142857143,16.0,1.2,0.025083612040133763,Severe flat foot,subject12_antalgic_trial16_pressure.csv,0.5360559924059943,-0.3440261608637072,1.153535510520217,-1.5265275925546171,2.0165913545422955,borderline,Normal
subject12,antalgic,trial16,left,0.3169129720853859,14.0,0.6603415559772297,0.1332275971451229,Severe flat foot,subject12_antalgic_trial16_pressure.csv,0.3171411204645613,-0.6719305460154704,-0.4593811115248506,-1.0404014252052611,1.3585047957784733,within_normal_range,Normal
subject12,antalgic,trial17,right,0.38389121338912136,16.0,0.4875,0.3991683991683992,Severe flat foot,subject12_antalgic_trial17_pressure.csv,0.9725159952375972,-0.3440261608637072,-0.9759652986223547,0.1550490911029724,1.4285271593912645,within_normal_range,Normal
subject12,antalgic,trial17,left,0.3514285714285714,13.0,1.3668341708542713,0.7140864714086471,Severe flat foot,subject12_antalgic_trial17_pressure.csv,0.6548725412505371,-0.8358827385913521,1.6521649867683583,1.5706610212401455,2.5147928712133214,borderline,Normal
subject12,antalgic,trial18,right,0.18689320388349515,18.0,0.46329113924050636,0.3476151980598221,Normal,subject12_antalgic_trial18_pressure.csv,-0.9550883027732345,-0.016121775711943915,-1.0483200896058797,-0.07669158356490578,1.4203204522245452,within_normal_range,Normal
subject12,antalgic,trial18,left,0.21711057304277642,12.0,1.0528375733855186,0.030792917628945315,Mild flat foot,subject12_antalgic_trial18_pressure.csv,-0.6594146012359252,-0.9998349311672337,0.7137004136066417,-1.500863263267873,2.0485254016767036,borderline,Normal
subject12,antalgic,trial19,right,0.14742451154529307,15.0,0.327683615819209,0.3563025210084033,Normal,subject12_antalgic_trial19_pressure.csv,-1.341285204858241,-0.5079783534395889,-1.4536202030816312,-0.03764054429147827,2.042429071893673,borderline,Normal
subject12,antalgic,trial19,left,0.3033175355450237,16.0,0.4822888283378747,0.14428857715430865,Severe flat foot,subject12_antalgic_trial19_pressure.csv,0.1841112387195523,-0.3440261608637072,-0.9915403081256202,-0.9906803814156029,1.454940118472607,within_normal_range,Normal
subject12,antalgic,trial1,right,0.13732718894009216,11.0,0.2323529411764706,0.5362731152204836,Normal,subject12_antalgic_trial1_pressure.csv,-1.4400864186422377,-1.1637871237431152,-1.7385419557662891,0.7713588199817047,2.654387297225358,borderline,Normal
subject12,antalgic,trial1,left,0.3119266055045872,15.0,1.206989247311828,0.05366726296958857,Severe flat foot,subject12_antalgic_trial1_pressure.csv,0.2683500607136218,-0.5079783534395889,1.17442478463367,-1.3980390717950222,1.9141161364127124,within_normal_range,Normal
subject12,antalgic,trial20,left,0.2589869281045752,14.0,0.606473594548552,0.15873015873015872,Mild flat foot,subject12_antalgic_trial20_pressure.csv,-0.24965897880743781,-0.6719305460154704,-0.6203802237342961,-0.9257629410686854,1.325039210523439,within_normal_range,Normal
subject12,antalgic,trial20,right,0.4991166077738516,19.0,0.9218241042345277,0.697265625,Severe flat foot,subject12_antalgic_trial20_pressure.csv,2.099984064653069,0.14783041686393772,0.32213088579525834,1.4950483684581226,2.602061650991291,borderline,Normal
subject12,antalgic,trial2,right,0.2867528271405493,18.0,0.2606790799561884,0.08339222614840991,Severe flat foot,subject12_antalgic_trial2_pressure.csv,0.022027351700129625,-0.016121775711943915,-1.6538815551328943,-1.2644201524377172,2.082024888461819,borderline,Normal
subject12,antalgic,trial2,left,0.3062550771730301,12.0,1.0888888888888888,0.27942293090356873,Severe flat foot,subject12_antalgic_trial2_pressure.csv,0.21285476705235545,-0.9998349311672337,0.8214496143576324,-0.3832277764317569,1.3662430380412671,within_normal_range,Normal
subject12,antalgic,trial3,right,0.2502351834430856,11.0,0.9162790697674419,0.1651376146788991,Mild flat foot,subject12_antalgic_trial3_pressure.csv,-0.33529385738776624,-1.1637871237431152,0.305558036132967,-0.8969603035498532,1.5377665426786737,within_normal_range,Normal
subject12,antalgic,trial3,left,0.25669099756691,11.0,0.8370786516853933,0.09479768786127163,Mild flat foot,subject12_antalgic_trial3_pressure.csv,-0.27212441174985214,-1.1637871237431152,0.06884595979591096,-1.2131506030130261,1.7043844392130447,within_normal_range,Normal
subject12,antalgic,trial4,left,0.28598130841121494,13.0,1.0117096018735363,0.06531332744924978,Severe flat foot,subject12_antalgic_trial4_pressure.csv,0.014478124058729221,-0.8358827385913521,0.5907782401144888,-1.3456879707633294,1.6907999918385197,within_normal_range,Normal
subject12,antalgic,trial4,right,0.4541947926711668,17.0,0.35152838427947597,0.6411582213029989,Severe flat foot,subject12_antalgic_trial4_pressure.csv,1.6604289438491198,-0.18007396828782554,-1.3823536013553774,1.2428357549441427,2.4989984202825313,borderline,Normal
subject12,antalgic,trial5,right,0.2010428736964079,21.0,0.4043261231281198,0.399017199017199,Normal,subject12_antalgic_trial5_pressure.csv,-0.816635308170638,0.47573480201570095,-1.2245531415671878,0.15436941992260828,1.554534381327471,within_normal_range,Normal
subject12,antalgic,trial5,left,0.43859649122807015,13.0,0.5740740740740741,0.6627680311890838,Severe flat foot,subject12_antalgic_trial5_pressure.csv,1.507801244823953,-0.8358827385913521,-0.7172150378623411,1.3399756379147214,2.2982812419955234,borderline,Normal
subject12,antalgic,trial6,right,0.2074966532797858,15.0,0.48854166666666665,0.45666235446313064,Normal,subject12_antalgic_trial6_pressure.csv,-0.7534857702917868,-0.5079783534395889,-0.9728519933458305,0.4134944970684457,1.3939876303820797,within_normal_range,Normal
subject12,antalgic,trial6,left,0.318623784592371,14.0,0.7124394184168013,0.07926397735314927,Severe flat foot,subject12_antalgic_trial6_pressure.csv,0.33388123651868334,-0.6719305460154704,-0.30367242349724904,-1.2829773543269978,1.5169756660132978,within_normal_range,Normal
subject12,antalgic,trial7,left,0.26819296811120197,15.0,0.7951807228915663,0.05003790750568615,Severe flat foot,subject12_antalgic_trial7_pressure.csv,-0.15957886922172834,-0.5079783534395889,-0.056377441281776776,-1.4143536607192464,1.5123101919053163,within_normal_range,Normal
subject12,antalgic,trial7,right,0.44608171466845276,24.0,0.6963946869070209,0.7397435897435898,Severe flat foot,subject12_antalgic_trial7_pressure.csv,1.58104334971355,0.9675913797433459,-0.35162648487627024,1.68599426505658,2.5302468256075716,borderline,Normal
subject12,antalgic,trial8,right,0.24180790960451978,21.0,0.3864013266998342,0.4485714285714286,Mild flat foot,subject12_antalgic_trial8_pressure.csv,-0.4177538239249904,0.47573480201570095,-1.2781262903359598,0.3771243670956848,1.4753546900857955,within_normal_range,Normal
subject12,antalgic,trial8,left,0.30359820089955025,16.0,0.5299539170506913,0.13418986438258385,Severe flat foot,subject12_antalgic_trial8_pressure.csv,0.1868575189740877,-0.3440261608637072,-0.8490801748178372,-1.0360758653171305,1.395585924877828,within_normal_range,Normal
subject12,antalgic,trial9,right,0.19154737559645535,17.0,0.5755743651753326,0.3724747474747475,Normal,subject12_antalgic_trial9_pressure.csv,-0.9095477340126842,-0.18007396828782554,-0.7127310082285455,0.035056448166838575,1.170007760295241,within_normal_range,Normal
subject12,antalgic,trial9,left,0.4412121212121212,13.0,0.9213483146067416,0.7023945267958951,Severe flat foot,subject12_antalgic_trial9_pressure.csv,1.533394902404127,-0.8358827385913521,0.3207088585709046,1.5181036809688382,2.3361277442663377,borderline,Normal
subject12,lurching,trial10,left,0.26052188552188554,25.0,0.3696551724137931,0.053075995174909574,Severe flat foot,subject12_lurching_trial10_pressure.csv,-0.2346395858587667,1.1315435723192275,-1.3281767452161715,-1.4006969241630975,2.249767083767099,borderline,Normal
subject12,lurching,trial10,right,0.27278562259306804,19.0,2.507042253521127,0.06887755102040816,Severe flat foot,subject12_lurching_trial10_pressure.csv,-0.11464023993943133,0.14783041686393772,5.059988193266561,-1.3296661611126,5.235120708519379,outside_normal_range,Normal
subject12,lurching,trial11,left,0.5096486887679367,28.0,0.5245231607629428,0.6728711028385295,Severe flat foot,subject12_lurching_trial11_pressure.csv,2.203039342430466,1.6234001500468724,-0.865311472935755,1.385390715735581,3.186986314986191,outside_normal_range,Normal
subject12,lurching,trial11,right,0.3864406779661017,11.0,0.8969072164948454,0.6241610738255033,Severe flat foot,subject12_lurching_trial11_pressure.csv,0.9974622314383916,-1.1637871237431152,0.24765996284372432,1.1664305979575105,1.9419647704280318,within_normal_range,Normal
subject12,lurching,trial12,left,0.4318529862174579,34.0,1.4956521739130435,0.6854460093896714,Severe flat foot,subject12_lurching_trial12_pressure.csv,1.4418167748552726,2.6071133055021622,2.0371727646571802,1.4419171246759235,3.8865245744077233,outside_normal_range,Normal
subject12,lurching,trial12,right,0.28028293545534927,18.0,0.9696969696969697,0.7693631669535284,Severe flat foot,subject12_lurching_trial12_pressure.csv,-0.04127984135909725,-0.016121775711943915,0.46521201665595147,1.8191394560128498,1.878205131986004,within_normal_range,Normal
subject12,lurching,trial13,right,0.2553816046966732,14.0,0.6986899563318777,0.19327731092436973,Mild flat foot,subject12_lurching_trial13_pressure.csv,-0.2849366799082322,-0.6719305460154704,-0.3447664454412769,-0.7704674369063194,1.115868963391751,within_normal_range,Normal
subject12,lurching,trial13,left,0.44618272841051315,25.0,0.6076555023923444,0.574002574002574,Severe flat foot,subject12_lurching_trial13_pressure.csv,1.582031758296167,1.1315435723192275,-0.6168477694049095,0.9409593500167032,2.247024924053645,borderline,Normal
subject12,lurching,trial14,left,0.39117859725235,30.0,0.45224489795918366,0.16777350576721428,Severe flat foot,subject12_lurching_trial14_pressure.csv,1.0438222611804169,1.9513045351986356,-1.0813347980221053,-0.8851115111175326,2.617224032166301,borderline,Normal
subject12,lurching,trial14,right,0.36054421768707484,19.0,1.296875,0.6857142857142857,Severe flat foot,subject12_lurching_trial14_pressure.csv,0.744068157750082,0.14783041686393772,1.44307290123697,1.4431230737756235,2.1772815297696013,borderline,Normal
subject12,lurching,trial15,right,0.2768595041322314,16.0,0.6803995006242197,0.04274985557481226,Severe flat foot,subject12_lurching_trial15_pressure.csv,-0.0747777480077347,-0.3440261608637072,-0.39943246681537375,-1.4471147315190624,1.5419575391953673,within_normal_range,Normal
subject12,lurching,trial15,left,0.40372340425531916,30.0,0.3832271762208068,0.6764189584552369,Severe flat foot,subject12_lurching_trial15_pressure.csv,1.166571846099188,1.9513045351986356,-1.287613105793404,1.4013389485622565,2.9648233708210237,borderline,Normal
subject12,lurching,trial16,left,0.27753989879330476,25.0,1.0751565762004176,0.03955876759224042,Severe flat foot,subject12_lurching_trial16_pressure.csv,-0.06812015955635937,1.1315435723192275,0.7804068480678104,-1.4614592312999446,2.0074683423301853,borderline,Normal
subject12,lurching,trial16,right,0.4621284755512943,19.0,0.8473520249221184,0.6610169491525424,Severe flat foot,subject12_lurching_trial16_pressure.csv,1.738059176038608,0.14783041686393772,0.09955074101728592,1.3321042172498387,2.1970697592962467,borderline,Normal
subject12,lurching,trial17,left,0.3001430615164521,34.0,1.1499599037690458,0.03515517714913485,Severe flat foot,subject12_lurching_trial17_pressure.csv,0.1530493523748394,2.6071133055021622,1.0039770187119514,-1.48125414215518,3.165840738215109,outside_normal_range,Normal
subject12,lurching,trial17,right,0.29139433551198257,24.0,1.5944540727902947,0.2133188955062263,Severe flat foot,subject12_lurching_trial17_pressure.csv,0.06744401102821558,0.9675913797433459,2.3324692188381335,-0.680377001539735,2.6161244798038146,borderline,Normal
subject12,lurching,trial18,left,0.2751633986928105,33.0,2.1875825627476884,0.04194470924690186,Severe flat foot,subject12_lurching_trial18_pressure.csv,-0.09137395699031325,2.4431611129262807,4.105195673981686,-1.450734005380318,4.993460333253486,outside_normal_range,Normal
subject12,lurching,trial18,right,0.3179433368310598,19.0,0.8544973544973545,0.7529880478087649,Severe flat foot,subject12_lurching_trial18_pressure.csv,0.32722312848720153,0.14783041686393772,0.1209065095956098,1.7455304254042148,1.7861757074939548,within_normal_range,Normal
subject12,lurching,trial19,right,0.23374613003095976,14.0,0.45,0.11712379540400297,Mild flat foot,subject12_lurching_trial19_pressure.csv,-0.49663746845829426,-0.6719305460154704,-1.0880442885772268,-1.1127908365309527,1.766432351809175,within_normal_range,Normal
subject12,lurching,trial19,left,0.47900650502661146,30.0,0.48783783783783785,0.742216687422167,Severe flat foot,subject12_lurching_trial19_pressure.csv,1.9032088759783206,1.9513045351986356,-0.9749555779921305,1.6971112725794684,3.3556696001340325,outside_normal_range,Normal
subject12,lurching,trial1,right,0.3543394140409066,22.0,0.35858585858585856,0.17724068479355493,Severe flat foot,subject12_lurching_trial1_pressure.csv,0.6833548225916085,0.6396869945915826,-1.361260412238262,-0.8425548820898784,1.8544815728039448,within_normal_range,Normal
subject12,lurching,trial1,left,0.5091714104996837,24.0,0.3228247162673392,0.7044228694714132,Severe flat foot,subject12_lurching_trial1_pressure.csv,2.1983692259986283,0.9675913797433459,-1.468142351190051,1.5272214368011527,3.202640724832286,outside_normal_range,Normal
subject12,lurching,trial20,left,0.3827426810477658,34.0,0.5993103448275862,0.07847663012117712,Severe flat foot,subject12_lurching_trial20_pressure.csv,0.9612777300228508,2.6071133055021622,-0.641789551561506,-1.2865166181323788,3.1285960907711603,outside_normal_range,Normal
subject12,lurching,trial20,right,0.299545159194282,22.0,0.629973474801061,0.2033222591362126,Severe flat foot,subject12_lurching_trial20_pressure.csv,0.14719894257172494,0.6396869945915826,-0.5501444145939852,-0.7253136341247287,1.1223215780247766,within_normal_range,Normal
subject12,lurching,trial2,left,0.25905797101449274,28.0,0.44505160898603524,0.30242326332794833,Mild flat foot,subject12_lurching_trial2_pressure.csv,-0.248963831588215,1.6234001500468724,-1.102833906357145,-0.2798372509358646,1.997989626758256,within_normal_range,Normal
subject12,lurching,trial2,right,0.49294354838709675,19.0,0.573170731707317,0.6052934407364787,Severe flat foot,subject12_lurching_trial2_pressure.csv,2.0395813436527592,0.14783041686393772,-0.7199149231969963,1.0816172803086652,2.4227916392522513,borderline,Normal
subject12,lurching,trial3,left,0.3695458593054319,29.0,0.36436884512085943,0.11639762107051832,Severe flat foot,subject12_lurching_trial3_pressure.csv,0.832148251128907,1.787352342622754,-1.3439763778445148,-1.1160551174359115,2.6341888007306715,borderline,Normal
subject12,lurching,trial3,right,0.3375594294770206,13.0,1.125,0.877742946708464,Severe flat foot,subject12_lurching_trial3_pressure.csv,0.5191644815466742,-0.8358827385913521,0.9293775306104726,2.306325561641239,2.6741562972754607,borderline,Normal
subject12,lurching,trial4,left,0.255922165820643,23.0,1.6769025367156207,0.24061302681992336,Mild flat foot,subject12_lurching_trial4_pressure.csv,-0.2796473475514403,0.8036391871674642,2.578888967106967,-0.5576850974659552,2.7723130333253114,borderline,Normal
subject12,lurching,trial4,right,0.21284403669724772,12.0,0.76,0.5964912280701755,Mild flat foot,subject12_lurching_trial4_pressure.csv,-0.7011621996908511,-0.9998349311672337,-0.1615246382836167,1.0420497916174563,1.613460968489829,within_normal_range,Normal
subject12,lurching,trial5,left,0.35216508795669826,30.0,0.5133426966292135,0.1339173967459324,Severe flat foot,subject12_lurching_trial5_pressure.csv,0.6620792761243367,1.9513045351986356,-0.8987273429980233,-1.037300655099045,2.4758113504629713,borderline,Normal
subject12,lurching,trial5,right,0.3,22.0,1.5040485829959513,0.16511627906976745,Severe flat foot,subject12_lurching_trial5_pressure.csv,0.15164951085012013,0.6396869945915826,2.0622677259707864,-0.8970562108523736,2.3430439697539245,borderline,Normal
subject12,lurching,trial6,right,0.2791411042944785,24.0,0.67601246105919,0.13055555555555554,Severe flat foot,subject12_lurching_trial6_pressure.csv,-0.05245253624480005,0.9675913797433459,-0.41254433250445627,-1.0524127204767773,1.4888753162085206,within_normal_range,Normal
subject12,lurching,trial6,left,0.34607564050427003,28.0,0.2877391920623671,0.13384615384615384,Severe flat foot,subject12_lurching_trial6_pressure.csv,0.6024946888928777,1.6234001500468724,-1.573005020921531,-1.037620904420231,2.559185384932193,borderline,Normal
subject12,lurching,trial7,right,0.3875,22.0,0.8328313253012049,0.10991636798088411,Severe flat foot,subject12_lurching_trial7_pressure.csv,1.0078275834063852,0.6396869945915826,0.05615166509861706,-1.1451894860374223,1.6551519136769195,within_normal_range,Normal
subject12,lurching,trial7,left,0.47216035634743875,18.0,0.48267326732673266,0.543757292882147,Severe flat foot,subject12_lurching_trial7_pressure.csv,1.8362200487718323,-0.016121775711943915,-0.9903913072304076,0.8050015103162065,2.23626169135293,borderline,Normal
subject12,lurching,trial8,left,0.37833099579242635,34.0,0.619227857683573,0.04839223177332064,Severe flat foot,subject12_lurching_trial8_pressure.csv,0.9181098651240914,2.6071133055021622,-0.5822606256065143,-1.421751261572387,3.1623360982158353,outside_normal_range,Normal
subject12,lurching,trial8,right,0.2558724832214765,15.0,0.8867924528301887,0.16345514950166118,Mild flat foot,subject12_lurching_trial8_pressure.csv,-0.28013348643137115,-0.5079783534395889,0.21742922963927197,-0.9045232794057493,1.0963369056416232,within_normal_range,Normal
subject12,lurching,trial9,left,0.3536290322580645,29.0,1.0447247706422018,0.13192182410423448,Severe flat foot,subject12_lurching_trial9_pressure.csv,0.6764038133846052,1.787352342622754,0.6894530872819999,-1.0462711038857624,2.285208808365068,borderline,Normal
subject12,lurching,trial9,right,0.4061855670103093,16.0,0.7632311977715878,0.6477644492911668,Severe flat foot,subject12_lurching_trial9_pressure.csv,1.1906638433778995,-0.3440261608637072,-0.15186732141471032,1.2725319076188044,1.7828167394624959,within_normal_range,Normal
subject12,normal,trial10,left,0.5318230852211435,15.0,0.7,0.6143344709897611,Severe flat foot,subject12_normal_trial10_pressure.csv,2.4200134226065244,-0.5079783534395889,-0.3408510222114124,1.122258295910697,2.7368138546934255,borderline,Normal
subject12,normal,trial10,right,0.43208751139471285,17.0,0.6439024390243903,0.6796116504854368,Severe flat foot,subject12_normal_trial10_pressure.csv,1.4441115784464507,-0.18007396828782554,-0.5085139014934974,1.4156906588183666,2.0930005529229425,borderline,Normal
subject12,normal,trial11,left,0.2757847533632287,14.0,1.3058350100603622,0.08316831683168313,Severe flat foot,subject12_normal_trial11_pressure.csv,-0.08529406848639873,-0.6719305460154704,1.4698523379716604,-1.2654266640607956,2.054394381404019,borderline,Normal
subject12,normal,trial11,right,0.45585585585585586,19.0,0.9384615384615385,0.6441351888667992,Severe flat foot,subject12_normal_trial11_pressure.csv,1.676682268144677,0.14783041686393772,0.37185640109136475,1.2562177459139467,2.1329504140140445,borderline,Normal
subject12,normal,trial12,left,0.26796929518492674,16.0,0.6543385490753911,0.12473721093202528,Severe flat foot,subject12_normal_trial12_pressure.csv,-0.16176748470631516,-0.3440261608637072,-0.47732273686485566,-1.078567199335759,1.239220285937076,within_normal_range,Normal
subject12,normal,trial12,right,0.3395390070921986,17.0,0.615866388308977,0.6359269932756965,Severe flat foot,subject12_normal_trial12_pressure.csv,0.5385344352271153,-0.18007396828782554,-0.5923072947336865,1.219320468088621,1.4696993935070208,within_normal_range,Normal
subject12,normal,trial13,right,0.24769992922859166,17.0,0.4070294784580499,0.12431693989071035,Mild flat foot,subject12_normal_trial13_pressure.csv,-0.360101046722687,-0.18007396828782554,-1.2164734259707162,-1.0804563913270104,1.6760945699924026,within_normal_range,Normal
subject12,normal,trial13,left,0.36470588235294116,15.0,1.4696569920844327,0.05086013462976813,Severe flat foot,subject12_normal_trial13_pressure.csv,0.7847895981186184,-0.5079783534395889,1.9594790653760086,-1.4106576056854634,2.589102124096973,borderline,Normal
subject12,normal,trial14,right,0.5666982024597919,18.0,0.40105540897097625,0.6707964601769911,Severe flat foot,subject12_normal_trial14_pressure.csv,2.7612626872643498,-0.016121775711943915,-1.2343285639448878,1.3760648333511472,3.3229434194831566,outside_normal_range,Normal
subject12,normal,trial14,left,0.32150537634408605,16.0,0.6789473684210526,0.7001067235859124,Severe flat foot,subject12_normal_trial14_pressure.csv,0.3620773013401395,-0.3440261608637072,-0.40377256043169135,1.5078196045586827,1.6389039666659684,within_normal_range,Normal
subject12,normal,trial15,right,0.31397704253882514,18.0,1.7244655581947743,0.06233766233766236,Severe flat foot,subject12_normal_trial15_pressure.csv,0.28841336617501423,-0.016121775711943915,2.7210440446159114,-1.3590641069821567,3.0552541827264443,outside_normal_range,Normal
subject12,normal,trial15,left,0.28805620608899296,15.0,1.1019607843137256,0.07772380291464265,Severe flat foot,subject12_normal_trial15_pressure.csv,0.03478077428171728,-0.5079783534395889,0.860518543317937,-1.2899007083731224,1.6320501556871159,within_normal_range,Normal
subject12,normal,trial16,left,0.2631166797180893,14.0,0.625,0.3183139534883721,Severe flat foot,subject12_normal_trial16_pressure.csv,-0.20924980421778508,-0.6719305460154704,-0.5650090021211567,-0.2084058135172841,0.9262528244597021,within_normal_range,Normal
subject12,normal,trial16,right,0.48911798396334477,16.0,1.445,0.7445414847161572,Severe flat foot,subject12_normal_trial16_pressure.csv,2.0021486079411273,-0.3440261608637072,1.8857849115587155,1.7075616438811592,3.255595882162873,outside_normal_range,Normal
subject12,normal,trial17,right,0.21009036144578314,15.0,0.4282560706401766,0.3273766976411723,Mild flat foot,subject12_normal_trial17_pressure.csv,-0.7281066153393635,-0.5079783534395889,-1.1530319589852027,-0.16766719013114365,1.4648468302016653,within_normal_range,Normal
subject12,normal,trial17,left,0.2634069400630915,13.0,0.8680926916221033,0.10023130300693905,Severe flat foot,subject12_normal_trial17_pressure.csv,-0.20640963801523043,-0.8358827385913521,0.16153988700995175,-1.1887255505882393,1.4766409384332597,within_normal_range,Normal
subject12,normal,trial18,right,0.16703952274422074,13.0,0.5427251732101617,0.5012820512820513,Normal,subject12_normal_trial18_pressure.csv,-1.1493544336414703,-0.8358827385913521,-0.8109097883962804,0.6140678547250377,1.747675479581319,within_normal_range,Normal
subject12,normal,trial18,left,0.2695035460992908,15.0,0.6979166666666666,0.11189801699716717,Severe flat foot,subject12_normal_trial18_pressure.csv,-0.1467550048128535,-0.5079783534395889,-0.3470776327644608,-1.1362816263873263,1.3004529428747609,within_normal_range,Normal
subject12,normal,trial19,left,0.2292796281951975,14.0,0.5539083557951483,0.16425120772946855,Mild flat foot,subject12_normal_trial19_pressure.csv,-0.5403417076904308,-0.6719305460154704,-0.7774857935001145,-0.9009448581473203,1.469573276926012,within_normal_range,Normal
subject12,normal,trial19,right,0.4952741020793951,18.0,0.7563291139240507,0.7432808155699722,Severe flat foot,subject12_normal_trial19_pressure.csv,2.0623855604328836,-0.016121775711943915,-0.1724960837137982,1.70189471511267,2.679532539783609,borderline,Normal
subject12,normal,trial1,right,0.359514687100894,25.0,1.130879345603272,0.6498245614035087,Severe flat foot,subject12_normal_trial1_pressure.csv,0.7339943118882075,1.1315435723192275,0.9469495603920817,1.2817924726378438,2.0877844521834614,borderline,Normal
subject12,normal,trial1,left,0.5151267375306623,22.0,0.6147959183673469,0.6888361045130642,Severe flat foot,subject12_normal_trial1_pressure.csv,2.2566414593566337,0.6396869945915826,-0.5955066864626185,1.457156196434605,2.8248119444604276,borderline,Normal
subject12,normal,trial20,left,0.2872131147540984,17.0,0.49878934624697335,0.16706443914081148,Severe flat foot,subject12_normal_trial20_pressure.csv,0.026531216406300993,-0.18007396828782554,-0.9422240046327119,-0.8882988898807055,1.307666445301829,within_normal_range,Normal
subject12,normal,trial20,right,0.46686746987951805,18.0,0.7272727272727273,0.6512077294685991,Severe flat foot,subject12_normal_trial20_pressure.csv,1.7844297249505354,-0.016121775711943915,-0.2593390295169597,1.2880100555170912,2.216004510438345,borderline,Normal
subject12,normal,trial2,left,0.44824399260628467,17.0,1.1501706484641638,0.6307385229540918,Severe flat foot,subject12_normal_trial2_pressure.csv,1.6022010063666228,-0.18007396828782554,1.0046068867804097,1.195997384614317,2.244798307159923,borderline,Normal
subject12,normal,trial2,right,0.43135593220338986,21.0,0.6052631578947368,0.7461724415793715,Severe flat foot,subject12_normal_trial2_pressure.csv,1.436953154881317,0.47573480201570095,-0.6239979442026683,1.7148930808377014,2.3709470015684593,borderline,Normal
subject12,normal,trial3,left,0.25857059848925046,17.0,0.9753265602322206,0.13365442504515357,Mild flat foot,subject12_normal_trial3_pressure.csv,-0.25373271923711577,-0.18007396828782554,0.48203758521729634,-1.0384827589848675,1.1864289279755997,within_normal_range,Normal
subject12,normal,trial3,right,0.44519774011299434,17.0,0.4255874673629243,0.7170212765957447,Severe flat foot,subject12_normal_trial3_pressure.csv,1.5723937539297654,-0.18007396828782554,-1.1610078085826614,1.5838534849369075,2.522177579947329,borderline,Normal
subject12,normal,trial4,left,0.25685425685425683,16.0,1.5817409766454353,0.0725190839694656,Mild flat foot,subject12_normal_trial4_pressure.csv,-0.2705269372130804,-0.3440261608637072,2.294472659501733,-1.3132968322582665,2.679718675148021,borderline,Normal
subject12,normal,trial4,right,0.44132397191574724,17.0,0.6666666666666666,0.6725663716814159,Severe flat foot,subject12_normal_trial4_pressure.csv,1.534489349488065,-0.18007396828782554,-0.4404767910601876,1.3840208957743898,2.1205230112286104,borderline,Normal
subject12,normal,trial5,right,0.5309734513274337,18.0,1.7058823529411764,0.6820349761526232,Severe flat foot,subject12_normal_trial5_pressure.csv,2.4116998464980104,-0.016121775711943915,2.665503061283983,1.4265839324265563,3.8673769336880697,outside_normal_range,Normal
subject12,normal,trial5,left,0.3368146214099217,19.0,0.9425,0.7457044673539519,Severe flat foot,subject12_normal_trial5_pressure.csv,0.5118766148573813,0.14783041686393772,0.38392644616342797,1.712789454673004,1.8343714817590093,within_normal_range,Normal
subject12,normal,trial6,left,0.5180180180180181,17.0,0.9207920792079208,0.6028708133971292,Severe flat foot,subject12_normal_trial6_pressure.csv,2.2849323274124482,-0.18007396828782554,0.3190463971928519,1.0707271458064977,2.5498214837980444,borderline,Normal
subject12,normal,trial6,right,0.45991189427312773,18.0,0.9627329192546584,0.6459747817652765,Severe flat foot,subject12_normal_trial6_pressure.csv,1.7163701670511224,-0.016121775711943915,0.444398050267444,1.2644870384164528,2.177751950842869,borderline,Normal
subject12,normal,trial7,right,0.3078848560700876,19.0,0.6344916344916345,0.18047673098751416,Severe flat foot,subject12_normal_trial7_pressure.csv,0.22880197796407628,0.14783041686393772,-0.5366406606053374,-0.8280082872690232,1.0236137453510252,within_normal_range,Normal
subject12,normal,trial7,left,0.24743677375256323,15.0,0.7314285714285714,0.12579415501905977,Mild flat foot,subject12_normal_trial7_pressure.csv,-0.36267599470267153,-0.5079783534395889,-0.24691815443970982,-1.0738160504148662,1.2663433064604808,within_normal_range,Normal
subject12,normal,trial8,left,0.30721649484536084,16.0,0.753577106518283,0.08947006194081208,Severe flat foot,subject12_normal_trial8_pressure.csv,0.2222621353908433,-0.3440261608637072,-0.18072120932411195,-1.2370992152938638,1.3156097750349005,within_normal_range,Normal
subject12,normal,trial8,right,0.4713839750260146,15.0,0.7905405405405406,0.6958290946083419,Severe flat foot,subject12_normal_trial8_pressure.csv,1.8286232411907397,-0.5079783534395889,-0.07024589331136037,1.488590912568184,2.4130359210533547,borderline,Normal
subject12,normal,trial9,right,0.23161764705882354,15.0,0.513681592039801,0.35509138381201044,Mild flat foot,subject12_normal_trial9_pressure.csv,-0.517464445013179,-0.5079783534395889,-0.8977144615228502,-0.04308481826422972,1.1547982574493763,within_normal_range,Normal
subject12,normal,trial9,left,0.2696078431372549,17.0,0.8688046647230321,0.06196840826245442,Severe flat foot,subject12_normal_trial9_pressure.csv,-0.14573446953356853,-0.18007396828782554,0.16366781303734193,-1.3607239687690578,1.389971957225108,within_normal_range,Normal
subject12,steppage,trial10,right,0.2254697286012526,24.0,1.404463040446304,0.1489795918367347,Mild flat foot,subject12_steppage_trial10_pressure.csv,-0.5776211647301638,0.9675913797433459,1.7646291386888555,-0.9695934482280248,2.307359256824638,borderline,Normal
subject12,steppage,trial10,left,0.22810011376564276,17.0,0.5927461139896373,0.13206491326245107,Mild flat foot,subject12_steppage_trial10_pressure.csv,-0.5518831293001277,-0.18007396828782554,-0.6614085478854509,-1.0456278930404663,1.3666750090570954,within_normal_range,Normal
subject12,steppage,trial11,right,0.2770167427701674,31.0,0.7300743889479278,0.10665362035225046,Severe flat foot,subject12_steppage_trial11_pressure.csv,-0.07323918487677009,2.115256727774517,-0.25096549856357986,-1.1598561084870762,2.4265046623612374,borderline,Normal
subject12,steppage,trial11,left,0.4475945017182131,19.0,1.214983713355049,0.7060782681099085,Severe flat foot,subject12_steppage_trial11_pressure.csv,1.5958458080044287,0.14783041686393772,1.1983184294164093,1.534662743821472,2.5218513974118566,borderline,Normal
subject12,steppage,trial12,left,0.253125,16.0,0.5274599542334096,0.23303457106274006,Mild flat foot,subject12_steppage_trial12_pressure.csv,-0.30701731373359314,-0.3440261608637072,-0.8565340637123955,-0.5917515843638587,1.1386106315100082,within_normal_range,Normal
subject12,steppage,trial12,right,0.41631205673758864,25.0,0.8115942028985508,0.6976744186046512,Severe flat foot,subject12_steppage_trial12_pressure.csv,1.2897504543089038,1.1315435723192275,-0.007321274326381797,1.49688596735993,2.276964710043574,borderline,Normal
subject12,steppage,trial13,left,0.35319148936170214,20.0,0.6027397260273972,0.6972612879348631,Severe flat foot,subject12_steppage_trial13_pressure.csv,0.6721225032855397,0.31178260943981934,-0.6315399094003046,1.4950288725901784,1.7840714789535557,within_normal_range,Normal
subject12,steppage,trial13,right,0.4402730375426621,27.0,1.1615384615384616,0.7258064516129032,Severe flat foot,subject12_steppage_trial13_pressure.csv,1.5242060698774234,1.4594479574709907,1.038582700310092,1.6233443864090373,2.857812713647723,borderline,Normal
subject12,steppage,trial14,left,0.2490372272143774,19.0,0.4515778019586507,0.5679442508710801,Mild flat foot,subject12_steppage_trial14_pressure.csv,-0.3470157300152194,0.14783041686393772,-1.0833285965805763,0.9137261257035998,1.4665503844023609,within_normal_range,Normal
subject12,steppage,trial14,right,0.4829581993569132,27.0,1.5258358662613982,0.7345132743362832,Severe flat foot,subject12_steppage_trial14_pressure.csv,1.9418757792360264,1.4594479574709907,2.1273849713641724,1.662483080587894,3.631870963040527,outside_normal_range,Normal
subject12,steppage,trial15,right,0.24260958205912334,21.0,0.4185867895545315,0.334142787761049,Mild flat foot,subject12_steppage_trial15_pressure.csv,-0.40990954533065993,0.47573480201570095,-1.1819312458563722,-0.1372524291555536,1.3454178296881616,within_normal_range,Normal
subject12,steppage,trial15,left,0.48080438756855576,18.0,0.8834355828220859,0.6412512218963832,Severe flat foot,subject12_steppage_trial15_pressure.csv,1.9208009629433997,-0.016121775711943915,0.20739630697479286,1.2432538089115381,2.2974832997034444,borderline,Normal
subject12,steppage,trial16,right,0.4392523364485981,23.0,0.7806324110671937,0.6837716484926235,Severe flat foot,subject12_steppage_trial16_pressure.csv,1.514218619644603,0.8036391871674642,-0.0998590438104221,1.4343905789799118,2.237440978646509,borderline,Normal
subject12,steppage,trial16,left,0.3443223443223443,18.0,1.6510791366906474,0.7996406109613656,Severe flat foot,subject12_steppage_trial16_pressure.csv,0.5853388746567473,-0.016121775711943915,2.5017086846536434,1.955241873529417,3.2286837312921843,outside_normal_range,Normal
subject12,steppage,trial17,left,0.44668158090976884,22.0,1.608695652173913,0.713469387755102,Severe flat foot,subject12_steppage_trial17_pressure.csv,1.586912976253911,0.6396869945915826,2.375034067709549,1.5678871220617439,3.320624804996897,outside_normal_range,Normal
subject12,steppage,trial17,right,0.45559105431309904,25.0,0.9023861171366594,0.7333333333333334,Severe flat foot,subject12_steppage_trial17_pressure.csv,1.674091213579106,1.1315435723192275,0.26403515351032736,1.6571790389723988,2.6265812717177495,borderline,Normal
subject12,steppage,trial18,right,0.48350253807106597,26.0,0.4878836833602585,0.6414844267726971,Severe flat foot,subject12_steppage_trial18_pressure.csv,1.947202074905753,1.295495764895109,-0.9748185561295476,1.2443021057041856,2.8228468157186284,borderline,Normal
subject12,steppage,trial18,left,0.3570175438596491,19.0,1.6931407942238268,0.7766798418972332,Severe flat foot,subject12_steppage_trial18_pressure.csv,0.709560034320368,0.14783041686393772,2.62742143377755,1.8520291922720713,3.295251855952213,outside_normal_range,Normal
subject12,steppage,trial19,left,0.23406940063091483,17.0,0.4276923076923077,0.24356559949780288,Mild flat foot,subject12_steppage_trial19_pressure.csv,-0.4934743004676241,-0.18007396828782554,-1.1547169184990995,-0.5444127657840355,1.3804709126575667,within_normal_range,Normal
subject12,steppage,trial19,right,0.48049052396878483,30.0,0.5256588072122053,0.63506625891947,Severe flat foot,subject12_steppage_trial19_pressure.csv,1.9177298414360004,1.9513045351986356,-0.8619172834163105,1.2154513162972194,3.115365217684968,outside_normal_range,Normal
subject12,steppage,trial1,right,0.31042516016307514,25.0,1.2946768060836502,0.7103448275862069,Severe flat foot,subject12_steppage_trial1_pressure.csv,0.253658579815972,1.1315435723192275,1.4365029984671187,1.5538416764636105,2.4130268028539343,borderline,Normal
subject12,steppage,trial1,left,0.34892942109436953,22.0,0.6379647749510763,0.727433628318584,Severe flat foot,subject12_steppage_trial1_pressure.csv,0.6304186244943619,0.6396869945915826,-0.5262602319475871,1.630658830894922,1.9345865572943735,within_normal_range,Normal
subject12,steppage,trial20,right,0.453448275862069,28.0,0.5811209439528023,0.6233207952713595,Severe flat foot,subject12_steppage_trial20_pressure.csv,1.6531243573034715,1.6234001500468724,-0.6961535429729737,1.162653398581741,2.6841462084822654,borderline,Normal
subject12,steppage,trial20,left,0.32708821233411395,21.0,1.1039260969976905,0.762406015037594,Severe flat foot,subject12_steppage_trial20_pressure.csv,0.4167047499954519,0.47573480201570095,0.8663924169329847,1.7878658387767452,2.084961996800312,borderline,Normal
subject12,steppage,trial2,left,0.4250783699059561,23.0,0.9979716024340771,0.6566446181599519,Severe flat foot,subject12_steppage_trial2_pressure.csv,1.375527884159389,0.8036391871674642,0.5497184774164837,1.3124498231034853,2.1360308625646436,borderline,Normal
subject12,steppage,trial2,right,0.41460541813898705,27.0,1.256578947368421,0.6762839007501442,Severe flat foot,subject12_steppage_trial2_pressure.csv,1.2730511794986084,1.4594479574709907,1.3226371444872171,1.400731840506418,2.731678303017184,borderline,Normal
subject12,steppage,trial3,right,0.29699248120300753,23.0,0.5155945419103314,0.20073956682514527,Severe flat foot,subject12_steppage_trial3_pressure.csv,0.1222212634582831,0.8036391871674642,-0.8919970884742275,-0.7369232887292168,1.4140327859390336,within_normal_range,Normal
subject12,steppage,trial3,left,0.31430253090052973,21.0,0.6988095238095238,0.06655931293612449,Severe flat foot,subject12_steppage_trial3_pressure.csv,0.291598234725457,0.47573480201570095,-0.3444090853845829,-1.3400870476170323,1.4919128813809137,within_normal_range,Normal
subject12,steppage,trial4,left,0.324702226825479,24.0,0.5991861648016277,0.14279217826284674,Severe flat foot,subject12_steppage_trial4_pressure.csv,0.39335813886482046,0.9675913797433459,-0.6421606974783592,-0.9974069567052595,1.5805551879750253,within_normal_range,Normal
subject12,steppage,trial4,right,0.3210594315245478,26.0,1.13,0.7252747252747253,Severe flat foot,subject12_steppage_trial4_pressure.csv,0.35771377932804,1.295495764895109,0.9443213959377886,1.6209541833237133,2.3077053078854877,borderline,Normal
subject12,steppage,trial5,left,0.3247863247863248,17.0,0.6018306636155606,0.6756756756756757,Severe flat foot,subject12_steppage_trial5_pressure.csv,0.3941810283507961,-0.18007396828782554,-0.634256890651627,1.3979977621936006,1.5951441513556075,within_normal_range,Normal
subject12,steppage,trial5,right,0.35271317829457366,23.0,0.8172413793103448,0.8825000000000001,Severe flat foot,subject12_steppage_trial5_pressure.csv,0.6674422810279809,0.8036391871674642,0.00955685442910762,2.327709349951296,2.551399085398496,borderline,Normal
subject12,steppage,trial6,right,0.3366182572614108,24.0,1.2693997071742313,0.1609538002980626,Severe flat foot,subject12_steppage_trial6_pressure.csv,0.5099552128209106,0.9675913797433459,1.3609554860735968,-0.9157672824852293,1.9715772741592084,within_normal_range,Normal
subject12,steppage,trial6,left,0.2701812191103789,20.0,0.6164835164835165,0.12328069281711662,Severe flat foot,subject12_steppage_trial6_pressure.csv,-0.1401240474133469,0.31178260943981934,-0.5904628386676843,-1.0851145035449397,1.2817811801800187,within_normal_range,Normal
subject12,steppage,trial7,right,0.5426944971537002,27.0,0.27794117647058825,0.63379355687048,Severe flat foot,subject12_steppage_trial7_pressure.csv,2.5263890170565997,1.4594479574709907,-1.6022890660172286,1.2097302975216255,3.5416673262590015,outside_normal_range,Normal
subject12,steppage,trial7,left,0.4405772495755518,19.0,1.6447876447876448,0.7488151658767772,Severe flat foot,subject12_steppage_trial7_pressure.csv,1.5271827518427707,0.14783041686393772,2.4829048431123693,1.7267725897425346,3.3912683506784336,outside_normal_range,Normal
subject12,steppage,trial8,right,0.2631578947368421,27.0,0.48212867355043687,0.35107679804957337,Severe flat foot,subject12_steppage_trial8_pressure.csv,-0.20884651969988613,1.4594479574709907,-0.9920189744406194,-0.061131084899347383,1.7780449557163034,within_normal_range,Normal
subject12,steppage,trial8,left,0.28414755732801594,22.0,1.3104956268221575,0.1280742459396752,Severe flat foot,subject12_steppage_trial8_pressure.csv,-0.0034649327179711296,0.6396869945915826,1.483781863817761,-1.0635666420971426,1.934423448571861,within_normal_range,Normal
subject12,steppage,trial9,right,0.54198866563627,31.0,1.459016393442623,0.6372950819672132,Severe flat foot,subject12_steppage_trial9_pressure.csv,2.519482531706396,2.115256727774517,1.927676730754963,1.2254702665407065,4.004974182743069,outside_normal_range,Normal
subject12,steppage,trial9,left,0.42991386061080655,20.0,1.2287390029325513,0.6890756302521008,Severe flat foot,subject12_steppage_trial9_pressure.csv,1.4228426397198757,0.31178260943981934,1.239429868413296,1.458232906613043,2.405061159637786,borderline,Normal
subject12,stiff-legged,trial10,left,0.45962732919254656,22.0,0.4797794117647059,0.6270676691729323,Severe flat foot,subject12_stiff-legged_trial10_pressure.csv,1.7135857283973077,0.6396869945915826,-0.9990403847895342,1.1794962534806481,2.394758568631053,borderline,Normal
subject12,stiff-legged,trial10,right,0.42621599340478156,20.0,0.753731343283582,0.6678865507776761,Severe flat foot,subject12_stiff-legged_trial10_pressure.csv,1.3866594075253214,0.31178260943981934,-0.18026023063428206,1.3629842805839307,1.9774358669486092,within_normal_range,Normal
subject12,stiff-legged,trial11,right,0.25988334413480235,19.0,0.38706563706563707,0.5484221980413493,Mild flat foot,subject12_stiff-legged_trial11_pressure.csv,-0.24088764453351288,0.14783041686393772,-1.27614081740754,0.8259710766207,1.546170849132337,within_normal_range,Normal
subject12,stiff-legged,trial11,left,0.541089566020314,18.0,0.9692307692307692,0.7122040072859745,Severe flat foot,subject12_stiff-legged_trial11_pressure.csv,2.5106849388352495,-0.016121775711943915,0.46381864925946503,1.5621990150708789,2.9932243945009476,borderline,Normal
subject12,stiff-legged,trial12,left,0.36391673091750193,21.0,0.725609756097561,0.7403482210446631,Severe flat foot,subject12_stiff-legged_trial12_pressure.csv,0.7770678363477684,0.47573480201570095,-0.26430927297393864,1.6887121887281082,1.9369476689559815,within_normal_range,Normal
subject12,stiff-legged,trial12,right,0.3982832618025751,20.0,0.47648261758691207,0.7116357504215851,Severe flat foot,subject12_stiff-legged_trial12_pressure.csv,1.1133406383320805,0.31178260943981934,-1.0088937544305006,1.5596446008675608,2.187942792043474,borderline,Normal
subject12,stiff-legged,trial13,left,0.14413680781758959,12.0,0.2226450999048525,0.6347469220246238,Normal,subject12_stiff-legged_trial13_pressure.csv,-1.3734550316093406,-0.9998349311672337,-1.7675564902826937,1.214015840984985,2.7357154497385427,borderline,Normal
subject12,stiff-legged,trial13,right,0.4135135135135135,18.0,1.55,0.7040998217468806,Severe flat foot,subject12_stiff-legged_trial13_pressure.csv,1.262367010382572,-0.016121775711943915,2.1996060834323576,1.5257692806590843,2.9597414077297217,borderline,Normal
subject12,stiff-legged,trial14,right,0.1888111888111888,16.0,0.33451957295373663,0.4626506024096385,Normal,subject12_stiff-legged_trial14_pressure.csv,-0.9363210269036949,-0.3440261608637072,-1.4331890785212935,0.44041272114302005,1.800845735902419,within_normal_range,Normal
subject12,stiff-legged,trial14,left,0.5651828298887123,20.0,0.7329376854599406,0.6872586872586872,Severe flat foot,subject12_stiff-legged_trial14_pressure.csv,2.746434929925932,0.31178260943981934,-0.24240775507004084,1.450065429403627,3.1307450373890213,outside_normal_range,Normal
subject12,stiff-legged,trial15,right,0.2542030934767989,19.0,0.38882921589688507,0.5409934171154998,Mild flat foot,subject12_stiff-legged_trial15_pressure.csv,-0.2964682852192938,0.14783041686393772,-1.2708698804978849,0.7925774043230196,1.533961039691412,within_normal_range,Normal
subject12,stiff-legged,trial15,left,0.43791329904481996,20.0,0.8392857142857143,0.6394366197183099,Severe flat foot,subject12_stiff-legged_trial15_pressure.csv,1.5011162829194884,0.31178260943981934,0.07544236904954166,1.2350968540773495,1.9702066593113263,within_normal_range,Normal
subject12,stiff-legged,trial16,right,0.5825396825396826,19.0,1.1456692913385826,0.7052384675527756,Severe flat foot,subject12_stiff-legged_trial16_pressure.csv,2.9162698630499415,0.14783041686393772,0.9911533518454414,1.530887693126045,3.4427439408301526,outside_normal_range,Normal
subject12,stiff-legged,trial16,left,0.6192170818505338,19.0,0.6618705035971223,0.609942638623327,Severe flat foot,subject12_stiff-legged_trial16_pressure.csv,3.275154263602411,0.14783041686393772,-0.45481143406001134,1.1025162396709276,3.4886795183612187,outside_normal_range,Normal
subject12,stiff-legged,trial17,right,0.4341216216216216,17.0,1.1630094043887147,0.6587374199451053,Severe flat foot,subject12_stiff-legged_trial17_pressure.csv,1.464015127857213,-0.18007396828782554,1.0429790146817641,1.3218573339313027,2.238499266246074,borderline,Normal
subject12,stiff-legged,trial17,left,0.3704581358609795,20.0,0.6997929606625258,0.7023255813953488,Severe flat foot,subject12_stiff-legged_trial17_pressure.csv,0.8410747789342442,0.31178260943981934,-0.3414698158067464,1.5177937593093824,1.7958047528097234,within_normal_range,Normal
subject12,stiff-legged,trial18,right,0.09630146545708304,8.0,0.3324538258575198,0.453473132372215,Normal,subject12_stiff-legged_trial18_pressure.csv,-1.8415187027211983,-1.6556437014707601,-1.4393631278025254,0.39915838479759136,2.8919614154624287,borderline,Normal
subject12,stiff-legged,trial18,left,0.4708454810495627,22.0,0.7053763440860215,0.7018763029881863,Severe flat foot,subject12_stiff-legged_trial18_pressure.csv,1.8233541356496912,0.6396869945915826,-0.32478234981644866,1.51577417412455,2.477271619491028,borderline,Normal
subject12,stiff-legged,trial19,left,0.25472813238770686,19.0,0.4952481520591341,0.2584541062801933,Mild flat foot,subject12_stiff-legged_trial19_pressure.csv,-0.2913308360449144,0.14783041686393772,-0.952807830440901,-0.4774863183015261,1.1147032941978046,within_normal_range,Normal
subject12,stiff-legged,trial19,right,0.2996078431372549,20.0,3.1322314049586777,0.2976588628762542,Severe flat foot,subject12_stiff-legged_trial19_pressure.csv,0.14781229820000824,0.31178260943981934,6.928536689902942,-0.3012540660185627,6.943661249418221,outside_normal_range,Normal
subject12,stiff-legged,trial1,right,0.19223826714801445,13.0,0.23496659242761692,0.5522514868309261,Normal,subject12_stiff-legged_trial1_pressure.csv,-0.9027874346188638,-0.8358827385913521,-1.7307303453043488,0.843184400885971,2.284756566209064,borderline,Normal
subject12,stiff-legged,trial1,left,0.46396841066140176,17.0,0.8642384105960265,0.7454017424975798,Severe flat foot,subject12_stiff-legged_trial1_pressure.csv,1.7560627428523268,-0.18007396828782554,0.15002031569248708,1.7114286533852887,2.4632655402204646,borderline,Normal
subject12,stiff-legged,trial20,right,0.494199535962877,20.0,1.1521035598705502,0.8098159509202454,Severe flat foot,subject12_stiff-legged_trial20_pressure.csv,2.0518710467588868,0.31178260943981934,1.010383920329744,2.0009818100675867,3.054862854328942,outside_normal_range,Normal
subject12,stiff-legged,trial20,left,0.49545078577336643,20.0,1.345724907063197,0.7219512195121951,Severe flat foot,subject12_stiff-legged_trial20_pressure.csv,2.0641143913421005,0.31178260943981934,1.5890741877178365,1.6060144424131693,3.076071484768431,outside_normal_range,Normal
subject12,stiff-legged,trial2,right,0.2303448275862069,17.0,0.4375,0.35133287764866716,Mild flat foot,subject12_stiff-legged_trial2_pressure.csv,-0.5299188464163448,-0.18007396828782554,-1.1254039518955177,-0.05997996221857165,1.2583212104434798,within_normal_range,Normal
subject12,stiff-legged,trial2,left,0.34339948231233824,21.0,0.8704156479217604,0.7136715391229579,Severe flat foot,subject12_stiff-legged_trial2_pressure.csv,0.5763087693200342,0.47573480201570095,0.16848267623061497,1.5687958278911507,1.745841390631635,within_normal_range,Normal
subject12,stiff-legged,trial3,left,0.24651422197434467,21.0,0.6557017543859649,0.21866056096164854,Mild flat foot,subject12_stiff-legged_trial3_pressure.csv,-0.37170306445476897,0.47573480201570095,-0.4732484255499163,-0.6563652790885427,1.00958715416374,within_normal_range,Normal
subject12,stiff-legged,trial3,right,0.5437392795883362,21.0,1.0572519083969465,0.8337595907928389,Severe flat foot,subject12_stiff-legged_trial3_pressure.csv,2.53661210061234,0.47573480201570095,0.7268938591907287,2.1086126678758785,3.411062388241776,outside_normal_range,Normal
subject12,stiff-legged,trial4,right,0.4921090387374462,21.0,0.6189473684210526,0.6680412371134021,Severe flat foot,subject12_stiff-legged_trial4_pressure.csv,2.031415756642846,0.47573480201570095,-0.5830989443594871,1.363679622774759,2.559804693852639,borderline,Normal
subject12,stiff-legged,trial4,left,0.5786758383490972,21.0,1.3962264150943395,0.6997140133460438,Severe flat foot,subject12_stiff-legged_trial4_pressure.csv,2.8784625639441916,0.47573480201570095,1.740011734686592,1.5060543032004903,3.7158728093023914,outside_normal_range,Normal
subject12,stiff-legged,trial5,left,0.48672566371681414,22.0,0.9261083743842364,0.682385575589459,Severe flat foot,subject12_stiff-legged_trial5_pressure.csv,1.9787400120827054,0.6396869945915826,0.3349355970238762,1.4281599383443924,2.5448839168245523,borderline,Normal
subject12,stiff-legged,trial5,right,0.5136825645035183,21.0,0.7629427792915532,0.6862068965517241,Severe flat foot,subject12_stiff-legged_trial5_pressure.csv,2.2425103818844296,0.47573480201570095,-0.15272933879941952,1.445337445829383,2.7143144618770836,borderline,Normal
subject12,stiff-legged,trial6,right,0.3072916666666667,20.0,0.5977011494252874,0.19942693409742118,Severe flat foot,subject12_stiff-legged_trial6_pressure.csv,0.22299768356314248,0.31178260943981934,-0.6465990714369638,-0.7428238029043357,1.056794172849204,within_normal_range,Normal
subject12,stiff-legged,trial6,left,0.5844529750479847,17.0,0.948936170212766,0.7394067796610169,Severe flat foot,subject12_stiff-legged_trial6_pressure.csv,2.9349912241013065,-0.18007396828782554,0.4031626983400799,1.6844802447030038,3.412713579504462,outside_normal_range,Normal
subject12,stiff-legged,trial7,left,0.5750825082508251,20.0,0.9740740740740741,0.7442289935364728,Severe flat foot,subject12_stiff-legged_trial7_pressure.csv,2.84330221608594,0.31178260943981934,0.47829418832296233,1.7061569412584197,3.364715846299079,outside_normal_range,Normal
subject12,stiff-legged,trial7,right,0.42321755027422303,19.0,0.7988668555240793,0.6892307692307693,Severe flat foot,subject12_stiff-legged_trial7_pressure.csv,1.357319964551708,0.14783041686393772,-0.0453604273539966,1.458930283513232,1.9986761765835286,within_normal_range,Normal
subject12,stiff-legged,trial8,left,0.33312061263560944,19.0,1.016248153618907,0.25225225225225223,Severe flat foot,subject12_stiff-legged_trial8_pressure.csv,0.47573113700142033,0.14783041686393772,0.6043429413272638,-0.505364739150695,0.9320932663482601,within_normal_range,Normal
subject12,stiff-legged,trial8,right,0.5514764565043895,18.0,0.8286604361370716,0.6682316118935837,Severe flat foot,subject12_stiff-legged_trial8_pressure.csv,2.6123195431153494,-0.016121775711943915,0.04368582390582314,1.3645353907784978,2.94759878390731,borderline,Normal
subject12,stiff-legged,trial9,right,0.270849273144606,19.0,0.30165745856353593,0.43137254901960786,Severe flat foot,subject12_stiff-legged_trial9_pressure.csv,-0.13358721066605558,0.14783041686393772,-1.531406480884898,0.2998123890775554,1.5731473717819198,within_normal_range,Normal
subject12,stiff-legged,trial9,left,0.5252764612954186,22.0,1.1156462585034013,0.7303807303807304,Severe flat foot,subject12_stiff-legged_trial9_pressure.csv,2.355955412841063,0.6396869945915826,0.9014213199641323,1.6439065712002907,3.078102429950324,outside_normal_range,Normal
subject12,trendelenburg,trial10,left,0.21223209618400418,18.0,0.7356919875130072,0.4889103182256509,Mild flat foot,subject12_trendelenburg_trial10_pressure.csv,-0.7071499716811134,-0.016121775711943915,-0.23417577127968525,0.5584547462536005,0.9311449884783328,within_normal_range,Normal
subject12,trendelenburg,trial10,right,0.30213160333642264,20.0,0.6442516268980477,0.7027600849256901,Severe flat foot,subject12_trendelenburg_trial10_pressure.csv,0.17250701983335268,0.31178260943981934,-0.5074702581819236,1.519746928833323,1.6413786455533144,within_normal_range,Normal
subject12,trendelenburg,trial11,right,0.3620426829268293,21.0,1.0068337129840548,0.12024353120243536,Severe flat foot,subject12_trendelenburg_trial11_pressure.csv,0.7587304786731165,0.47573480201570095,0.5762053147314148,-1.0987670773236127,1.5301297971255436,within_normal_range,Normal
subject12,trendelenburg,trial11,left,0.25206349206349205,20.0,0.9501466275659824,0.3578459756803706,Mild flat foot,subject12_trendelenburg_trial11_pressure.csv,-0.317404054523108,0.31178260943981934,0.40678048067426514,-0.030702445021024382,0.6036279723179387,within_normal_range,Normal
subject12,trendelenburg,trial12,right,0.2531734837799718,17.0,0.5152625152625152,0.1489071038251366,Mild flat foot,subject12_trendelenburg_trial12_pressure.csv,-0.3065429051703189,-0.18007396828782554,-0.8929894407762365,-0.9699192945450692,1.3654921332742436,within_normal_range,Normal
subject12,trendelenburg,trial12,left,0.2615648201027984,20.0,0.6309662398137369,0.5131791285637439,Severe flat foot,subject12_trendelenburg_trial12_pressure.csv,-0.2244345833526152,0.31178260943981934,-0.5471772652637653,0.6675473022966579,0.9447759724817537,within_normal_range,Normal
subject12,trendelenburg,trial13,left,0.22492401215805471,18.0,0.7824324324324324,0.21551213735938424,Mild flat foot,subject12_trendelenburg_trial13_pressure.csv,-0.5829609413301573,-0.016121775711943915,-0.09447918843673823,-0.6705179950021936,0.8936576914222111,within_normal_range,Normal
subject12,trendelenburg,trial13,right,0.37103448275862067,17.0,0.3391812865497076,0.7592847317744154,Severe flat foot,subject12_trendelenburg_trial13_pressure.csv,0.8467142712307724,-0.18007396828782554,-1.4192562744867518,1.7738351234441483,2.4310761215961367,borderline,Normal
subject12,trendelenburg,trial14,right,0.2788033099936346,20.0,0.6584093872229465,0.07471980074719797,Severe flat foot,subject12_trendelenburg_trial14_pressure.csv,-0.0557578170838518,0.31178260943981934,-0.46515592545558176,-1.3034042246246396,1.4197006506552203,within_normal_range,Normal
subject12,trendelenburg,trial14,left,0.27693175408911447,24.0,0.7689345314505777,0.25251926496739774,Severe flat foot,subject12_trendelenburg_trial14_pressure.csv,-0.07407078996400447,0.9675913797433459,-0.13482135133159584,-0.5041644701970291,1.1018521542672828,within_normal_range,Normal
subject12,trendelenburg,trial15,right,0.32133333333333336,18.0,0.8335974643423137,0.08863198458574184,Severe flat foot,subject12_trendelenburg_trial15_pressure.csv,0.36039387901621933,-0.016121775711943915,0.05844148082908317,-1.2408665198939954,1.293564372793173,within_normal_range,Normal
subject12,trendelenburg,trial15,left,0.3147153598281418,23.0,1.136,0.2332118688183238,Severe flat foot,subject12_trendelenburg_trial15_pressure.csv,0.2956377213030384,0.8036391871674642,0.9622540343305681,-0.5909545998776861,1.4171795126625581,within_normal_range,Normal
subject12,trendelenburg,trial16,left,0.31813471502590673,25.0,1.0760059612518629,0.44145490782262087,Severe flat foot,subject12_trendelenburg_trial16_pressure.csv,0.32909574350426835,1.1315435723192275,0.7829454672317772,0.3451343590233775,1.4563022333591504,within_normal_range,Normal
subject12,trendelenburg,trial16,right,0.46543330087633883,18.0,0.8849840255591054,0.617989417989418,Severe flat foot,subject12_trendelenburg_trial16_pressure.csv,1.7703965357749707,-0.016121775711943915,0.2120242509206089,1.1386879232735436,2.115686242126555,borderline,Normal
subject12,trendelenburg,trial17,right,0.290994623655914,17.0,0.9296235679214403,0.09429280397022333,Severe flat foot,subject12_trendelenburg_trial17_pressure.csv,0.06353287358242497,-0.18007396828782554,0.3454417127877616,-1.2154201445938497,1.277904208029241,within_normal_range,Normal
subject12,trendelenburg,trial17,left,0.2794486215538847,23.0,0.7953216374269005,0.18876941457586616,Severe flat foot,subject12_trendelenburg_trial17_pressure.csv,-0.04944351299410081,0.8036391871674642,-0.055956279714037445,-0.7907312210879243,1.1298971516784242,within_normal_range,Normal
subject12,trendelenburg,trial18,left,0.207501217730151,21.0,0.9525959367945824,0.4585314315900687,Normal,subject12_trendelenburg_trial18_pressure.csv,-0.7534411076367473,0.47573480201570095,0.4141009101256954,0.4218963263455585,1.069333053111431,within_normal_range,Normal
subject12,trendelenburg,trial18,right,0.3966165413533835,19.0,0.7769230769230769,0.6834080717488789,Severe flat foot,subject12_trendelenburg_trial18_pressure.csv,1.0970319583128918,0.14783041686393772,-0.11094540179116155,1.4327562377929992,1.8139548695663117,within_normal_range,Normal
subject12,trendelenburg,trial19,left,0.20558086560364464,16.0,0.6455424274973147,0.41854934601664684,Normal,subject12_trendelenburg_trial19_pressure.csv,-0.7722315462916222,-0.3440261608637072,-0.5036123481179506,0.2421698440675823,1.013393897257707,within_normal_range,Normal
subject12,trendelenburg,trial19,right,0.3315276273022752,17.0,0.6230769230769231,0.7263045793397231,Severe flat foot,subject12_trendelenburg_trial19_pressure.csv,0.46014394714651163,-0.18007396828782554,-0.5707566426316629,1.6255835578475073,1.7923292484370232,within_normal_range,Normal
subject12,trendelenburg,trial1,right,0.24519600307455802,16.0,0.6198581560283688,0.2039698836413415,Mild flat foot,subject12_trendelenburg_trial1_pressure.csv,-0.3846016943613583,-0.3440261608637072,-0.5803768068903826,-0.7224024484655893,1.0606483857478894,within_normal_range,Normal
subject12,trendelenburg,trial1,left,0.23590333716915995,20.0,1.1181959564541213,0.3245729303547963,Mild flat foot,subject12_trendelenburg_trial1_pressure.csv,-0.4755294290332787,0.31178260943981934,0.9090417885243112,-0.18027061549726311,1.0872861175978747,within_normal_range,Normal
subject12,trendelenburg,trial20,left,0.24935333678220384,18.0,0.48653667595171773,0.49255880940950547,Mild flat foot,subject12_trendelenburg_trial20_pressure.csv,-0.3439226319523825,-0.016121775711943915,-0.9788444555911737,0.5748553535929107,1.1862284072712017,within_normal_range,Normal
subject12,trendelenburg,trial20,right,0.38102766798418974,23.0,0.4858757062146893,0.6637089618456078,Severe flat foot,subject12_trendelenburg_trial20_pressure.csv,0.9444965119750636,0.8036391871674642,-0.9808199441382907,1.3442052861318965,2.0752843704824206,borderline,Normal
subject12,trendelenburg,trial2,left,0.21293800539083557,13.0,0.3527803099361896,0.4577553593947037,Mild flat foot,subject12_trendelenburg_trial2_pressure.csv,-0.7002427261484891,-0.8358827385913521,-1.3786118796726294,0.4184077458058925,1.8068413280428681,within_normal_range,Normal
subject12,trendelenburg,trial2,right,0.3572139303482587,17.0,1.072289156626506,0.6544671689989237,Severe flat foot,subject12_trendelenburg_trial2_pressure.csv,0.7114816549522978,-0.18007396828782554,0.7718367816779214,1.3026618074850385,1.6826445202774423,within_normal_range,Normal
subject12,trendelenburg,trial3,right,0.2331168831168831,17.0,0.8748241912798875,0.1300236406619385,Mild flat foot,subject12_trendelenburg_trial3_pressure.csv,-0.5027945817160785,-0.18007396828782554,0.18165881187731228,-1.0548037711518476,1.1961772214127835,within_normal_range,Normal
subject12,trendelenburg,trial3,left,0.19401041666666666,16.0,0.951734539969834,0.21100323624595474,Normal,subject12_trendelenburg_trial3_pressure.csv,-0.8854471425141649,-0.3440261608637072,0.4115263904972118,-0.6907862957782448,1.2445522560566966,within_normal_range,Normal
subject12,trendelenburg,trial4,right,0.2905613818630475,19.0,0.8926974664679582,0.11281422440220723,Severe flat foot,subject12_trendelenburg_trial4_pressure.csv,0.059293649317656044,0.14783041686393772,0.2350779753510307,-1.1321631135187944,1.1672294286502893,within_normal_range,Normal
subject12,trendelenburg,trial4,left,0.21731343283582089,19.0,0.6893564356435643,0.43775100401606426,Mild flat foot,subject12_trendelenburg_trial4_pressure.csv,-0.6574296400175484,0.14783041686393772,-0.372662220680452,0.32848466223289935,0.8371659738477889,within_normal_range,Normal
subject12,trendelenburg,trial5,left,0.24719730941704035,20.0,1.1210287443267777,0.41860465116279066,Mild flat foot,subject12_trendelenburg_trial5_pressure.csv,-0.3650191274253452,0.31178260943981934,0.9175083486182776,0.24241845039278379,1.0635015908829382,within_normal_range,Normal
subject12,trendelenburg,trial5,right,0.38301886792452833,17.0,0.90633608815427,0.6666666666666667,Severe flat foot,subject12_trendelenburg_trial5_pressure.csv,0.9639801888549863,-0.18007396828782554,0.2758407204971225,1.357500687696914,1.697227344447934,within_normal_range,Normal
subject12,trendelenburg,trial6,left,0.23703290574456218,20.0,0.45438441098317095,0.478955007256894,Mild flat foot,subject12_trendelenburg_trial6_pressure.csv,-0.46447672222518727,0.31178260943981934,-1.0749402791228042,0.5137038785903232,1.3161820921124516,within_normal_range,Normal
subject12,trendelenburg,trial6,right,0.25155065472088217,18.0,0.39809926082365366,0.22735346358792186,Mild flat foot,subject12_trendelenburg_trial6_pressure.csv,-0.3224221126663148,-0.016121775711943915,-1.2431638199051245,-0.617289158185944,1.425032672721341,within_normal_range,Normal
subject12,trendelenburg,trial7,left,0.3010552451893234,20.0,0.4797687861271676,0.47932011331444757,Severe flat foot,subject12_trendelenburg_trial7_pressure.csv,0.16197497133319674,0.31178260943981934,-0.999072142408812,0.5153450943108484,1.177781812924229,within_normal_range,Normal
subject12,trendelenburg,trial7,right,0.44831013916500995,17.0,0.6446700507614214,0.6242038216560509,Severe flat foot,subject12_trendelenburg_trial7_pressure.csv,1.602848243316973,-0.18007396828782554,-0.5062196842091254,1.166622756948197,2.053975693836086,borderline,Normal
subject12,trendelenburg,trial8,right,0.3153796236210253,19.0,1.264187866927593,0.1107729762629337,Severe flat foot,subject12_trendelenburg_trial8_pressure.csv,0.30213747094715143,0.14783041686393772,1.3453784783229468,-1.141338881672619,1.7960619633667374,within_normal_range,Normal
subject12,trendelenburg,trial8,left,0.20485584218512898,19.0,0.8463302752293578,0.3196029776674938,Normal,subject12_trendelenburg_trial8_pressure.csv,-0.7793258223261695,0.14783041686393772,0.09649696305591772,-0.20261142390598275,0.8243577029850275,within_normal_range,Normal
subject12,trendelenburg,trial9,right,0.2969058591178407,19.0,1.271375464684015,0.12815533980582527,Severe flat foot,subject12_trendelenburg_trial9_pressure.csv,0.12137367568778068,0.14783041686393772,1.3668605769027249,-1.0632021109555465,1.7422089331453068,within_normal_range,Normal
subject12,trendelenburg,trial9,left,0.21056977704376548,16.0,0.5,0.4792219274977896,Mild flat foot,subject12_trendelenburg_trial9_pressure.csv,-0.7234155853664044,-0.3440261608637072,-0.9386056353040639,0.5149037318560279,1.337082832218501,within_normal_range,Normal
subject1,antalgic,trial10,left,0.2062043795620438,9.0,1.0169491525423728,0.056487202118270075,Normal,subject1_antalgic_trial10_pressure.csv,-0.7661305293874608,-1.4916915088948786,0.6064380680286373,-1.3853629510734111,2.258118062088368,borderline,Normal
subject1,antalgic,trial10,right,0.2161985630306989,19.0,0.5345188284518828,0.1249241964827168,Mild flat foot,subject1_antalgic_trial10_pressure.csv,-0.6683385209421259,0.14783041686393772,-0.8354366905757298,-1.0777266665126055,1.5257717530475436,within_normal_range,Normal
subject1,antalgic,trial11,right,0.4197635135135135,21.0,0.47751605995717344,0.7209082308420056,Severe flat foot,subject1_antalgic_trial11_pressure.csv,1.3235225869937335,0.47573480201570095,-1.0058050297095549,1.6013260255369484,2.356676566264981,borderline,Normal
subject1,antalgic,trial11,left,0.4380165289256198,10.0,0.8529411764705882,0.6230936819172113,Severe flat foot,subject1_antalgic_trial11_pressure.csv,1.502126376180899,-1.327739316318997,0.11625544662414483,1.161632484248884,2.319952736468916,borderline,Normal
subject1,antalgic,trial12,left,0.24746906636670415,10.0,0.8530805687203792,0.055888223552894245,Mild flat foot,subject1_antalgic_trial12_pressure.csv,-0.36236001495258036,-1.327739316318997,0.11667205842585444,-1.388055464707229,1.958189677956811,within_normal_range,Normal
subject1,antalgic,trial12,right,0.5588235294117647,19.0,0.5567282321899736,0.6187161639597835,Severe flat foot,subject1_antalgic_trial12_pressure.csv,2.6842098599241138,0.14783041686393772,-0.7690578228833251,1.1419547737864721,3.0203223411708473,outside_normal_range,Normal
subject1,antalgic,trial13,left,0.23596673596673598,9.0,0.6827309236947792,0.038535645472061675,Mild flat foot,subject1_antalgic_trial13_pressure.csv,-0.47490907862972415,-1.4916915088948786,-0.392464372337886,-1.4660583445518742,2.180375551105535,borderline,Normal
subject1,antalgic,trial13,right,0.3790951638065523,21.0,1.2849162011173185,0.5970915312232677,Severe flat foot,subject1_antalgic_trial13_pressure.csv,0.9255871668091599,0.47573480201570095,1.4073307652411196,1.0447482595052187,2.0384096776026315,borderline,Normal
subject1,antalgic,trial14,left,0.2288888888888889,9.0,1.3606060606060606,0.06294416243654821,Mild flat foot,subject1_antalgic_trial14_pressure.csv,-0.5441650497035425,-1.4916915088948786,1.6335505786097706,-1.356337782736919,2.6513013470339346,borderline,Normal
subject1,antalgic,trial14,right,0.3911290322580645,22.0,0.536036036036036,0.7799043062200957,Severe flat foot,subject1_antalgic_trial14_pressure.csv,1.0433372730515755,0.6396869945915826,-0.8309021014134962,1.8665237245524022,2.3816089588424556,borderline,Normal
subject1,antalgic,trial15,right,0.27742616033755274,18.0,1.1452282157676348,0.052920619071392894,Severe flat foot,subject1_antalgic_trial15_pressure.csv,-0.06923307809145986,-0.016121775711943915,0.9898350770591586,-1.40139536698104,1.7171882788811361,within_normal_range,Normal
subject1,antalgic,trial15,left,0.40930232558139534,10.0,0.49321266968325794,0.5759637188208617,Severe flat foot,subject1_antalgic_trial15_pressure.csv,1.2211609901895075,-1.327739316318997,-0.9588914253411448,0.9497750397030569,2.252925042626934,borderline,Normal
subject1,antalgic,trial16,right,0.23475046210720887,21.0,0.4853683148335015,0.30090634441087616,Mild flat foot,subject1_antalgic_trial16_pressure.csv,-0.48681018730115827,0.47573480201570095,-0.982336421832033,-0.2866560673371663,1.2290094820252928,within_normal_range,Normal
subject1,antalgic,trial16,left,0.2556869881710646,10.0,0.6952714535901926,0.08486789431545239,Mild flat foot,subject1_antalgic_trial16_pressure.csv,-0.28194853551400395,-1.327739316318997,-0.3549835743598376,-1.2577867653877821,1.8842578257838483,within_normal_range,Normal
subject1,antalgic,trial17,right,0.2889710412815773,22.0,1.5618860510805501,0.08933889219773672,Severe flat foot,subject1_antalgic_trial17_pressure.csv,0.04373233807478585,0.6396869945915826,2.235130792756626,-1.2376888462789948,2.634159317386743,borderline,Normal
subject1,antalgic,trial17,left,0.21806853582554517,10.0,0.5890909090909091,0.04554079696394686,Mild flat foot,subject1_antalgic_trial17_pressure.csv,-0.6500410386195643,-1.327739316318997,-0.6723331258355191,-1.434568960809027,2.166902161935626,borderline,Normal
subject1,antalgic,trial18,right,0.28234031132581855,22.0,0.40469483568075115,0.0307534597642235,Severe flat foot,subject1_antalgic_trial18_pressure.csv,-0.021148640132786896,0.6396869945915826,-1.223451143420985,-1.501040633285543,2.0395103331783973,borderline,Normal
subject1,antalgic,trial18,left,0.2531356898517674,10.0,0.6708333333333333,0.072265625,Mild flat foot,subject1_antalgic_trial18_pressure.csv,-0.30691271468579756,-1.327739316318997,-0.42802356995409074,-1.314436174749548,1.9411423802651655,within_normal_range,Normal
subject1,antalgic,trial19,right,0.2162891046386192,22.0,1.1344873501997337,0.1107784431137725,Mild flat foot,subject1_antalgic_trial19_pressure.csv,-0.667452581063779,0.6396869945915826,0.9577330673500541,-1.1413143072199285,1.7534375880478212,within_normal_range,Normal
subject1,antalgic,trial19,left,0.16303219106957426,9.0,1.1744471744471745,0.02758620689655178,Normal,subject1_antalgic_trial19_pressure.csv,-1.1885657423190987,-1.4916915088948786,1.0771639137614508,-1.5152779900473894,2.663490485388595,borderline,Normal
subject1,antalgic,trial20,right,0.2745709828393136,22.0,1.4883720930232558,0.21472105016408816,Severe flat foot,subject1_antalgic_trial20_pressure.csv,-0.09717068228858466,0.6396869945915826,2.015414254979389,-0.6740740705982158,2.2214661969908556,borderline,Normal
subject1,antalgic,trial20,left,0.1588785046728972,8.0,0.831275720164609,0.053624627606752684,Normal,subject1_antalgic_trial20_pressure.csv,-1.2292091161832148,-1.6556437014707601,0.05150231436586322,-1.3982307252236326,2.4919495915592207,borderline,Normal
subject1,antalgic,trial2,right,0.17647058823529413,20.0,0.4457611668185962,0.21272047033671837,Normal,subject1_antalgic_trial2_pressure.csv,-1.0570724739351947,0.31178260943981934,-1.1007131990187986,-0.6830670275621333,1.700811783042833,within_normal_range,Normal
subject1,antalgic,trial2,left,0.21991701244813278,12.0,0.7713815789473685,0.06240249609984394,Mild flat foot,subject1_antalgic_trial2_pressure.csv,-0.6319538940265087,-0.9998349311672337,-0.12750768168327817,-1.3587726678577934,1.8059781243312678,within_normal_range,Normal
subject1,antalgic,trial3,left,0.2701453104359313,14.0,1.1813186813186813,0.06869734283862605,Severe flat foot,subject1_antalgic_trial3_pressure.csv,-0.14047540992393642,-0.6719305460154704,1.0977012884181563,-1.330476228474642,1.8564318227699435,within_normal_range,Normal
subject1,antalgic,trial3,right,0.32570307390451275,24.0,1.1379897785349233,0.2738163148887621,Severe flat foot,subject1_antalgic_trial3_pressure.csv,0.40315131969968543,0.9675913797433459,0.9682010308219843,-0.4084304980850365,1.4842482179810672,within_normal_range,Normal
subject1,antalgic,trial4,right,0.21577574967405475,18.0,0.4096742349457058,0.1534963047185901,Mild flat foot,subject1_antalgic_trial4_pressure.csv,-0.6724757040820417,-0.016121775711943915,-1.2085688490157007,-0.9492900321837373,1.6775797185967887,within_normal_range,Normal
subject1,antalgic,trial4,left,0.29448329448329447,13.0,0.7435456110154905,0.09913793103448276,Severe flat foot,subject1_antalgic_trial4_pressure.csv,0.09766914175122358,-0.8358827385913521,-0.21070307288917392,-1.1936404492387873,1.4756058148805573,within_normal_range,Normal
subject1,antalgic,trial5,right,0.2576900754497969,20.0,0.4932950191570881,0.13479780329505742,Mild flat foot,subject1_antalgic_trial5_pressure.csv,-0.2623485423086671,0.31178260943981934,-0.958645301451806,-1.033343073352636,1.4672538548056642,within_normal_range,Normal
subject1,antalgic,trial5,left,0.2580348943985308,11.0,0.7992633517495396,0.038155802861685184,Mild flat foot,subject1_antalgic_trial5_pressure.csv,-0.25897452604686294,-1.1637871237431152,-0.04417539011478321,-1.4677658036602013,1.89149575574928,within_normal_range,Normal
subject1,antalgic,trial6,left,0.1876777251184834,11.0,0.8090737240075614,0.04347826086956519,Normal,subject1_antalgic_trial6_pressure.csv,-0.9474118470149293,-1.1637871237431152,-0.014854413747839577,-1.443840422052184,2.0825190263750617,borderline,Normal
subject1,antalgic,trial6,right,0.3194945848375451,11.0,1.5666666666666667,0.15498154981549817,Severe flat foot,subject1_antalgic_trial6_pressure.csv,0.3424019230957655,-1.1637871237431152,2.249418967856745,-0.9426135951555162,2.723976069839025,borderline,Normal
subject1,antalgic,trial7,left,0.21197718631178708,10.0,1.1339491916859123,0.08892763731473408,Mild flat foot,subject1_antalgic_trial7_pressure.csv,-0.7096442373162036,-1.327739316318997,0.9561246336789951,-1.239537509058378,2.1718918451768667,borderline,Normal
subject1,antalgic,trial7,right,0.37449392712550605,16.0,0.8034682080924855,0.7432762836185819,Severe flat foot,subject1_antalgic_trial7_pressure.csv,0.8805645616325503,-0.3440261608637072,-0.03160802873284392,1.7018743431968595,1.9470807107240995,within_normal_range,Normal
subject1,antalgic,trial8,left,0.19557195571955718,11.0,1.0913043478260869,0.03693931398416883,Normal,subject1_antalgic_trial8_pressure.csv,-0.8701676511253061,-1.1637871237431152,0.8286688729698626,-1.4732341343775874,2.2290587982777903,borderline,Normal
subject1,antalgic,trial8,right,0.34986595174262736,17.0,0.580441640378549,0.5144356955380578,Severe flat foot,subject1_antalgic_trial8_pressure.csv,0.6395824759836791,-0.18007396828782554,-0.6981838271989752,0.673195791083602,1.1756468888808507,within_normal_range,Normal
subject1,antalgic,trial9,right,0.28514739229024944,23.0,0.5084075173095944,0.1449704142011834,Severe flat foot,subject1_antalgic_trial9_pressure.csv,0.006318344663051011,0.8036391871674642,-0.913477474021732,-0.9876154043849134,1.5670676906738787,within_normal_range,Normal
subject1,antalgic,trial9,left,0.23835319609967498,10.0,0.690522243713733,0.05667276051188297,Mild flat foot,subject1_antalgic_trial9_pressure.csv,-0.45155782335141464,-1.327739316318997,-0.369177884920832,-1.3845288335714627,2.0049959006527867,borderline,Normal
subject1,lurching,trial10,right,0.2688868331791551,38.0,1.4900596421471173,0.09512269009391094,Severe flat foot,subject1_lurching_trial10_pressure.csv,-0.1527894742903654,3.2629220758056885,2.0204579563474323,-1.211689661014453,4.027461642798227,outside_normal_range,Normal
subject1,lurching,trial10,left,0.2580882352941177,16.0,0.8782051282051282,0.06662040249826506,Mild flat foot,subject1_lurching_trial10_pressure.csv,-0.25845259113061136,-0.3440261608637072,0.19176366509550175,-1.339812439328096,1.4202191440231717,within_normal_range,Normal
subject1,lurching,trial11,right,0.2820429407937541,35.0,1.129973474801061,0.09768009768009767,Severe flat foot,subject1_lurching_trial11_pressure.csv,-0.02405837874967817,2.771065498078044,0.944242118137644,-1.2001936656799352,3.1640860944402074,outside_normal_range,Normal
subject1,lurching,trial11,left,0.2366412213740458,16.0,0.9390243902439024,0.1321152494729445,Mild flat foot,subject1_lurching_trial11_pressure.csv,-0.46830931158974864,-0.3440261608637072,0.3735386373383421,-1.0454016229519143,1.253021658845276,within_normal_range,Normal
subject1,lurching,trial12,right,0.27173303421200223,34.0,1.0900076277650648,0.1005276312135518,Severe flat foot,subject1_lurching_trial12_pressure.csv,-0.12493970383995756,2.6071133055021622,0.8247932709780338,-1.1873935033623275,2.9837622205865757,borderline,Normal
subject1,lurching,trial12,left,0.19831932773109243,13.0,0.9672447013487476,0.08591885441527447,Normal,subject1_lurching_trial12_pressure.csv,-0.8432849120003773,-0.8358827385913521,0.4578827430674972,-1.253062515538217,1.7859595935318475,within_normal_range,Normal
subject1,lurching,trial13,right,0.3301545544228872,31.0,1.095378564405113,0.14098883572567789,Severe flat foot,subject1_lurching_trial13_pressure.csv,0.4467085769596124,2.115256727774517,0.8408457817441198,-1.005513297480115,2.5282282723699723,borderline,Normal
subject1,lurching,trial13,left,0.24846625766871167,19.0,1.0881410256410255,0.16042154566744726,Mild flat foot,subject1_lurching_trial13_pressure.csv,-0.35260260550203565,0.14783041686393772,0.8192144208257689,-0.9181598603376525,1.2885310341552303,within_normal_range,Normal
subject1,lurching,trial14,right,0.2911507097553609,35.0,1.0544272948822095,0.10797982794423022,Severe flat foot,subject1_lurching_trial14_pressure.csv,0.06506015924845089,2.771065498078044,0.7184517303975394,-1.1538945729178733,3.087180330541203,outside_normal_range,Normal
subject1,lurching,trial14,left,0.30931339225016996,17.0,0.527180783817952,0.10222489476849073,Severe flat foot,subject1_lurching_trial14_pressure.csv,0.24278005057253133,-0.18007396828782554,-0.8573684407307895,-1.1797640062049664,1.4893933464699185,within_normal_range,Normal
subject1,lurching,trial15,right,0.3029306220095694,38.0,0.7995512341062079,0.19596373208540507,Severe flat foot,subject1_lurching_trial15_pressure.csv,0.1803253314620526,3.2629220758056885,-0.04331497508115084,-0.7583915029407596,3.355027802678545,outside_normal_range,Normal
subject1,lurching,trial15,left,0.31306017925736235,17.0,0.6166883963494133,0.11451706188548294,Severe flat foot,subject1_lurching_trial15_pressure.csv,0.27944195775078084,-0.18007396828782554,-0.5898504992428363,-1.124508560576622,1.3126147782474658,within_normal_range,Normal
subject1,lurching,trial16,right,0.34028642590286423,39.0,0.5801952580195258,0.16408668730650156,Severe flat foot,subject1_lurching_trial16_pressure.csv,0.5458478477609211,3.4268742683815705,-0.698920208157429,-0.9016844062839088,3.652799111654971,outside_normal_range,Normal
subject1,lurching,trial16,left,0.24019607843137256,16.0,1.4543761638733705,0.14035087719298245,Mild flat foot,subject1_lurching_trial16_pressure.csv,-0.43352541829197666,-0.3440261608637072,1.913808137600815,-1.0083810328990195,2.2328887528762933,borderline,Normal
subject1,lurching,trial17,right,0.24857549857549857,32.0,1.3408423114593535,0.16709844559585496,Mild flat foot,subject1_lurching_trial17_pressure.csv,-0.3515336949989829,2.2792089203503987,1.57448121748752,-0.8881460249050032,2.930215641740384,borderline,Normal
subject1,lurching,trial17,left,0.19735006973500696,14.0,1.1239092495636998,0.11733333333333329,Normal,subject1_lurching_trial17_pressure.csv,-0.852768997062071,-0.6719305460154704,0.9261175250853161,-1.1118489268130818,1.809034916010316,within_normal_range,Normal
subject1,lurching,trial18,right,0.3075611142694713,34.0,0.8671532846715329,0.13393870601589108,Severe flat foot,subject1_lurching_trial18_pressure.csv,0.22563419932570436,2.6071133055021622,0.1587322128185777,-1.0372048661957234,2.8193865342443085,borderline,Normal
subject1,lurching,trial18,left,0.21116138763197587,14.0,1.0157618213660244,0.12438853948287909,Mild flat foot,subject1_lurching_trial18_pressure.csv,-0.7176267395022004,-0.6719305460154704,0.6028894045889824,-1.0801345386110137,1.580077546066424,within_normal_range,Normal
subject1,lurching,trial19,right,0.27379070502687325,35.0,1.1152860802732707,0.09332934489979061,Severe flat foot,subject1_lurching_trial19_pressure.csv,-0.10480561661445419,2.771065498078044,0.9003448289711519,-1.21975106198008,3.160411630811575,outside_normal_range,Normal
subject1,lurching,trial19,left,0.21322889469103568,15.0,0.927536231884058,0.03819709702062646,Mild flat foot,subject1_lurching_trial19_pressure.csv,-0.6973964056870884,-0.5079783534395889,0.3392031390606625,-1.4675801791781689,1.7358727217436476,within_normal_range,Normal
subject1,lurching,trial1,right,0.26051024074739487,33.0,1.4363233665559247,0.07397165572070519,Severe flat foot,subject1_lurching_trial1_pressure.csv,-0.23475352872252414,2.4431611129262807,1.8598524232221654,-1.3067672676454543,3.345270866599263,outside_normal_range,Normal
subject1,lurching,trial1,left,0.3268608414239482,18.0,0.6941678520625889,0.23702830188679247,Severe flat foot,subject1_lurching_trial1_pressure.csv,0.41447995013692557,-0.016121775711943915,-0.35828198888054363,-0.573799064332007,0.7935142660986626,within_normal_range,Normal
subject1,lurching,trial20,right,0.32814979371628056,36.0,1.1808612440191388,0.1177180802897676,Severe flat foot,subject1_lurching_trial20_pressure.csv,0.42709220944282356,2.9350176906539254,1.0963341121381454,-1.1101194218096444,3.351275908655533,outside_normal_range,Normal
subject1,lurching,trial20,left,0.25,16.0,0.709480122324159,0.09039548022598876,Mild flat foot,subject1_lurching_trial20_pressure.csv,-0.3375951020391739,-0.3440261608637072,-0.3125170879516688,-1.2329392979047349,1.3601950944107517,within_normal_range,Normal
subject1,lurching,trial2,right,0.28392537694863274,41.0,0.7136231884057971,0.18293582493238258,Severe flat foot,subject1_lurching_trial2_pressure.csv,-0.00563894379202981,3.7547786535333336,-0.3001344036384346,-0.8169542289835777,3.854333847400642,outside_normal_range,Normal
subject1,lurching,trial2,left,0.3088339222614841,17.0,0.7361111111111112,0.10236724248240558,Severe flat foot,subject1_lurching_trial2_pressure.csv,0.23808848839239832,-0.18007396828782554,-0.2329231059585722,-1.1791241282817588,1.238426277799978,within_normal_range,Normal
subject1,lurching,trial3,right,0.27225130890052357,37.0,0.9848484848484849,0.10387596899224805,Severe flat foot,subject1_lurching_trial3_pressure.csv,-0.11986844185283874,3.098969883229807,0.5104964570417584,-1.1723421381868306,3.354545498594146,outside_normal_range,Normal
subject1,lurching,trial3,left,0.3081674673987646,17.0,0.5794871794871795,0.13206424747174306,Severe flat foot,subject1_lurching_trial3_pressure.csv,0.23156729936601064,-0.18007396828782554,-0.7010364942031381,-1.0456308858863912,1.2926121475194243,within_normal_range,Normal
subject1,lurching,trial4,left,0.31096196868008946,16.0,0.4936708860759494,0.06127770534550192,Severe flat foot,subject1_lurching_trial4_pressure.csv,0.25891119331801893,-0.3440261608637072,-0.9575219205285149,-1.3638287994396603,1.7211235364893545,within_normal_range,Normal
subject1,lurching,trial4,right,0.4437869822485207,31.0,1.5418502202643172,0.7623421354764639,Severe flat foot,subject1_lurching_trial4_pressure.csv,1.5585896402240667,2.115256727774517,2.1752482412688905,1.7875786889533503,3.851058967524741,outside_normal_range,Normal
subject1,lurching,trial5,right,0.28980557015239095,37.0,0.8649180327868853,0.11131530585455496,Severe flat foot,subject1_lurching_trial5_pressure.csv,0.05189811316170907,3.098969883229807,0.15205155219121705,-1.1389010151046446,3.3055291479648545,outside_normal_range,Normal
subject1,lurching,trial5,left,0.3795518207282913,14.0,0.658273381294964,0.680327868852459,Severe flat foot,subject1_lurching_trial5_pressure.csv,0.9300555055871483,-0.6719305460154704,-0.4655624163098791,1.4189101859091031,1.8832281808900677,within_normal_range,Normal
subject1,lurching,trial6,right,0.3348708487084871,32.0,0.8107457898957497,0.20077681505826117,Severe flat foot,subject1_lurching_trial6_pressure.csv,0.49285700840021857,2.2792089203503987,-0.009856988257542318,-0.7367558513928952,2.4455280980011707,borderline,Normal
subject1,lurching,trial6,left,0.16805644644002565,17.0,0.8382165605095542,0.14843250159948818,Normal,subject1_lurching_trial6_pressure.csv,-1.1394039448436297,-0.18007396828782554,0.07224691104051595,-0.9720527147324792,1.510223188788276,within_normal_range,Normal
subject1,lurching,trial7,left,0.3338192419825073,17.0,0.5083732057416268,0.10931677018633545,Severe flat foot,subject1_lurching_trial7_pressure.csv,0.4825671498889431,-0.18007396828782554,-0.9135800235119074,-1.1478847832149037,1.5548522833707408,within_normal_range,Normal
subject1,lurching,trial7,right,0.1979783896828163,29.0,0.717663421418637,0.1327014218009479,Normal,subject1_lurching_trial7_pressure.csv,-0.8466209540693389,1.787352342622754,-0.28805906403146303,-1.0427666755996237,2.2542705695324368,borderline,Normal
subject1,lurching,trial8,right,0.24991298294465716,34.0,1.1039861351819757,0.029879211697393493,Mild flat foot,subject1_lurching_trial8_pressure.csv,-0.3384465545502934,2.6071133055021622,0.8665718574410758,-1.504970531574644,3.150788622397624,outside_normal_range,Normal
subject1,lurching,trial8,left,0.22364002686366688,15.0,0.9355828220858896,0.12163009404388714,Mild flat foot,subject1_lurching_trial8_pressure.csv,-0.5955245990963237,-0.5079783534395889,0.3632525711247175,-1.092534234329621,1.3922194652076094,within_normal_range,Normal
subject1,lurching,trial9,right,0.2823243078795254,36.0,0.7940964722822175,0.1274853801169591,Severe flat foot,subject1_lurching_trial9_pressure.csv,-0.021305232130518686,2.9350176906539254,-0.0596180202992106,-1.0662136971802534,3.123323344414859,outside_normal_range,Normal
subject1,lurching,trial9,left,0.28403141361256545,17.0,0.5560859188544153,0.10356731875719216,Severe flat foot,subject1_lurching_trial9_pressure.csv,-0.004601386460073112,-0.18007396828782554,-0.7709775516802296,-1.1737295750902659,1.4158020014990433,within_normal_range,Normal
subject1,normal,trial10,right,0.24921531701192717,21.0,0.6174661746617466,0.125,Mild flat foot,subject1_normal_trial10_pressure.csv,-0.34527314053398406,0.47573480201570095,-0.5875258963720331,-1.0773859164164008,1.3606925572014008,within_normal_range,Normal
subject1,normal,trial10,left,0.22030524220305242,16.0,0.6030624263839811,0.17483756645008863,Mild flat foot,subject1_normal_trial10_pressure.csv,-0.6281551077033533,-0.3440261608637072,-0.6305754312663313,-0.8533573202362261,1.2801472295052259,within_normal_range,Normal
subject1,normal,trial11,left,0.2324699936828806,16.0,0.6800976800976801,0.20480404551201015,Mild flat foot,subject1_normal_trial11_pressure.csv,-0.5091243251304932,-0.3440261608637072,-0.4003345398756992,-0.7186527446541066,1.0267867787494003,within_normal_range,Normal
subject1,normal,trial11,right,0.22189128816083395,17.0,1.558091286307054,0.0650969529085873,Mild flat foot,subject1_normal_trial11_pressure.csv,-0.6126358188905642,-0.18007396828782554,2.223789102011832,-1.3466606122473852,2.6770285869687176,borderline,Normal
subject1,normal,trial12,right,0.2967398536260812,20.0,1.1889908256880735,0.11104331909701037,Severe flat foot,subject1_normal_trial12_pressure.csv,0.1197493298367133,0.31178260943981934,1.1206315868637409,-1.1401236432506905,1.6331703441225653,within_normal_range,Normal
subject1,normal,trial12,left,0.5203969128996693,16.0,0.7964285714285714,0.5711009174311927,Severe flat foot,subject1_normal_trial12_pressure.csv,2.308209557522004,-0.3440261608637072,-0.05264790518459819,0.9279158951575148,2.5119683658837832,borderline,Normal
subject1,normal,trial13,right,0.2138157894736842,20.0,1.255354200988468,0.09090909090909094,Mild flat foot,subject1_normal_trial13_pressure.csv,-0.6916537034722158,0.31178260943981934,1.3189766554947897,-1.2306305278640919,1.9569732126238235,within_normal_range,Normal
subject1,normal,trial13,left,0.2007843137254902,14.0,0.7434782608695653,0.2193283070596299,Normal,subject1_normal_trial13_pressure.csv,-0.819165289628244,-0.6719305460154704,-0.21090436719127045,-0.6533636433428373,1.262492428865595,within_normal_range,Normal
subject1,normal,trial14,left,0.22055674518201285,15.0,0.7612994350282486,0.13239074550128538,Mild flat foot,subject1_normal_trial14_pressure.csv,-0.6256941781517134,-0.5079783534395889,-0.15764092187086784,-1.0441632200185722,1.3284060758758949,within_normal_range,Normal
subject1,normal,trial14,right,0.17673716012084592,17.0,0.49241540256709454,0.15751445086705207,Normal,subject1_normal_trial14_pressure.csv,-1.0544640967561156,-0.18007396828782554,-0.9612742758239136,-0.9312277609894121,1.713346007553862,within_normal_range,Normal
subject1,normal,trial15,left,0.2155525238744884,18.0,0.7398921832884097,0.2514001244555072,Mild flat foot,subject1_normal_trial15_pressure.csv,-0.6746599444799565,-0.016121775711943915,-0.22162233927648992,-0.5091952029487635,0.8739692032962146,within_normal_range,Normal
subject1,normal,trial15,right,0.17898305084745764,21.0,0.6253012048192771,0.07315561066336018,Normal,subject1_normal_trial15_pressure.csv,-1.0324882979734595,0.47573480201570095,-0.5641087692701136,-1.3104355332057291,1.8242301602475153,within_normal_range,Normal
subject1,normal,trial16,right,0.28642501776830137,19.0,1.425357873210634,0.06759443339960236,Severe flat foot,subject1_normal_trial16_pressure.csv,0.018819772311591387,0.14783041686393772,1.827079052062244,-1.3354339997090339,2.2679968796370864,borderline,Normal
subject1,normal,trial16,left,0.2343987823439878,16.0,0.6785206258890469,0.23521505376344087,Mild flat foot,subject1_normal_trial16_pressure.csv,-0.49025133589352005,-0.3440261608637072,-0.4050479970172376,-0.5819499324528976,0.9281325204266956,within_normal_range,Normal
subject1,normal,trial17,right,0.2348947725729803,21.0,0.5422705314009661,0.08256315465187924,Mild flat foot,subject1_normal_trial17_pressure.csv,-0.4853981249419139,0.47573480201570095,-0.8122686095900374,-1.2681469741252642,1.6522445290133176,within_normal_range,Normal
subject1,normal,trial17,left,0.18962264150943398,12.0,0.91875,0.11764705882352944,Normal,subject1_normal_trial17_pressure.csv,-0.9283810496790762,-0.9998349311672337,0.3129430858586754,-1.1104386757482556,1.786776060554232,within_normal_range,Normal
subject1,normal,trial18,left,0.6175438596491228,18.0,0.5560165975103735,0.6511627906976745,Severe flat foot,subject1_normal_trial18_pressure.csv,3.2587819646382696,-0.016121775711943915,-0.7711847374461634,1.2878080478654057,3.587909596425275,outside_normal_range,Normal
subject1,normal,trial18,right,0.6497354497354497,20.0,0.3741258741258741,0.5779543197616683,Severe flat foot,subject1_normal_trial18_pressure.csv,3.573773205239786,0.31178260943981934,-1.3148148323553832,0.9587231398228822,3.939156181246501,outside_normal_range,Normal
subject1,normal,trial19,right,0.17475728155339806,19.0,0.5068783068783069,0.12508143322475573,Normal,subject1_normal_trial19_pressure.csv,-1.0738369952220923,0.14783041686393772,-0.9180479369701895,-1.0770198597983933,1.782628261145085,within_normal_range,Normal
subject1,normal,trial19,left,0.24678111587982832,17.0,0.6859154929577465,0.23865110246433208,Mild flat foot,subject1_normal_trial19_pressure.csv,-0.36909153634535175,-0.18007396828782554,-0.3829464174996272,-0.5665042913091174,0.7976404371671117,within_normal_range,Normal
subject1,normal,trial1,right,0.24940047961630696,20.0,2.019650655021834,0.039696438995913574,Mild flat foot,subject1_normal_trial1_pressure.csv,-0.3434613443999568,0.31178260943981934,3.6032853113387913,-1.4608403742108864,3.915723908101875,outside_normal_range,Normal
subject1,normal,trial1,left,0.4245742092457421,16.0,1.354679802955665,0.2853688029020556,Severe flat foot,subject1_normal_trial1_pressure.csv,1.3705947264185805,-0.3440261608637072,1.6158383393652729,-0.3565000396707328,2.17598477032653,borderline,Normal
subject1,normal,trial20,left,0.22739361702127658,17.0,0.7049808429118773,0.19797257006559332,Mild flat foot,subject1_normal_trial20_pressure.csv,-0.5587961238242273,-0.18007396828782554,-0.32596441307308965,-0.7493614241325237,1.0062182092488259,within_normal_range,Normal
subject1,normal,trial20,right,0.32151898734177214,20.0,1.154782608695652,0.03764705882352937,Severe flat foot,subject1_normal_trial20_pressure.csv,0.3622104834860189,0.31178260943981934,1.0183909892992693,-1.470052697278838,1.851102366094055,within_normal_range,Normal
subject1,normal,trial2,right,0.31982543640897754,21.0,0.5454545454545454,0.11745152354570643,Severe flat foot,subject1_normal_trial2_pressure.csv,0.3456392700755509,0.47573480201570095,-0.8027523141466432,-1.1113176410933687,1.491719908072691,within_normal_range,Normal
subject1,normal,trial2,left,0.39184397163120566,15.0,1.1686746987951808,0.39015151515151514,Severe flat foot,subject1_normal_trial2_pressure.csv,1.0503328777886107,-0.5079783534395889,1.0599112940117297,0.11451661706564115,1.5804325890352549,within_normal_range,Normal
subject1,normal,trial3,left,0.23107569721115537,16.0,0.6219211822660099,0.10880829015544047,Mild flat foot,subject1_normal_trial3_pressure.csv,-0.5227673658817356,-0.3440261608637072,-0.5742108896379768,-1.1501704900746303,1.4297727162758778,within_normal_range,Normal
subject1,normal,trial3,right,0.39219934994582883,19.0,0.7357512953367875,0.5294771968854283,Severe flat foot,subject1_normal_trial3_pressure.csv,1.0538102163079521,0.14783041686393772,-0.23399851365339952,0.7408099759509215,1.3175448869035102,within_normal_range,Normal
subject1,normal,trial4,left,0.21506105834464043,15.0,0.748378728923476,0.10744336569579283,Mild flat foot,subject1_normal_trial4_pressure.csv,-0.6794688817379345,-0.5079783534395889,-0.19625798026357885,-1.1563060647498722,1.4475085074043157,within_normal_range,Normal
subject1,normal,trial4,right,0.23613707165109035,18.0,0.8728813559322034,0.07859237536656893,Mild flat foot,subject1_normal_trial4_pressure.csv,-0.4732423623106604,-0.016121775711943915,0.175852117919524,-1.2859963229677738,1.3816398789847149,within_normal_range,Normal
subject1,normal,trial5,right,0.2547235829251225,20.0,1.4510204081632654,0.04472843450479236,Mild flat foot,subject1_normal_trial5_pressure.csv,-0.29137535204613335,0.31178260943981934,1.903778545320178,-1.4382206724449897,2.42383156254692,borderline,Normal
subject1,normal,trial5,left,0.26288659793814434,17.0,1.1388888888888888,0.03308063404548589,Severe flat foot,subject1_normal_trial5_pressure.csv,-0.21150112964502585,-0.18007396828782554,0.9708882676307955,-1.4905795770094517,1.8004474070399419,within_normal_range,Normal
subject1,normal,trial6,left,0.2854368932038835,18.0,0.6721311475409836,0.12224108658743638,Severe flat foot,subject1_normal_trial6_pressure.csv,0.00915107991149082,-0.016121775711943915,-0.42414469780629005,-1.0897877157582343,1.1695638691454142,within_normal_range,Normal
subject1,normal,trial6,right,0.286984126984127,20.0,1.0776699029126213,0.054147465437788034,Severe flat foot,subject1_normal_trial6_pressure.csv,0.0242905957487804,0.31178260943981934,0.7879186112499542,-1.3958804775357958,1.6331247576687309,within_normal_range,Normal
subject1,normal,trial7,right,0.43103448275862066,20.0,0.6162464985994398,0.6786114221724524,Severe flat foot,subject1_normal_trial7_pressure.csv,1.4338078066979254,0.31178260943981934,-0.5911712313356459,1.4111944572423532,2.119897743526197,borderline,Normal
subject1,normal,trial7,left,0.3880048959608323,17.0,0.6305732484076433,0.6827503015681544,Severe flat foot,subject1_normal_trial7_pressure.csv,1.0127679359845205,-0.18007396828782554,-0.5483518273932564,1.429799445543834,1.8447606097529972,within_normal_range,Normal
subject1,normal,trial8,left,0.2736220472440945,16.0,0.7273954116059379,0.16410256410256407,Severe flat foot,subject1_normal_trial8_pressure.csv,-0.10645591484738129,-0.3440261608637072,-0.25897235388630546,-0.9016130373028954,1.0048181976241177,within_normal_range,Normal
subject1,normal,trial8,right,0.2882882882882883,17.0,0.32388663967611336,0.5816831683168318,Severe flat foot,subject1_normal_trial8_pressure.csv,0.03705167359677203,-0.18007396828782554,-1.464968503108322,0.9754849676303924,1.769605350846214,within_normal_range,Normal
subject1,normal,trial9,right,0.30018879798615483,21.0,1.132890365448505,0.14956736711990115,Severe flat foot,subject1_normal_trial9_pressure.csv,0.1534968788031322,0.47573480201570095,0.9529600423396262,-0.9669512953113278,1.4467247642352081,within_normal_range,Normal
subject1,normal,trial9,left,0.2625619249823071,16.0,0.6749311294765841,0.3104181431608788,Severe flat foot,subject1_normal_trial9_pressure.csv,-0.21467801953690988,-0.3440261608637072,-0.4157761872133836,-0.24389886483119125,0.6299183641953563,within_normal_range,Normal
subject1,steppage,trial10,right,0.17875526438933084,25.0,2.13452188006483,0.11508120649651976,Normal,subject1_steppage_trial10_pressure.csv,-1.034717163924013,1.1315435723192275,3.9466093347440654,-1.121972631672875,4.380134506232413,outside_normal_range,Normal
subject1,steppage,trial10,left,0.2981991525423729,23.0,1.1004431314623337,0.08386411889596601,Severe flat foot,subject1_steppage_trial10_pressure.csv,0.13402841250453135,0.8036391871674642,0.8559826233529736,-1.26229891182922,1.7291339892550661,within_normal_range,Normal
subject1,steppage,trial11,right,0.19576003608479928,26.0,0.37297996121525534,0.1293066780093577,Normal,subject1_steppage_trial11_pressure.csv,-0.8683273050156072,1.295495764895109,-1.3182397059980073,-1.0580266439366204,2.2998864944266995,borderline,Normal
subject1,steppage,trial11,left,0.21440922190201728,20.0,1.0982019363762103,0.1090524086818423,Mild flat foot,subject1_steppage_trial11_pressure.csv,-0.6858470310987005,0.31178260943981934,0.8492841998451193,-1.149073134512012,1.6153164600720906,within_normal_range,Normal
subject1,steppage,trial12,right,0.2922448979591837,30.0,1.57496740547588,0.16276477146042367,Severe flat foot,subject1_steppage_trial12_pressure.csv,0.07576667293259713,1.9513045351986356,2.2742279924331674,-0.907626649703072,3.131968881491618,outside_normal_range,Normal
subject1,steppage,trial12,left,0.3480266529984623,25.0,0.8680904522613065,0.08679593721144963,Severe flat foot,subject1_steppage_trial12_pressure.csv,0.6215851359421433,1.1315435723192275,0.1615331940687184,-1.249119874643869,1.8036497363117732,within_normal_range,Normal
subject1,steppage,trial13,left,0.3014005602240896,24.0,1.3610169491525423,0.06939409632314864,Severe flat foot,subject1_steppage_trial13_pressure.csv,0.1653538417433776,0.9675913797433459,1.6347786312304027,-1.3273441994423345,2.3233421547532958,borderline,Normal
subject1,steppage,trial13,right,0.46294117647058824,30.0,0.45537065052950076,0.7121888959795788,Severe flat foot,subject1_steppage_trial13_pressure.csv,1.7460113669717026,1.9513045351986356,-1.071992632930639,1.5621310871000844,3.2319602134035024,outside_normal_range,Normal
subject1,steppage,trial14,left,0.3294289897510981,23.0,0.7364787111622555,0.10347985347985345,Severe flat foot,subject1_steppage_trial14_pressure.csv,0.43960900482009996,0.8036391871674642,-0.23182443282684911,-1.1741227468418667,1.5071160580980756,within_normal_range,Normal
subject1,steppage,trial14,right,0.4458077709611452,30.0,1.132216014897579,0.5820525532969757,Severe flat foot,subject1_steppage_trial14_pressure.csv,1.5783628400528473,1.9513045351986356,0.9509445615763386,0.9771454178579244,2.856208565700132,borderline,Normal
subject1,steppage,trial15,right,0.25574153367068897,31.0,2.197037037037037,0.07272727272727275,Mild flat foot,subject1_steppage_trial15_pressure.csv,-0.28141481367703247,2.115256727774517,4.133452952085806,-1.3123609873028605,4.83334563111864,outside_normal_range,Normal
subject1,steppage,trial15,left,0.2633315008246289,20.0,1.09585121602289,0.07771181867242305,Severe flat foot,subject1_steppage_trial15_pressure.csv,-0.20714780283559633,0.31178260943981934,0.8422584301686791,-1.2899545796423673,1.5854023743199208,within_normal_range,Normal
subject1,steppage,trial16,left,0.27033730158730157,23.0,1.114709851551957,0.0797665369649806,Severe flat foot,subject1_steppage_trial16_pressure.csv,-0.13859679719333023,0.8036391871674642,0.8986226120893428,-1.280718260788629,1.7643148465676857,within_normal_range,Normal
subject1,steppage,trial16,right,0.471505698860228,30.0,0.2916666666666667,0.6346047540077391,Severe flat foot,subject1_steppage_trial16_pressure.csv,1.8298142957937222,1.9513045351986356,-1.5612666906089097,1.2133767708314234,3.326506668169482,outside_normal_range,Normal
subject1,steppage,trial17,left,0.27652259332023577,22.0,1.1193467336683418,0.1064133016627078,Severe flat foot,subject1_steppage_trial17_pressure.csv,-0.07807438400359541,0.6396869945915826,0.9124812004665224,-1.1609363831170187,1.6111146102424878,within_normal_range,Normal
subject1,steppage,trial17,right,0.5622037914691943,29.0,0.3055141579731744,0.5687671232876712,Severe flat foot,subject1_steppage_trial17_pressure.csv,2.7172853599591438,1.787352342622754,-1.5198796815677826,0.9174250814403111,3.7053975698466806,outside_normal_range,Normal
subject1,steppage,trial18,right,0.19578059071729959,29.0,0.3907637655417407,0.2694632065410594,Normal,subject1_steppage_trial18_pressure.csv,-0.8681261801511932,1.787352342622754,-1.2650879506255388,-0.42799848307348315,2.394139028058746,borderline,Normal
subject1,steppage,trial18,left,0.25098039215686274,20.0,1.3348765432098766,0.12034676185619586,Mild flat foot,subject1_steppage_trial18_pressure.csv,-0.3280020704138937,0.31178260943981934,1.5566508900286875,-1.0983030374418121,1.9581177975867334,within_normal_range,Normal
subject1,steppage,trial19,right,0.28344319503683596,30.0,1.5153374233128833,0.08989572096368215,Severe flat foot,subject1_steppage_trial19_pressure.csv,-0.01035704184761447,1.9513045351986356,2.0960075078503486,-1.2351858033811753,3.1187542543845974,outside_normal_range,Normal
subject1,steppage,trial19,left,0.32026817947395564,23.0,0.9855643044619422,0.08562992125984248,Severe flat foot,subject1_steppage_trial19_pressure.csv,0.3499714632642435,0.8036391871674642,0.51263587942219,-1.2543613207129471,1.613856820174017,within_normal_range,Normal
subject1,steppage,trial1,left,0.26780784097183874,18.0,1.3176838810641627,0.05391658189216686,Severe flat foot,subject1_steppage_trial1_pressure.csv,-0.1633472967859468,-0.016121775711943915,1.505265924483968,-1.3969183395401217,2.060133151467518,borderline,Normal
subject1,steppage,trial1,right,0.4145945945945946,31.0,0.639344262295082,0.6222980659840729,Severe flat foot,subject1_steppage_trial1_pressure.csv,1.2729452722828807,2.115256727774517,-0.5221372573296753,1.1580560511825129,2.7764044777004098,borderline,Normal
subject1,steppage,trial20,left,0.23733333333333334,22.0,1.068831168831169,0.09444732745199791,Mild flat foot,subject1_steppage_trial20_pressure.csv,-0.46153707063779503,0.6396869945915826,0.7615016408945171,-1.2147255344600765,1.636355337870381,within_normal_range,Normal
subject1,steppage,trial20,right,0.3320795271359484,33.0,0.4709976798143852,0.6177514792899408,Severe flat foot,subject1_steppage_trial20_pressure.csv,0.4655442275560939,2.4431611129262807,-1.025286988710771,1.1376183471160843,2.920814366651998,borderline,Normal
subject1,steppage,trial2,right,0.21331581252737625,29.0,1.7688022284122562,0.03179916317991627,Mild flat foot,subject1_steppage_trial2_pressure.csv,-0.696545924023216,1.787352342622754,2.8535562903742484,-1.4963400131524738,3.7498828726038886,outside_normal_range,Normal
subject1,steppage,trial2,left,0.2767195767195767,22.0,0.8031980319803198,0.14781297134238314,Severe flat foot,subject1_steppage_trial2_pressure.csv,-0.07614692266447197,0.6396869945915826,-0.03241552381981644,-0.9748376118226969,1.168912717224675,within_normal_range,Normal
subject1,steppage,trial3,right,0.30924170616113744,31.0,1.3774752475247525,0.062116564417177944,Severe flat foot,subject1_steppage_trial3_pressure.csv,0.24207860991496608,2.115256727774517,1.683968750108622,-1.3600579808863749,3.036185360034666,outside_normal_range,Normal
subject1,steppage,trial3,left,0.3114166168559474,20.0,1.0152439024390243,0.10417797069994572,Severe flat foot,subject1_steppage_trial3_pressure.csv,0.2633598767339878,0.31178260943981934,0.6013414624498707,-1.1709845875791525,1.3781811488449953,within_normal_range,Normal
subject1,steppage,trial4,right,0.24947764312578355,28.0,1.9020771513353116,0.0877399138268703,Mild flat foot,subject1_steppage_trial4_pressure.csv,-0.3427063077734957,1.6234001500468724,3.251884790308368,-1.244876534307591,3.8571165312534346,outside_normal_range,Normal
subject1,steppage,trial4,left,0.26272189349112424,20.0,1.1909937888198758,0.05498652291105122,Severe flat foot,subject1_steppage_trial4_pressure.csv,-0.21311274491349577,0.31178260943981934,1.1266179891231878,-1.3921087671326025,1.8302623720486355,within_normal_range,Normal
subject1,steppage,trial5,right,0.28430209568999604,32.0,1.8833819241982508,0.06223588167499039,Severe flat foot,subject1_steppage_trial5_pressure.csv,-0.0019527914963011915,2.2792089203503987,3.1960089989884026,-1.3595216288998757,4.1542231159460945,outside_normal_range,Normal
subject1,steppage,trial5,left,0.2591304347826087,20.0,0.9986449864498645,0.10718002081165456,Mild flat foot,subject1_steppage_trial5_pressure.csv,-0.24825478142460694,0.31178260943981934,0.5517310694255827,-1.1574898461603031,1.3427690601823463,within_normal_range,Normal
subject1,steppage,trial6,right,0.32001755926251096,30.0,1.4596888260254597,0.060913705583756306,Severe flat foot,subject1_steppage_trial6_pressure.csv,0.3475191714976339,1.9513045351986356,1.9296864791468848,-1.3654650421666292,3.0848895689840474,outside_normal_range,Normal
subject1,steppage,trial6,left,0.322060353798127,23.0,0.8864229765013055,0.0920848422141749,Severe flat foot,subject1_steppage_trial6_pressure.csv,0.3675076959334303,0.8036391871674642,0.21632494873917968,-1.2253453196748285,1.526160373492084,within_normal_range,Normal
subject1,steppage,trial7,right,0.26500422654268807,29.0,0.4957983193277311,0.1787132644956314,Severe flat foot,subject1_steppage_trial7_pressure.csv,-0.19078036190755998,1.787352342622754,-0.9511635053270188,-0.835935378231278,2.198755446522709,borderline,Normal
subject1,steppage,trial7,left,0.1925,18.0,0.8651535380507344,0.06920821114369502,Normal,subject1_steppage_trial7_pressure.csv,-0.9002264068618622,-0.016121775711943915,0.152755423980584,-1.3281797859039126,1.6118508797350877,within_normal_range,Normal
subject1,steppage,trial8,right,0.24403747870528109,30.0,1.478643216080402,0.07541241162608014,Mild flat foot,subject1_steppage_trial8_pressure.csv,-0.3959377304927525,1.9513045351986356,1.986336849615381,-1.3002908173307564,3.0984909819602766,outside_normal_range,Normal
subject1,steppage,trial8,left,0.283867341202923,20.0,1.1393568147013782,0.08097615085967835,Severe flat foot,subject1_steppage_trial8_pressure.csv,-0.006206817310899758,0.31178260943981934,0.9722867916957987,-1.2752808343239848,1.6336859342696264,within_normal_range,Normal
subject1,steppage,trial9,left,0.2990550305725403,21.0,0.8072139303482587,0.10447011551983931,Severe flat foot,subject1_steppage_trial9_pressure.csv,0.14240308681552538,0.47573480201570095,-0.02041291494408274,-1.1696713454097616,1.270885511898182,within_normal_range,Normal
subject1,steppage,trial9,right,0.3392630241423126,30.0,0.39365918097754293,0.6138613861386139,Severe flat foot,subject1_steppage_trial9_pressure.csv,0.5358339717974948,1.9513045351986356,-1.2564342109576865,1.1201316965876187,2.632115001018034,borderline,Normal
subject1,stiff-legged,trial10,right,0.34156378600823045,24.0,0.6850393700787402,0.15433673469387754,Severe flat foot,subject1_stiff-legged_trial10_pressure.csv,0.5583466787663236,0.9675913797433459,-0.38556494996243734,-0.9455121521433878,1.5134852666390162,within_normal_range,Normal
subject1,stiff-legged,trial10,left,0.3002257336343115,29.0,0.7935393258426966,0.6500829187396351,Severe flat foot,subject1_stiff-legged_trial10_pressure.csv,0.15385829014081656,1.787352342622754,-0.06128320457116934,1.2829538341457978,2.2063605647844637,borderline,Normal
subject1,stiff-legged,trial11,left,0.23505077096652877,24.0,0.5067650676506765,0.20608228980322008,Mild flat foot,subject1_stiff-legged_trial11_pressure.csv,-0.48387169746865455,0.9675913797433459,-0.9183863833236852,-0.7129068125283501,1.5880914867187341,within_normal_range,Normal
subject1,stiff-legged,trial11,right,0.3025018953752843,20.0,0.7387387387387387,0.1378299120234604,Severe flat foot,subject1_stiff-legged_trial11_pressure.csv,0.17613028753753013,0.31178260943981934,-0.22506972327905178,-1.0197132131833988,1.103948228502984,within_normal_range,Normal
subject1,stiff-legged,trial12,left,0.26705012325390304,26.0,0.5840579710144927,0.26080125687352707,Severe flat foot,subject1_stiff-legged_trial12_pressure.csv,-0.17076148301776306,1.295495764895109,-0.6873754355984567,-0.4669354650014429,1.5485420494400117,within_normal_range,Normal
subject1,stiff-legged,trial12,right,0.37034617896799477,23.0,0.8092691622103387,0.15314136125654454,Severe flat foot,subject1_stiff-legged_trial12_pressure.csv,0.8399792927988724,0.8036391871674642,-0.01427029331141611,-0.9508855652562648,1.5019281457400007,within_normal_range,Normal
subject1,stiff-legged,trial13,left,0.24910554561717352,23.0,0.5302916978309649,0.2931258106355382,Mild flat foot,subject1_stiff-legged_trial13_pressure.csv,-0.34634724180463544,0.8036391871674642,-0.8480706247197244,-0.3216309303447138,1.260342253089918,within_normal_range,Normal
subject1,stiff-legged,trial13,right,0.19457956914523974,18.0,0.9318885448916409,0.07313829787234039,Normal,subject1_stiff-legged_trial13_pressure.csv,-0.8798780468330755,-0.016121775711943915,0.35221121495019164,-1.310513357235761,1.6173877977717432,within_normal_range,Normal
subject1,stiff-legged,trial14,left,0.22819823280829812,24.0,0.7403773584905661,0.1929555895865237,Mild flat foot,subject1_stiff-legged_trial14_pressure.csv,-0.5509230450393079,0.9675913797433459,-0.22017226070025414,-0.7719136307077569,1.3726163911899445,within_normal_range,Normal
subject1,stiff-legged,trial14,right,0.3562585969738652,23.0,0.7265100671140939,0.13536828135368284,Severe flat foot,subject1_stiff-legged_trial14_pressure.csv,0.7021338208135901,0.8036391871674642,-0.261618447657185,-1.0307786744919205,1.5065778218941592,within_normal_range,Normal
subject1,stiff-legged,trial15,left,0.22792022792022792,25.0,0.5786873676781934,0.17690802348336598,Mild flat foot,subject1_stiff-legged_trial15_pressure.csv,-0.5536432929162126,1.1315435723192275,-0.7034269501952753,-0.8440502529844368,1.671568740935348,within_normal_range,Normal
subject1,stiff-legged,trial15,right,0.42463958060288337,21.0,0.8302658486707567,0.21395348837209305,Severe flat foot,subject1_stiff-legged_trial15_pressure.csv,1.3712343781049534,0.47573480201570095,0.048484037645458194,-0.677524395383123,1.6024972167811928,within_normal_range,Normal
subject1,stiff-legged,trial16,right,0.3862508858965273,23.0,1.1014150943396226,0.13788098693759077,Severe flat foot,subject1_stiff-legged_trial16_pressure.csv,0.9956051364862237,0.8036391871674642,0.8588875998212446,-1.019483622492527,1.8477284152726878,within_normal_range,Normal
subject1,stiff-legged,trial16,left,0.310281517747858,26.0,0.9714285714285714,0.6428571428571428,Severe flat foot,subject1_stiff-legged_trial16_pressure.csv,0.2522530542594242,1.295495764895109,0.47038738127147217,1.2504727050985258,1.8780008399625996,within_normal_range,Normal
subject1,stiff-legged,trial17,right,0.3827851644506648,22.0,0.8977505112474438,0.18711864406779666,Severe flat foot,subject1_stiff-legged_trial17_pressure.csv,0.9616934255429613,0.6396869945915826,0.2501803794865368,-0.7981517238508111,1.4260750654675285,within_normal_range,Normal
subject1,stiff-legged,trial17,left,0.4013521819299324,30.0,1.0333988212180747,0.6611374407582938,Severe flat foot,subject1_stiff-legged_trial17_pressure.csv,1.1433696911260218,1.9513045351986356,0.6556023947023697,1.3326458481361507,2.705668696674887,borderline,Normal
subject1,stiff-legged,trial18,left,0.2871985157699443,27.0,0.542995839112344,0.1986803519061584,Severe flat foot,subject1_stiff-legged_trial18_pressure.csv,0.02638836691928031,1.4594479574709907,-0.8101008294380987,-0.7461798207068747,1.8285875328136065,within_normal_range,Normal
subject1,stiff-legged,trial18,right,0.25408719346049047,21.0,0.8849144634525661,0.05222929936305731,Mild flat foot,subject1_stiff-legged_trial18_pressure.csv,-0.29760235439154764,0.47573480201570095,0.21181634557020734,-1.4045029702370138,1.5272149556770396,within_normal_range,Normal
subject1,stiff-legged,trial19,left,0.24868421052631579,25.0,0.42467620995228356,0.33120060218291303,Mild flat foot,subject1_stiff-legged_trial19_pressure.csv,-0.3504699602731028,1.1315435723192275,-1.1637313501872883,-0.15047806900358804,1.6673734895849122,within_normal_range,Normal
subject1,stiff-legged,trial19,right,0.3103932584269663,21.0,0.5745614035087719,0.1508417508417509,Severe flat foot,subject1_stiff-legged_trial19_pressure.csv,0.25334642476531066,0.47573480201570095,-0.7157585207739087,-0.9612227171214842,1.3140652132832473,within_normal_range,Normal
subject1,stiff-legged,trial1,right,0.3310901749663526,25.0,1.5102974828375286,0.05598958333333337,Severe flat foot,subject1_stiff-legged_trial1_pressure.csv,0.4558635231715925,1.1315435723192275,2.0809442695060705,-1.3875998347289142,2.782798009548167,borderline,Normal
subject1,stiff-legged,trial1,left,0.4189095928226363,24.0,2.1538461538461537,0.708018154311649,Severe flat foot,subject1_stiff-legged_trial1_pressure.csv,1.315167065036806,0.9675913797433459,4.004365203731324,1.5433828723004672,4.59160852670127,outside_normal_range,Normal
subject1,stiff-legged,trial20,left,0.21785240830755634,23.0,0.47007397444519167,0.3956700261291527,Mild flat foot,subject1_stiff-legged_trial20_pressure.csv,-0.6521558230970277,0.8036391871674642,-1.0280477344386403,0.13932329113475245,1.4654133493617372,within_normal_range,Normal
subject1,stiff-legged,trial20,right,0.2860215053763441,20.0,0.6719242902208202,0.1834733893557423,Severe flat foot,subject1_stiff-legged_trial20_pressure.csv,0.01487144703160779,0.31178260943981934,-0.42476294739318815,-0.8145377826821257,0.9702190043391127,within_normal_range,Normal
subject1,stiff-legged,trial2,left,0.24635818337617824,21.0,0.6110236220472441,0.20680958385876413,Mild flat foot,subject1_stiff-legged_trial2_pressure.csv,-0.37322988532588347,0.47573480201570095,-0.6067812240990879,-0.7096374982764816,1.1123816710232965,within_normal_range,Normal
subject1,stiff-legged,trial2,right,0.35115070527097253,23.0,1.0778032036613272,0.11111111111111116,Severe flat foot,subject1_stiff-legged_trial2_pressure.csv,0.6521536508363469,0.8036391871674642,0.7883170169372924,-1.13981890626546,1.7296737223313128,within_normal_range,Normal
subject1,stiff-legged,trial3,left,0.25609756097560976,23.0,0.48986722571628233,0.39766508573513315,Mild flat foot,subject1_stiff-legged_trial3_pressure.csv,-0.27793112485755267,0.8036391871674642,-0.9688901981616581,0.14829143373600057,1.2976209842357602,within_normal_range,Normal
subject1,stiff-legged,trial3,right,0.35115070527097253,23.0,1.0577319587628866,0.11828687967369134,Severe flat foot,subject1_stiff-legged_trial3_pressure.csv,0.6521536508363469,0.8036391871674642,0.7283286207945163,-1.1075625688859327,1.6817543671166748,within_normal_range,Normal
subject1,stiff-legged,trial4,left,0.24230931310577328,22.0,0.6934984520123839,0.16488307570352756,Mild flat foot,subject1_stiff-legged_trial4_pressure.csv,-0.41284764468754837,0.6396869945915826,-0.36028267372061606,-0.8981045008569736,1.2312749198357356,within_normal_range,Normal
subject1,stiff-legged,trial4,right,0.3364352183249821,25.0,0.9483747609942639,0.11401098901098905,Severe flat foot,subject1_stiff-legged_trial4_pressure.csv,0.5081641965489757,1.1315435723192275,0.40148477358911794,-1.1267834468464257,1.7232099890095351,within_normal_range,Normal
subject1,stiff-legged,trial5,left,0.1349134001823154,22.0,0.5862068965517241,0.2349397590361446,Normal,subject1_stiff-legged_trial5_pressure.csv,-1.4637050815701382,0.6396869945915826,-0.6809527848330935,-0.5831874305027622,1.831785001339463,within_normal_range,Normal
subject1,stiff-legged,trial5,right,0.3613068545803972,24.0,0.7607260726072608,0.18884120171673824,Severe flat foot,subject1_stiff-legged_trial5_pressure.csv,0.7515304775830537,0.9675913797433459,-0.15935457203146505,-0.7904085253076344,1.4666869650324725,within_normal_range,Normal
subject1,stiff-legged,trial6,left,0.5042622950819672,27.0,0.12723214285714285,0.635,Severe flat foot,subject1_stiff-legged_trial6_pressure.csv,2.1503340605552363,1.4594479574709907,-2.052724166403091,1.2151534708410583,3.5276336790520855,outside_normal_range,Normal
subject1,stiff-legged,trial6,right,0.18889689978370583,16.0,0.7409972299168975,0.042723631508678195,Normal,subject1_stiff-legged_trial6_pressure.csv,-0.9354823542723057,-0.3440261608637072,-0.2183196056771844,-1.4472326132926043,1.7707701493175954,within_normal_range,Normal
subject1,stiff-legged,trial7,left,0.28407695456406057,25.0,0.4881194840461643,0.49480249480249483,Severe flat foot,subject1_stiff-legged_trial7_pressure.csv,-0.004155773156376354,1.1315435723192275,-0.9741138013906947,0.5849411126831898,1.603577852763739,within_normal_range,Normal
subject1,stiff-legged,trial7,right,0.3048128342245989,20.0,0.8405797101449275,0.06784452296819787,Severe flat foot,subject1_stiff-legged_trial7_pressure.csv,0.1987425751924052,0.31178260943981934,0.07930982902037904,-1.3343098032652154,1.3868596564945248,within_normal_range,Normal
subject1,stiff-legged,trial8,left,0.23066169617893756,21.0,1.2843029637760703,0.13740458015267176,Mild flat foot,subject1_stiff-legged_trial8_pressure.csv,-0.526818321376599,0.47573480201570095,1.4054979379928607,-1.0216251544901418,1.876966583500134,within_normal_range,Normal
subject1,stiff-legged,trial8,right,0.28270676691729324,24.0,1.0524271844660193,0.0921144452198186,Severe flat foot,subject1_stiff-legged_trial8_pressure.csv,-0.017562911652943852,0.9675913797433459,0.7124738542576777,-1.225212248975967,1.7161892617252033,within_normal_range,Normal
subject1,stiff-legged,trial9,left,0.2530349013657056,26.0,0.5414507772020726,0.189033189033189,Mild flat foot,subject1_stiff-legged_trial9_pressure.csv,-0.3078989191627373,1.295495764895109,-0.8147186688599909,-0.7895455086707378,1.7493597803007463,within_normal_range,Normal
subject1,stiff-legged,trial9,right,0.3391304347826087,24.0,1.1186094069529653,0.14387556707712246,Severe flat foot,subject1_stiff-legged_trial9_pressure.csv,0.5345365991982634,0.9675913797433459,0.9102774982391585,-0.9925369341004726,1.7423252117185768,within_normal_range,Normal
subject1,trendelenburg,trial10,right,0.260790273556231,21.0,1.1191553544494721,0.0730643402399127,Severe flat foot,subject1_trendelenburg_trial10_pressure.csv,-0.23201343785941725,0.47573480201570095,0.9119092114118752,-1.3108458097560134,1.6822749430485464,within_normal_range,Normal
subject1,trendelenburg,trial10,left,0.3092940578974099,22.0,0.773109243697479,0.12168486739469575,Severe flat foot,subject1_trendelenburg_trial10_pressure.csv,0.24259086601389993,0.6396869945915826,-0.12234408381199746,-1.0922880185176587,1.294647044396277,within_normal_range,Normal
subject1,trendelenburg,trial11,left,0.27424942263279445,19.0,0.5411522633744856,0.34942528735632183,Severe flat foot,subject1_trendelenburg_trial11_pressure.csv,-0.10031711426376577,0.14783041686393772,-0.8156108589475511,-0.06855491492435918,0.8377578439846585,within_normal_range,Normal
subject1,trendelenburg,trial11,right,0.22506393861892582,19.0,0.5575620767494357,0.09468822170900693,Mild flat foot,subject1_trendelenburg_trial11_pressure.csv,-0.5815917759865202,0.14783041686393772,-0.7665656507232217,-1.2136426725534935,1.55584519138532,within_normal_range,Normal
subject1,trendelenburg,trial12,right,0.3091891891891892,23.0,1.5674157303370786,0.11940298507462688,Severe flat foot,subject1_trendelenburg_trial12_pressure.csv,0.24156473700274733,0.8036391871674642,2.251657749179189,-1.1025454794899023,2.6438151635650895,borderline,Normal
subject1,trendelenburg,trial12,left,0.336318407960199,23.0,1.037344398340249,0.2494183341088878,Severe flat foot,subject1_trendelenburg_trial12_pressure.csv,0.5070212197149808,0.8036391871674642,0.6673948293328325,-0.5181036979034921,1.2715163232903945,within_normal_range,Normal
subject1,trendelenburg,trial13,right,0.30279595478881616,23.0,1.5383211678832116,0.09734012450481044,Severe flat foot,subject1_trendelenburg_trial13_pressure.csv,0.17900762721632682,0.8036391871674642,2.1647007045656332,-1.2017219046896548,2.609203777076578,borderline,Normal
subject1,trendelenburg,trial13,left,0.25578231292517006,20.0,0.8386433710174718,0.3008924776880578,Mild flat foot,subject1_trendelenburg_trial13_pressure.csv,-0.28101579306558216,0.31178260943981934,0.07352255079063676,-0.2867184006866432,0.5136061509254434,within_normal_range,Normal
subject1,trendelenburg,trial14,right,0.3190021231422505,26.0,1.2078740157480314,0.08029197080291972,Severe flat foot,subject1_trendelenburg_trial14_pressure.csv,0.3375832384662213,1.295495764895109,1.177069156704967,-1.2783563435947598,2.193617665097911,borderline,Normal
subject1,trendelenburg,trial14,left,0.2766798418972332,20.0,0.6510468594217348,0.2382671480144405,Severe flat foot,subject1_trendelenburg_trial14_pressure.csv,-0.07653572361998523,0.31178260943981934,-0.4871608502415678,-0.5682302338567433,0.8144184460190683,within_normal_range,Normal
subject1,trendelenburg,trial15,left,0.25328787140769604,21.0,0.7015655577299413,0.2592775853537852,Mild flat foot,subject1_trendelenburg_trial15_pressure.csv,-0.3054236345574134,0.47573480201570095,-0.33617192543573576,-0.47378463553526773,0.8106112771949543,within_normal_range,Normal
subject1,trendelenburg,trial15,right,0.25206124852767964,22.0,1.5321252059308073,0.18212290502793294,Mild flat foot,subject1_trendelenburg_trial15_pressure.csv,-0.3174260072793089,0.6396869945915826,2.1461823803676516,-0.8206084464338452,2.4061287898418953,borderline,Normal
subject1,trendelenburg,trial16,right,0.29269602577873255,24.0,1.2589703588143526,0.0893125940792775,Severe flat foot,subject1_trendelenburg_trial16_pressure.csv,0.08018091004137268,0.9675913797433459,1.3297845306052578,-1.2378070609307172,2.059892054068776,borderline,Normal
subject1,trendelenburg,trial16,left,0.33653333333333335,23.0,0.6140749148694665,0.18416801292407103,Severe flat foot,subject1_trendelenburg_trial16_pressure.csv,0.5091242413345647,0.8036391871674642,-0.5976616022971882,-0.811415327996418,1.3858707232760406,within_normal_range,Normal
subject1,trendelenburg,trial17,left,0.30208839242350655,20.0,1.312412831241283,0.16842105263157892,Severe flat foot,subject1_trendelenburg_trial17_pressure.csv,0.17208420570610813,0.31178260943981934,1.4895119527466305,-0.8822006744672365,1.7674120223672045,within_normal_range,Normal
subject1,trendelenburg,trial17,right,0.3574660633484163,20.0,0.33771106941838647,0.703971119133574,Severe flat foot,subject1_trendelenburg_trial17_pressure.csv,0.713948749193472,0.31178260943981934,-1.423650419849227,1.525190739854676,2.227087452907802,borderline,Normal
subject1,trendelenburg,trial18,right,0.29640900791235547,22.0,0.601965601965602,0.20882188721384698,Severe flat foot,subject1_trendelenburg_trial18_pressure.csv,0.11651204017395692,0.6396869945915826,-0.6338535905455251,-0.7005918420007212,1.1468974713898914,within_normal_range,Normal
subject1,trendelenburg,trial18,left,0.26898914905768134,20.0,0.9681697612732095,0.19846547314578,Severe flat foot,subject1_trendelenburg_trial18_pressure.csv,-0.15178832444272566,0.31178260943981934,0.4606475372536684,-0.7471457383963894,0.9437536749427728,within_normal_range,Normal
subject1,trendelenburg,trial19,right,0.2765578635014837,25.0,1.722,0.0629650829994276,Severe flat foot,subject1_trendelenburg_trial19_pressure.csv,-0.07772926908017176,1.1315435723192275,2.713675050692038,-1.3562437411400472,3.2388056535486474,outside_normal_range,Normal
subject1,trendelenburg,trial19,left,0.32525448376151234,23.0,1.0939226519337018,0.13220675944333993,Severe flat foot,subject1_trendelenburg_trial19_pressure.csv,0.3987619134825216,0.8036391871674642,0.8364943897638937,-1.0449902695961137,1.611389007798071,within_normal_range,Normal
subject1,trendelenburg,trial1,right,0.2892749244712991,16.0,1.0932835820895523,0.13687707641196012,Severe flat foot,subject1_trendelenburg_trial1_pressure.csv,0.046705802345165956,-0.3440261608637072,0.8345843550267502,-1.0239963762597635,1.365882518952443,within_normal_range,Normal
subject1,trendelenburg,trial1,left,0.30531231757151195,20.0,0.9438700147710487,0.13920609026644915,Severe flat foot,subject1_trendelenburg_trial1_pressure.csv,0.2036299659265074,0.31178260943981934,0.3880211094104251,-1.013527050779598,1.147375711169807,within_normal_range,Normal
subject1,trendelenburg,trial20,right,0.28897772701313534,22.0,1.431858407079646,0.059275521405049436,Severe flat foot,subject1_trendelenburg_trial20_pressure.csv,0.043797757237745774,0.6396869945915826,1.8465076726010787,-1.372828967173036,2.388591143890621,borderline,Normal
subject1,trendelenburg,trial20,left,0.284527518172378,21.0,0.8800988875154512,0.19139681005316578,Severe flat foot,subject1_trendelenburg_trial20_pressure.csv,0.0002529432062887557,0.47573480201570095,0.19742368191466533,-0.778920617916137,0.9338185610838882,within_normal_range,Normal
subject1,trendelenburg,trial2,right,0.31197183098591547,19.0,1.0720887245841035,0.10613810741687979,Severe flat foot,subject1_trendelenburg_trial2_pressure.csv,0.26879258717572563,0.14783041686393772,0.771237735788133,-1.1621734294850723,1.4281309507098732,within_normal_range,Normal
subject1,trendelenburg,trial2,left,0.3359154929577465,18.0,0.6798866855524079,0.10376134889753563,Severe flat foot,subject1_trendelenburg_trial2_pressure.csv,0.5030787398269372,-0.016121775711943915,-0.4009651546895684,-1.1728573756019276,1.3378025298589609,within_normal_range,Normal
subject1,trendelenburg,trial3,right,0.2882758620689655,19.0,1.2475442043222005,0.09475032010243278,Severe flat foot,subject1_trendelenburg_trial3_pressure.csv,0.03693008437952689,0.14783041686393772,1.2956343478172916,-1.2133635293911127,1.7816108107504403,within_normal_range,Normal
subject1,trendelenburg,trial3,left,0.27121771217712176,17.0,0.8898809523809523,0.13486005089058528,Severe flat foot,subject1_trendelenburg_trial3_pressure.csv,-0.12998207442932597,-0.18007396828782554,0.22666005390928964,-1.0330632595006564,1.0807018330215592,within_normal_range,Normal
subject1,trendelenburg,trial4,left,0.26392111368909515,17.0,0.6175514626218852,0.19750283768444954,Severe flat foot,subject1_trendelenburg_trial4_pressure.csv,-0.2013785044829897,-0.18007396828782554,-0.5872709900139624,-0.7514729535153519,0.9912511042615771,within_normal_range,Normal
subject1,trendelenburg,trial4,right,0.247682119205298,19.0,1.3823529411764706,0.08922880815806244,Mild flat foot,subject1_trendelenburg_trial4_pressure.csv,-0.36027531588172407,0.14783041686393772,1.6985470695164582,-1.2381836933316648,2.137712127761648,borderline,Normal
subject1,trendelenburg,trial5,right,0.3319783197831978,19.0,1.292275574112735,0.09084836339345359,Severe flat foot,subject1_trendelenburg_trial5_pressure.csv,0.4645539245137336,0.14783041686393772,1.429326261028518,-1.2309035086905407,1.948271333542565,within_normal_range,Normal
subject1,trendelenburg,trial5,left,0.30961070559610704,18.0,1.249554367201426,0.09580838323353291,Severe flat foot,subject1_trendelenburg_trial5_pressure.csv,0.24568922962932746,-0.016121775711943915,1.301642268487915,-1.2086073501710108,1.7932170619335843,within_normal_range,Normal
subject1,trendelenburg,trial6,left,0.2783864541832669,21.0,0.8344017094017094,0.12003780718336488,Severe flat foot,subject1_trendelenburg_trial6_pressure.csv,-0.05983670627533188,0.47573480201570095,0.06084518680063691,-1.0996918428464049,1.2012195133473835,within_normal_range,Normal
subject1,trendelenburg,trial6,right,0.19882659713168188,21.0,0.6689497716894978,0.05023923444976075,Normal,subject1_trendelenburg_trial6_pressure.csv,-0.8383213355699378,0.47573480201570095,-0.43365310826232606,-1.4134486608192323,1.7649358058008626,within_normal_range,Normal
subject1,trendelenburg,trial7,left,0.2980952380952381,21.0,1.2987886944818303,0.1679520137103685,Severe flat foot,subject1_trendelenburg_trial7_pressure.csv,0.13301162083528983,0.47573480201570095,1.4487924997597903,-0.8843090866261221,1.7677720331467792,within_normal_range,Normal
subject1,trendelenburg,trial7,right,0.35276621058893515,23.0,1.234295415959253,0.11136363636363633,Severe flat foot,subject1_trendelenburg_trial7_pressure.csv,0.6679611963144912,0.8036391871674642,1.2560367260080911,-1.1386837609954774,1.991541379828448,within_normal_range,Normal
subject1,trendelenburg,trial8,left,0.27419354838709675,22.0,0.8623024830699775,0.2468581687612208,Severe flat foot,subject1_trendelenburg_trial8_pressure.csv,-0.10086383773790278,0.6396869945915826,0.14423426764594294,-0.5296120898592143,0.8489201696869002,within_normal_range,Normal
subject1,trendelenburg,trial8,right,0.29987834549878345,21.0,1.33781512605042,0.19870664315108755,Severe flat foot,subject1_trendelenburg_trial8_pressure.csv,0.15045913466304162,0.47573480201570095,1.5654336472731363,-0.7460616369528745,1.804481095273693,within_normal_range,Normal
subject1,trendelenburg,trial9,right,0.28626373626373625,23.0,1.315619967793881,0.0735068912710567,Severe flat foot,subject1_trendelenburg_trial9_pressure.csv,0.017241650166248037,0.8036391871674642,1.4990973560922976,-1.308856465305486,2.1462831470862658,borderline,Normal
subject1,trendelenburg,trial9,left,0.306265664160401,24.0,0.6263959390862944,0.2611839132399457,Severe flat foot,subject1_trendelenburg_trial9_pressure.csv,0.21295835958311465,0.9675913797433459,-0.5608368569790124,-0.46521535756654175,1.2298567600057437,within_normal_range,Normal
subject2,antalgic,trial10,left,0.2775,9.0,1.0288184438040346,0.3390928725701944,Severe flat foot,subject2_antalgic_trial10_pressure.csv,-0.0685105649500619,-1.4916915088948786,0.6419126860576305,-0.11500093034137593,1.629452167361767,within_normal_range,Normal
subject2,antalgic,trial10,right,0.4650112866817156,19.0,3.192982456140351,0.5995085995085996,Severe flat foot,subject2_antalgic_trial10_pressure.csv,1.766267172349326,0.14783041686393772,7.110107795373308,1.0556134050852461,7.403344249668051,outside_normal_range,Normal
subject2,antalgic,trial11,right,0.17755289788408463,11.0,0.24041811846689895,0.5154639175257731,Normal,subject2_antalgic_trial11_pressure.csv,-1.0464821906322175,-1.1637871237431152,-1.7144369711124707,0.677817829133958,2.4183168903412664,borderline,Normal
subject2,antalgic,trial11,left,0.27953890489913547,10.0,1.1040609137055837,0.15535714285714286,Severe flat foot,subject2_antalgic_trial11_pressure.csv,-0.048560100188149824,-1.327739316318997,0.8667953534783103,-0.9409252386034569,1.8444306072287138,within_normal_range,Normal
subject2,antalgic,trial12,right,0.15248796147672553,14.0,0.2110792741165234,0.5747599451303155,Normal,subject2_antalgic_trial12_pressure.csv,-1.2917398928264812,-0.6719305460154704,-1.802124118878692,0.9443638659796814,2.501910681978957,borderline,Normal
subject2,antalgic,trial12,left,0.2841025641025641,12.0,0.7030927835051546,0.1523118766999093,Severe flat foot,subject2_antalgic_trial12_pressure.csv,-0.003905186581347429,-0.9998349311672337,-0.3316073941738972,-0.9546142437213786,1.4215966229036154,within_normal_range,Normal
subject2,antalgic,trial13,right,0.19609375,13.0,0.3514689880304679,0.5559276624246483,Normal,subject2_antalgic_trial13_pressure.csv,-0.8650619503104441,-0.8358827385913521,-1.3825311232646023,0.8597094544998588,2.0242343697066345,borderline,Normal
subject2,antalgic,trial13,left,0.3013555787278415,11.0,0.8611111111111112,0.14426877470355737,Severe flat foot,subject2_antalgic_trial13_pressure.csv,0.164913702648996,-1.1637871237431152,0.1406735272243351,-0.9907693969024882,1.5437001126552818,within_normal_range,Normal
subject2,antalgic,trial14,right,0.17889908256880735,13.0,0.34791666666666665,0.45474943904263276,Normal,subject2_antalgic_trial14_pressure.csv,-1.0333099185331243,-0.8358827385913521,-1.3931482056766011,0.4048956069782819,1.967544590585981,within_normal_range,Normal
subject2,antalgic,trial14,left,0.23711340206185566,10.0,0.9692307692307692,0.14920071047957373,Mild flat foot,subject2_antalgic_trial14_pressure.csv,-0.463689074433322,-1.327739316318997,0.46381864925946503,-0.9685994811731908,1.7695230838217164,within_normal_range,Normal
subject2,antalgic,trial15,left,0.28325688073394495,9.0,0.7,0.13411078717201164,Severe flat foot,subject2_antalgic_trial15_pressure.csv,-0.012180107227487497,-1.4916915088948786,-0.3408510222114124,-1.0364313312384466,1.8481507612844834,within_normal_range,Normal
subject2,antalgic,trial15,right,0.45161290322580644,17.0,0.7909407665505227,0.6420927467300832,Severe flat foot,subject2_antalgic_trial15_pressure.csv,1.635165433804754,-0.18007396828782554,-0.06904970859262795,1.2470366105323472,2.0654444558567886,borderline,Normal
subject2,antalgic,trial16,right,0.26126126126126126,16.0,0.29820359281437125,0.4920127795527156,Severe flat foot,subject2_antalgic_trial16_pressure.csv,-0.22740487391095457,-0.3440261608637072,-1.5417293018077274,0.572400853684461,1.6954760256011645,within_normal_range,Normal
subject2,antalgic,trial16,left,0.3255605381165919,13.0,0.738,0.12425531914893617,Severe flat foot,subject2_antalgic_trial16_pressure.csv,0.40175662237200144,-0.8358827385913521,-0.22727764572380846,-1.0807333873614993,1.4421331835507964,within_normal_range,Normal
subject2,antalgic,trial17,right,0.1998158379373849,13.0,0.22148394241417496,0.55,Normal,subject2_antalgic_trial17_pressure.csv,-0.8286417208691286,-0.8358827385913521,-1.7710269265155918,0.8330635729648154,2.283829754006217,borderline,Normal
subject2,antalgic,trial17,left,0.34511434511434513,12.0,1.3333333333333333,0.11359026369168357,Severe flat foot,subject2_antalgic_trial17_pressure.csv,0.5930885170745563,-0.9998349311672337,1.5520385859153178,-1.1286746808968655,2.2436920880850706,borderline,Normal
subject2,antalgic,trial18,right,0.13593073593073593,10.0,0.4253164556962025,0.43354148082069577,Normal,subject2_antalgic_trial18_pressure.csv,-1.4537505608818495,-1.327739316318997,-1.161817800952586,0.3095621176702403,2.3069312284223633,borderline,Normal
subject2,antalgic,trial18,left,0.288107202680067,13.0,0.9030303030303031,0.11821862348178136,Severe flat foot,subject2_antalgic_trial18_pressure.csv,0.035279770430891214,-0.8358827385913521,0.26596047895840097,-1.1078693924317717,1.4135254443877407,within_normal_range,Normal
subject2,antalgic,trial19,right,0.23914541695382494,17.0,0.4150513112884835,0.47584715212689255,Mild flat foot,subject2_antalgic_trial19_pressure.csv,-0.44380602764918625,-0.18007396828782554,-1.1924979880714672,0.4997335250698948,1.3788311977417524,within_normal_range,Normal
subject2,antalgic,trial19,left,0.20223820943245405,11.0,1.0608365019011408,0.16005983545250557,Normal,subject2_antalgic_trial19_pressure.csv,-0.8049390767815452,-1.1637871237431152,0.7376073957066991,-0.9197858111504509,1.841846354969684,within_normal_range,Normal
subject2,antalgic,trial1,right,0.16584967320261437,12.0,0.35526315789473684,0.4774703557312253,Normal,subject2_antalgic_trial1_pressure.csv,-1.1609969832090645,-0.9998349311672337,-1.371191210568483,0.5070301097688579,2.117741427265193,borderline,Normal
subject2,antalgic,trial1,left,0.2587917042380523,12.0,0.783203125,0.18214936247723135,Mild flat foot,subject2_antalgic_trial1_pressure.csv,-0.2515692233075125,-0.9998349311672337,-0.09217576324903956,-0.8204895155620746,1.3208544129371573,within_normal_range,Normal
subject2,antalgic,trial20,right,0.17518796992481203,13.0,0.3304157549234136,0.4687252573238322,Normal,subject2_antalgic_trial20_pressure.csv,-1.0696227559111253,-0.8358827385913521,-1.4454544593158856,0.46771935968181627,2.037373992671752,borderline,Normal
subject2,antalgic,trial20,left,0.26228070175438595,13.0,0.7887323943661971,0.17642585551330803,Severe flat foot,subject2_antalgic_trial20_pressure.csv,-0.21742975852250537,-0.8358827385913521,-0.07565003189565847,-0.8462176825190091,1.2115209226834633,within_normal_range,Normal
subject2,antalgic,trial2,right,0.19010043041606886,16.0,0.5030229746070133,0.4549071618037135,Normal,subject2_antalgic_trial2_pressure.csv,-0.9237059367056886,-0.3440261608637072,-0.9295706502210432,0.40560459843327124,1.4142854524057522,within_normal_range,Normal
subject2,antalgic,trial2,left,0.3016453382084095,13.0,0.8860759493670886,0.13235294117647056,Severe flat foot,subject2_antalgic_trial2_pressure.csv,0.16774896794702562,-0.8358827385913521,0.2152877633874471,-1.044333157084546,1.3652180166452592,within_normal_range,Normal
subject2,antalgic,trial3,right,0.18089430894308944,12.0,0.2025028441410694,0.557085020242915,Normal,subject2_antalgic_trial3_pressure.csv,-1.0137868434308812,-0.9998349311672337,-1.8277571217871609,0.864911980742068,2.4730957288731448,borderline,Normal
subject2,antalgic,trial3,left,0.3015301530153015,14.0,1.107981220657277,0.13787510137875103,Severe flat foot,subject2_antalgic_trial3_pressure.csv,0.16662189324277166,-0.6719305460154704,0.8785122613038796,-1.0195100791110685,1.5134193432908036,within_normal_range,Normal
subject2,antalgic,trial4,right,0.12658227848101267,8.0,0.21649484536082475,0.6063535911602209,Normal,subject2_antalgic_trial4_pressure.csv,-1.5452242098038873,-1.6556437014707601,-1.7859382054096269,1.0863828422750312,3.081992355330425,outside_normal_range,Normal
subject2,antalgic,trial4,left,0.24580335731414868,9.0,0.8077858880778589,0.1235955056179775,Mild flat foot,subject2_antalgic_trial4_pressure.csv,-0.3786587985646543,-1.4916915088948786,-0.018703463087270233,-1.0836993648281037,1.8823602674036124,within_normal_range,Normal
subject2,antalgic,trial5,right,0.08791208791208792,5.0,0.29362214199759323,0.5835497835497836,Normal,subject2_antalgic_trial5_pressure.csv,-1.9236078581088636,-2.1475002791984052,-1.5554222186096585,0.9838757302625432,3.420434822018926,outside_normal_range,Normal
subject2,antalgic,trial5,left,0.27657004830917875,9.0,1.2693602693602695,0.15515151515151515,Severe flat foot,subject2_antalgic_trial5_pressure.csv,-0.07761004204969388,-1.4916915088948786,1.3608376153974668,-0.941849571180443,2.2293780537516477,borderline,Normal
subject2,antalgic,trial6,right,0.14444444444444443,7.0,0.19134078212290503,0.46829268292682924,Normal,subject2_antalgic_trial6_pressure.csv,-1.3704448403610174,-1.819595894046642,-1.8611179921020808,0.4657748619503488,2.978213336994931,borderline,Normal
subject2,antalgic,trial6,left,0.3233590733590734,12.0,0.7388535031847133,0.17331022530329288,Severe flat foot,subject2_antalgic_trial6_pressure.csv,0.3802155269103698,-0.9998349311672337,-0.22472671839405012,-0.8602229863868306,1.3909419185409406,within_normal_range,Normal
subject2,antalgic,trial7,right,0.22443890274314215,15.0,0.23711340206185566,0.5893155258764607,Mild flat foot,subject2_antalgic_trial7_pressure.csv,-0.5877076846883142,-0.5079783534395889,-1.724314018492859,1.0097937525776115,2.143918045849855,borderline,Normal
subject2,antalgic,trial7,left,0.2785171102661597,11.0,0.7392156862745098,0.22033898305084743,Severe flat foot,subject2_antalgic_trial7_pressure.csv,-0.058558250581401385,-1.1637871237431152,-0.22364423533050004,-0.6488204776220106,1.3523366053907013,within_normal_range,Normal
subject2,antalgic,trial8,left,0.2621231979030144,11.0,0.282,0.3210463733650416,Severe flat foot,subject2_antalgic_trial8_pressure.csv,-0.21897091673836214,-1.1637871237431152,-1.5901581635750546,-0.19612310726279392,1.9923393260572646,within_normal_range,Normal
subject2,antalgic,trial8,right,0.49901960784313726,20.0,1.4902912621359223,0.6788399570354458,Severe flat foot,subject2_antalgic_trial8_pressure.csv,2.099034930782017,0.31178260943981934,2.021150215931396,1.4122217615066155,3.253086924019176,outside_normal_range,Normal
subject2,antalgic,trial9,right,0.19224422442244224,12.0,0.41213653603034134,0.48444444444444446,Normal,subject2_antalgic_trial9_pressure.csv,-0.9027291433304379,-0.9998349311672337,-1.2012095898548811,0.5383798608772551,1.8834402430546708,within_normal_range,Normal
subject2,antalgic,trial9,left,0.2479757085020243,10.0,0.9172413793103448,0.17604912998976463,Mild flat foot,subject2_antalgic_trial9_pressure.csv,-0.35740257624521815,-1.327739316318997,0.3084341609754334,-0.8479111297756923,1.6446012310770253,within_normal_range,Normal
subject2,lurching,trial10,right,0.23597560975609755,20.0,0.43461160275319566,0.45611866501854137,Mild flat foot,subject2_lurching_trial10_pressure.csv,-0.4748222495569029,0.31178260943981934,-1.1340367157891247,0.41105051772303974,1.3332915529251446,within_normal_range,Normal
subject2,lurching,trial10,left,0.13859275053304904,8.0,0.92152466367713,0.42873969375736165,Normal,subject2_lurching_trial10_pressure.csv,-1.427703034809563,-1.6556437014707601,0.32123592592260103,0.28797724321550144,2.228366090779876,borderline,Normal
subject2,lurching,trial11,right,0.21956252579446967,25.0,0.4854918612880396,0.43455945252352435,Mild flat foot,subject2_lurching_trial11_pressure.csv,-0.6354225077394252,1.1315435723192275,-0.981967169516376,0.3141380788934718,1.6574362352795666,within_normal_range,Normal
subject2,lurching,trial11,left,0.2778846153846154,12.0,1.1293302540415704,0.2906688687035508,Severe flat foot,subject2_lurching_trial11_pressure.csv,-0.06474714485091361,-0.9998349311672337,0.9423196772565317,-0.33267531495507774,1.4150976367989052,within_normal_range,Normal
subject2,lurching,trial12,left,0.21348314606741572,12.0,0.8561525129982669,0.245,Mild flat foot,subject2_lurching_trial12_pressure.csv,-0.6949085833628158,-0.9998349311672337,0.1258534027422092,-0.5379648841205281,1.33709129244869,within_normal_range,Normal
subject2,lurching,trial12,right,0.5497737556561086,20.0,0.6345679012345679,0.6324110671936759,Severe flat foot,subject2_lurching_trial12_pressure.csv,2.5956587987676807,0.31178260943981934,-0.5364127166182676,1.203515764116625,2.9276000054987352,borderline,Normal
subject2,lurching,trial13,right,0.2174251264099572,24.0,0.489556135770235,0.5026399155227033,Mild flat foot,subject2_lurching_trial13_pressure.csv,-0.6563367304287375,0.9675913797433459,-0.9698199754133408,0.6201716924784556,1.6407847801359696,within_normal_range,Normal
subject2,lurching,trial13,left,0.23703703703703705,14.0,1.0456273764258555,0.276083467094703,Mild flat foot,subject2_lurching_trial13_pressure.csv,-0.46443629797343533,-0.6719305460154704,0.6921507711369154,-0.3982392515575324,1.1423042173652551,within_normal_range,Normal
subject2,lurching,trial14,right,0.2663706992230855,27.0,0.44172569220862845,0.46451612903225803,Severe flat foot,subject2_lurching_trial14_pressure.csv,-0.17740957395666343,1.4594479574709907,-1.1127743168394308,0.4487985902809271,1.8976694528693192,within_normal_range,Normal
subject2,lurching,trial14,left,0.20636663007683864,11.0,0.8997955010224948,0.1647269471799463,Normal,subject2_lurching_trial14_pressure.csv,-0.7645429255814229,-1.1637871237431152,0.25629238984535724,-0.8988063259349822,1.6770405347159205,within_normal_range,Normal
subject2,lurching,trial15,right,0.20304347826086958,22.0,0.4386440677966102,0.4712244109694863,Normal,subject2_lurching_trial15_pressure.csv,-0.7970596080569458,0.6396869945915826,-1.1219845928799452,0.47895349334352244,1.5914613866793763,within_normal_range,Normal
subject2,lurching,trial15,left,0.19607843137254902,10.0,0.8394833948339483,0.3194829178208679,Normal,subject2_lurching_trial15_pressure.csv,-0.8652118414295893,-1.327739316318997,0.07603319134766942,-0.20315111395935126,1.5995420106826377,within_normal_range,Normal
subject2,lurching,trial16,right,0.23384253819036427,24.0,0.579295154185022,0.40922190201729103,Mild flat foot,subject2_lurching_trial16_pressure.csv,-0.4956941250057497,0.9675913797433459,-0.7016104142541141,0.20024134847746183,1.3093126115442215,within_normal_range,Normal
subject2,lurching,trial16,left,0.24112961622013035,13.0,1.04,0.35470085470085466,Mild flat foot,subject2_lurching_trial16_pressure.csv,-0.42439085161040996,-0.8358827385913521,0.6753318200460957,-0.04484031506657339,1.156240143148312,within_normal_range,Normal
subject2,lurching,trial17,right,0.19032126880845873,22.0,0.7768456375838926,0.5456965394853593,Normal,subject2_lurching_trial17_pressure.csv,-0.921545056829771,0.6396869945915826,-0.11117685040232303,0.8137187636877152,1.3903032982985553,within_normal_range,Normal
subject2,lurching,trial17,left,0.14427860696517414,8.0,1.8037383177570094,0.19712918660287082,Normal,subject2_lurching_trial17_pressure.csv,-1.37206754222798,-1.6556437014707601,2.957972333220465,-0.7531525806165491,3.733706541821735,outside_normal_range,Normal
subject2,lurching,trial18,left,0.21227810650887574,13.0,0.5568326947637292,0.41498127340823965,Mild flat foot,subject2_lurching_trial18_pressure.csv,-0.7066997656094994,-0.8358827385913521,-0.7687456079565353,0.22613073231980202,1.3565505627286634,within_normal_range,Normal
subject2,lurching,trial18,right,0.40903141361256545,26.0,0.8799212598425197,0.6299651567944251,Severe flat foot,subject2_lurching_trial18_pressure.csv,1.2185101457631624,1.295495764895109,0.19689279311012675,1.1925209681793993,2.1503370163105053,borderline,Normal
subject2,lurching,trial19,right,0.30069686411149826,30.0,1.1889927310488058,0.29761904761904767,Severe flat foot,subject2_lurching_trial19_pressure.csv,0.15846825109944843,1.9513045351986356,1.1206372815545775,-0.3014330425780916,2.2758276234506867,borderline,Normal
subject2,lurching,trial19,left,0.26118721461187216,11.0,1.051454138702461,0.22776392352452202,Severe flat foot,subject2_lurching_trial19_pressure.csv,-0.22812941239727688,-1.1637871237431152,0.7095656412880912,-0.6154440688299693,1.5128444399030483,within_normal_range,Normal
subject2,lurching,trial1,right,0.26666666666666666,31.0,1.2806563039723662,0.49435301710229107,Severe flat foot,subject2_lurching_trial1_pressure.csv,-0.17451356440940924,2.115256727774517,1.3945988993926424,0.5829206316412074,2.6056608684820035,borderline,Normal
subject2,lurching,trial1,left,0.2080078125,10.0,1.0114942528735633,0.1341911764705882,Normal,subject2_lurching_trial1_pressure.csv,-0.7484841323954171,-1.327739316318997,0.590134610823695,-1.0360699672515823,1.9351537469874807,within_normal_range,Normal
subject2,lurching,trial20,right,0.310359231411863,27.0,0.7915851272015656,0.17096114519427408,Severe flat foot,subject2_lurching_trial20_pressure.csv,0.25301347408867086,1.4594479574709907,-0.06712386083434657,-0.8707825131981024,1.7195266664467805,within_normal_range,Normal
subject2,lurching,trial20,left,0.24899598393574296,15.0,0.9216061185468452,0.14617940199335544,Mild flat foot,subject2_lurching_trial20_pressure.csv,-0.34741929105301533,-0.5079783534395889,0.3214793760432564,-0.9821807923608588,1.2028176376586523,within_normal_range,Normal
subject2,lurching,trial2,right,0.27993109388458226,39.0,1.1448675496688743,0.41951766685361747,Severe flat foot,subject2_lurching_trial2_pressure.csv,-0.04472257322086257,3.4268742683815705,0.9887571279375575,0.24652261594651811,3.5754554140796753,outside_normal_range,Normal
subject2,lurching,trial2,left,0.2524271844660194,11.0,1.0987012987012987,0.35205992509363293,Mild flat foot,subject2_lurching_trial2_pressure.csv,-0.3138453635494024,-1.1637871237431152,0.8507766805122506,-0.05671175652447572,1.4764608240800923,within_normal_range,Normal
subject2,lurching,trial3,right,0.23485364193328795,28.0,0.5594059405940595,0.45220458553791887,Mild flat foot,subject2_lurching_trial3_pressure.csv,-0.48580058381979746,1.6234001500468724,-0.7610547601280286,0.3934560444403274,1.8988002162502573,within_normal_range,Normal
subject2,lurching,trial3,left,0.19347980155917788,13.0,1.0554621848739496,0.25633383010432187,Normal,subject2_lurching_trial3_pressure.csv,-0.8906391541712961,-0.8358827385913521,0.7215447817305696,-0.4870173313310336,1.499916933925795,within_normal_range,Normal
subject2,lurching,trial4,right,0.280695126558368,34.0,0.7378097521982414,0.2622456669178599,Severe flat foot,subject2_lurching_trial4_pressure.csv,-0.03724659582644124,2.6071133055021622,-0.22784625322946808,-0.46044258869167176,2.6575079283454386,borderline,Normal
subject2,lurching,trial4,left,0.21616871704745166,11.0,1.1929046563192904,0.20080971659919034,Mild flat foot,subject2_lurching_trial4_pressure.csv,-0.6686305606725277,-1.1637871237431152,1.1323291384371073,-0.7366079531997941,1.904265698511225,within_normal_range,Normal
subject2,lurching,trial5,right,0.2928360413589365,29.0,0.5588452997779423,0.3799227799227799,Severe flat foot,subject2_lurching_trial5_pressure.csv,0.08155094740807955,1.787352342622754,-0.7627303882986389,0.06853665943092845,1.9462101306442594,within_normal_range,Normal
subject2,lurching,trial5,left,0.11513859275053305,6.0,0.9822834645669292,0.08261287223823244,Normal,subject2_lurching_trial5_pressure.csv,-1.657199441708592,-1.9835480866225235,0.5028301935118777,-1.2679234848606484,2.9225401910857456,borderline,Normal
subject2,lurching,trial6,right,0.26854787571337985,32.0,0.4816487859966121,0.4962650211107502,Severe flat foot,subject2_lurching_trial6_pressure.csv,-0.15610613657294867,2.2792089203503987,-0.9934532494359419,0.5915154247745147,2.5604691533079573,borderline,Normal
subject2,lurching,trial6,left,0.215203426124197,9.0,0.7816091954022989,0.19274977895667555,Mild flat foot,subject2_lurching_trial6_pressure.csv,-0.6780758283539934,-1.4916915088948786,-0.09693965709889331,-0.7728387855611748,1.8142787746906914,within_normal_range,Normal
subject2,lurching,trial7,right,0.28105979233798783,27.0,0.5764476252439817,0.5311720698254364,Severe flat foot,subject2_lurching_trial7_pressure.csv,-0.03367838046275947,1.4594479574709907,-0.7101210320562222,0.7484287268751676,1.7876073431426207,within_normal_range,Normal
subject2,lurching,trial7,left,0.2250733137829912,11.0,1.1775147928994083,0.2036021926389977,Mild flat foot,subject2_lurching_trial7_pressure.csv,-0.5815000410162414,-1.1637871237431152,1.0863323291666054,-0.7240552839660076,1.8430726384827596,within_normal_range,Normal
subject2,lurching,trial8,right,0.26911702577101815,23.0,0.6614718614718614,0.4491413474240423,Severe flat foot,subject2_lurching_trial8_pressure.csv,-0.15053706458044525,0.8036391871674642,-0.45600288490675,0.3796862522273662,1.0102463225062597,within_normal_range,Normal
subject2,lurching,trial8,left,0.18789808917197454,9.0,1.3485714285714285,0.15215215215215216,Normal,subject2_lurching_trial8_pressure.csv,-0.9452556084940297,-1.4916915088948786,1.597581794531901,-0.9553322335583299,2.5658485905824246,borderline,Normal
subject2,lurching,trial9,right,0.2708150744960561,25.0,0.9315673289183223,0.30391694195375174,Severe flat foot,subject2_lurching_trial9_pressure.csv,-0.13392184075747846,1.1315435723192275,0.3512511733009405,-0.2731229037171216,1.2232331841349753,within_normal_range,Normal
subject2,lurching,trial9,left,0.2374468085106383,11.0,0.9245283018867925,0.4110854503464203,Mild flat foot,subject2_lurching_trial9_pressure.csv,-0.460426728253933,-1.1637871237431152,0.3302131189020364,0.20861832483939652,1.3110894518814118,within_normal_range,Normal
subject2,normal,trial10,right,0.26887661141804786,11.0,0.5016129032258064,0.4971381847914963,Severe flat foot,subject2_normal_trial10_pressure.csv,-0.1528894931214848,-1.1637871237431152,-0.9337850335855749,0.5954404485581091,1.6137780154732289,within_normal_range,Normal
subject2,normal,trial10,left,0.2696629213483146,12.0,0.29605263157894735,0.46032992930086414,Severe flat foot,subject2_normal_trial10_pressure.csv,-0.14519553517259765,-0.9998349311672337,-1.5481580368130181,0.42998088877671714,1.8980064553837,within_normal_range,Normal
subject2,normal,trial11,left,0.2809642560266002,13.0,0.42735042735042733,0.4761194029850746,Severe flat foot,subject2_normal_trial11_pressure.csv,-0.034613192976393856,-0.8358827385913521,-1.1557387212565229,0.5009573403945948,1.5121469090369124,within_normal_range,Normal
subject2,normal,trial11,right,0.21919014084507044,11.0,0.704225352112676,0.3917525773195877,Mild flat foot,subject2_normal_trial11_pressure.csv,-0.6390662543477178,-1.1637871237431152,-0.3282224036249479,0.12171367212790413,1.3730805916116111,within_normal_range,Normal
subject2,normal,trial12,left,0.2822925577416595,12.0,0.5355450236966824,0.3050259965337955,Severe flat foot,subject2_normal_trial12_pressure.csv,-0.021615903808706195,-0.9998349311672337,-0.8323696258681662,-0.2681375089967912,1.3284856245660204,within_normal_range,Normal
subject2,normal,trial12,right,0.2504743833017078,11.0,0.499184339314845,0.5274725274725275,Mild flat foot,subject2_normal_trial12_pressure.csv,-0.3329533125430705,-1.1637871237431152,-0.9410434599904125,0.731798635583264,1.6989262533600245,within_normal_range,Normal
subject2,normal,trial13,right,0.22625698324022347,10.0,0.5659163987138264,0.4155844155844156,Mild flat foot,subject2_normal_trial13_pressure.csv,-0.5699179629083917,-1.327739316318997,-0.7415964782558427,0.22884196211391883,1.640131749808687,within_normal_range,Normal
subject2,normal,trial13,left,0.2718808193668529,10.0,0.6157989228007181,0.34030418250950567,Severe flat foot,subject2_normal_trial13_pressure.csv,-0.1234936420224438,-1.327739316318997,-0.5925089338276184,-0.1095558798589297,1.4632879754841184,within_normal_range,Normal
subject2,normal,trial14,left,0.2809642560266002,13.0,0.42735042735042733,0.4761194029850746,Severe flat foot,subject2_normal_trial14_pressure.csv,-0.034613192976393856,-0.8358827385913521,-1.1557387212565229,0.5009573403945948,1.5121469090369124,within_normal_range,Normal
subject2,normal,trial14,right,0.21919014084507044,11.0,0.704225352112676,0.3917525773195877,Mild flat foot,subject2_normal_trial14_pressure.csv,-0.6390662543477178,-1.1637871237431152,-0.3282224036249479,0.12171367212790413,1.3730805916116111,within_normal_range,Normal
subject2,normal,trial15,left,0.2822925577416595,12.0,0.5355450236966824,0.3050259965337955,Severe flat foot,subject2_normal_trial15_pressure.csv,-0.021615903808706195,-0.9998349311672337,-0.8323696258681662,-0.2681375089967912,1.3284856245660204,within_normal_range,Normal
subject2,normal,trial15,right,0.2504743833017078,11.0,0.499184339314845,0.5274725274725275,Mild flat foot,subject2_normal_trial15_pressure.csv,-0.3329533125430705,-1.1637871237431152,-0.9410434599904125,0.731798635583264,1.6989262533600245,within_normal_range,Normal
subject2,normal,trial16,right,0.28975265017667845,13.0,0.6003521126760564,0.4512534818941504,Severe flat foot,subject2_normal_trial16_pressure.csv,0.05138029690107766,-0.8358827385913521,-0.6386759438755326,0.3891806668624777,1.122812736091574,within_normal_range,Normal
subject2,normal,trial16,left,0.2778884462151394,11.0,0.40816326530612246,0.34707574304889743,Severe flat foot,subject2_normal_trial16_pressure.csv,-0.06470966058697823,-1.1637871237431152,-1.2130847943772203,-0.07911652838882385,1.684168029911825,within_normal_range,Normal
subject2,normal,trial17,right,0.26625111308993765,13.0,0.6566901408450704,0.39558417663293466,Severe flat foot,subject2_normal_trial17_pressure.csv,-0.17857971138504017,-0.8358827385913521,-0.4702943627226732,0.13893738260248567,0.9854293733629507,within_normal_range,Normal
subject2,normal,trial17,left,0.3185595567867036,12.0,0.615530303030303,0.23584029712163412,Severe flat foot,subject2_normal_trial17_pressure.csv,0.33325277436027384,-0.9998349311672337,-0.5933117773622861,-0.5791393539719581,1.3409506171656205,within_normal_range,Normal
subject2,normal,trial18,right,0.22117039586919104,11.0,0.49711815561959655,0.48456790123456794,Mild flat foot,subject2_normal_trial18_pressure.csv,-0.6196896722937584,-1.1637871237431152,-0.9472188141670704,0.5389348207870246,1.7105817672086394,within_normal_range,Normal
subject2,normal,trial18,left,0.27851458885941643,13.0,0.43558282208588955,0.2775290957923008,Severe flat foot,subject2_normal_trial18_pressure.csv,-0.05858292227472246,-0.8358827385913521,-1.1311339616069118,-0.39174089718774296,1.4611833837979507,within_normal_range,Normal
subject2,normal,trial19,right,0.22524271844660193,12.0,0.4083850931677019,0.4986830553116769,Mild flat foot,subject2_normal_trial19_pressure.csv,-0.579842434634844,-0.9998349311672337,-1.2124218012393624,0.6023849123144364,1.7800902632422946,within_normal_range,Normal
subject2,normal,trial19,left,0.2801801801801802,11.0,0.5662650602409639,0.32760032760032765,Severe flat foot,subject2_normal_trial19_pressure.csv,-0.04228529065554568,-1.1637871237431152,-0.7405544080745707,-0.1666619342693114,1.390102710899149,within_normal_range,Normal
subject2,normal,trial1,left,0.2568951930654058,12.0,0.8413284132841329,0.36706948640483383,Mild flat foot,subject2_normal_trial1_pressure.csv,-0.2701263807975457,-0.9998349311672337,0.08154753279686389,0.010758852282159146,1.0389436482276853,within_normal_range,Normal
subject2,normal,trial1,right,0.41182466870540263,15.0,0.6758241758241759,0.514792899408284,Severe flat foot,subject2_normal_trial1_pressure.csv,1.2458418458950857,-0.5079783534395889,-0.4131070743434909,0.6748014850870812,1.5608261952231706,within_normal_range,Normal
subject2,normal,trial20,right,0.2557915057915058,12.0,0.5,0.4408817635270541,Mild flat foot,subject2_normal_trial20_pressure.csv,-0.2809258418589469,-0.9998349311672337,-0.9386056353040639,0.34255797496030155,1.441150832855393,within_normal_range,Normal
subject2,normal,trial20,left,0.3313253012048193,13.0,0.46808510638297873,0.4726989079563183,Severe flat foot,subject2_normal_trial20_pressure.csv,0.4581642080819673,-0.8358827385913521,-1.0339920097337423,0.4855816157331397,1.487798163721674,within_normal_range,Normal
subject2,normal,trial2,left,0.2301255230125523,11.0,0.8757062146892656,0.3430369787568843,Mild flat foot,subject2_normal_trial2_pressure.csv,-0.5320647180411947,-1.1637871237431152,0.18429497968636943,-0.0972714817521357,1.2965028786217117,within_normal_range,Normal
subject2,normal,trial2,right,0.2895148669796557,16.0,0.6121794871794872,0.37790697674418605,Severe flat foot,subject2_normal_trial2_pressure.csv,0.04905361393749844,-0.3440261608637072,-0.6033266055245317,0.05947527083507516,0.6987850579209675,within_normal_range,Normal
subject2,normal,trial3,right,0.22761506276150628,10.0,0.5542691751085383,0.5230312035661218,Mild flat foot,subject2_normal_trial3_pressure.csv,-0.5566293011151341,-1.327739316318997,-0.7764073864547554,0.7118341061969831,1.7838845521630375,within_normal_range,Normal
subject2,normal,trial3,left,0.2717948717948718,10.0,0.9267782426778243,0.3693086003372681,Severe flat foot,subject2_normal_trial3_pressure.csv,-0.1243346297540972,-1.327739316318997,0.33693768133715934,0.020824061856007124,1.3756131123656716,within_normal_range,Normal
subject2,normal,trial4,left,0.2728,12.0,0.5014164305949008,0.34004834810636586,Severe flat foot,subject2_normal_trial4_pressure.csv,-0.11449955856165592,-0.9998349311672337,-0.9343722456929263,-0.11070590034091699,1.3777109015989297,within_normal_range,Normal
subject2,normal,trial4,right,0.2699652777777778,14.0,0.5054095826893354,0.48078641644325293,Severe flat foot,subject2_normal_trial4_pressure.csv,-0.1422370100868515,-0.6719305460154704,-0.9224376202667819,0.5219363838725055,1.26294527902061,within_normal_range,Normal
subject2,normal,trial5,left,0.3347457627118644,13.0,0.34691011235955055,0.29280397022332505,Severe flat foot,subject2_normal_trial5_pressure.csv,0.49163305540030766,-0.8358827385913521,-1.3961565680786359,-0.3230776594063018,1.7303281048499992,within_normal_range,Normal
subject2,normal,trial5,right,0.27644444444444444,13.0,0.6666666666666666,0.3915515840779854,Severe flat foot,subject2_normal_trial5_pressure.csv,-0.07883906233328064,-0.8358827385913521,-0.4404767910601876,0.12081017227899085,0.9557878695679963,within_normal_range,Normal
subject2,normal,trial6,right,0.2908777969018933,13.0,1.2440758293838863,0.18835616438356162,Severe flat foot,subject2_normal_trial6_pressure.csv,0.06238973638150563,-0.8358827385913521,1.2852681622207303,-0.7925888531323357,1.7270505987980251,within_normal_range,Normal
subject2,normal,trial6,left,0.28511705685618727,12.0,0.8693957115009746,0.20135363790186123,Severe flat foot,subject2_normal_trial6_pressure.csv,0.006021515709159533,-0.9998349311672337,0.16543431772768538,-0.7341629316116737,1.2514271340626646,within_normal_range,Normal
subject2,normal,trial7,right,0.25873544093178036,12.0,0.580226904376013,0.47278382581648526,Mild flat foot,subject2_normal_trial7_pressure.csv,-0.25211975369745043,-0.9998349311672337,-0.6988256243795399,0.4859633363980698,1.3370683892005104,within_normal_range,Normal
subject2,normal,trial7,left,0.30818619582664525,12.0,0.7652671755725191,0.21695951107715816,Severe flat foot,subject2_normal_trial7_pressure.csv,0.23175055501498043,-0.9998349311672337,-0.1457822458014056,-0.6640117964608642,1.2310736526958994,within_normal_range,Normal
subject2,normal,trial8,right,0.2873362445414847,13.0,0.59,0.43024162120031173,Severe flat foot,subject2_normal_trial8_pressure.csv,0.02773602810960024,-0.8358827385913521,-0.6696160594123708,0.29472867031308175,1.1111795066764614,within_normal_range,Normal
subject2,normal,trial8,left,0.27550130775937226,12.0,0.4205748865355522,0.37488789237668163,Severe flat foot,subject2_normal_trial8_pressure.csv,-0.08806755318107723,-0.9998349311672337,-1.1759892751479688,0.04590395745084544,1.5467655711445683,within_normal_range,Normal
subject2,normal,trial9,right,0.23508137432188064,11.0,0.5069551777434312,0.46963562753036436,Mild flat foot,subject2_normal_trial9_pressure.csv,-0.48357224693380974,-1.1637871237431152,-0.9178181873989871,0.47181163331997455,1.6288766159078196,within_normal_range,Normal
subject2,normal,trial9,left,0.28607172643869894,12.0,0.7380530973451327,0.41962264150943396,Severe flat foot,subject2_normal_trial9_pressure.csv,0.015362854715821645,-0.9998349311672337,-0.2271189498088282,0.2469944954232301,1.054748882444939,within_normal_range,Normal
subject2,steppage,trial10,right,0.18775510204081633,15.0,0.4004127966976264,0.5058175137783221,Normal,subject2_steppage_trial10_pressure.csv,-0.9466547221666626,-0.5079783534395889,-1.2362491861990117,0.6344555535723511,1.7564290678533403,within_normal_range,Normal
subject2,steppage,trial10,left,0.31208053691275167,15.0,0.6028257456828885,0.1828298887122417,Severe flat foot,subject2_steppage_trial10_pressure.csv,0.2698562629576006,-0.5079783534395889,-0.6312828161708719,-0.8174304308604604,1.1821907263677813,within_normal_range,Normal
subject2,steppage,trial11,right,0.15113636363636362,16.0,1.7098360655737705,0.48358520062532573,Normal,subject2_steppage_trial11_pressure.csv,-1.3049651320702784,-0.3440261608637072,2.677319811108862,0.5345174093113978,3.0454947425813725,outside_normal_range,Normal
subject2,steppage,trial11,left,0.21703089675960813,12.0,0.8511326860841424,0.32991318074191,Mild flat foot,subject2_steppage_trial11_pressure.csv,-0.6601942250822278,-0.9998349311672337,0.11085027926798634,-0.15626525402613547,1.2133560559224787,within_normal_range,Normal
subject2,steppage,trial12,right,0.22533748701973,22.0,0.4520311149524633,0.5335856196783348,Mild flat foot,subject2_steppage_trial12_pressure.csv,-0.5789151343573617,0.6396869945915826,-1.0819737469144448,0.7592780564847345,1.5784525776560197,within_normal_range,Normal
subject2,steppage,trial12,left,0.1965230536659108,13.0,0.5589812332439679,0.45397048489107517,Normal,subject2_steppage_trial12_pressure.csv,-0.8608612601936345,-0.8358827385913521,-0.7623241140166866,0.4013940715404123,1.4771720676536864,within_normal_range,Normal
subject2,steppage,trial13,right,0.3253138075313807,24.0,0.6467268623024831,0.39735828288387454,Severe flat foot,subject2_steppage_trial13_pressure.csv,0.3993423901790095,0.9675913797433459,-0.5000723412744661,0.14691230114652357,1.1693429751289435,within_normal_range,Normal
subject2,steppage,trial13,left,0.24881033310673012,16.0,0.6483357452966715,0.34867924528301886,Mild flat foot,subject2_steppage_trial13_pressure.csv,-0.34923586441247456,-0.3440261608637072,-0.495263755115954,-0.07190850480200288,0.7005545721390768,within_normal_range,Normal
subject2,steppage,trial14,left,0.22861356932153393,15.0,0.7276720351390923,0.31409395973154364,Mild flat foot,subject2_steppage_trial14_pressure.csv,-0.5468590220065711,-0.5079783534395889,-0.25814558892114037,-0.227375425088872,0.8218488465204334,within_normal_range,Normal
subject2,steppage,trial14,right,0.56640625,23.0,0.6190476190476191,0.6150041220115416,Severe flat foot,subject2_steppage_trial14_pressure.csv,2.758405963900891,0.8036391871674642,-0.5827993179870093,1.125268494622754,3.1401470721722364,outside_normal_range,Normal
subject2,steppage,trial15,right,0.21470301850048684,18.0,0.7315175097276264,0.5375956776226924,Mild flat foot,subject2_steppage_trial15_pressure.csv,-0.6829722630369718,-0.016121775711943915,-0.24665233804700618,0.7773039697839982,1.0638373282771978,within_normal_range,Normal
subject2,steppage,trial15,left,0.22087205146533237,13.0,0.8039816232771823,0.3222390317700454,Mild flat foot,subject2_steppage_trial15_pressure.csv,-0.6226089401412289,-0.8358827385913521,-0.03007354725742252,-0.190761898696098,1.0600171532845815,within_normal_range,Normal
subject2,steppage,trial16,right,0.291994750656168,23.0,0.29842342342342343,0.49937421777221525,Severe flat foot,subject2_steppage_trial16_pressure.csv,0.07331900852401277,0.8036391871674642,-1.541072278004428,0.605491808714001,1.8419380327838488,within_normal_range,Normal
subject2,steppage,trial16,left,0.33563059958649205,19.0,0.7208955223880597,0.29756097560975614,Severe flat foot,subject2_steppage_trial16_pressure.csv,0.5002910888842552,0.14783041686393772,-0.27839904770919505,-0.3016940864380877,0.6638300666015802,within_normal_range,Normal
subject2,steppage,trial17,right,0.22603550295857988,20.0,0.6336405529953917,0.32405063291139236,Mild flat foot,subject2_steppage_trial17_pressure.csv,-0.5720851236014983,0.31178260943981934,-0.5391843500578221,-0.18261843404798347,0.8651930651575163,within_normal_range,Normal
subject2,steppage,trial17,left,0.3116169544740973,16.0,1.0059055118110236,0.17372881355932202,Severe flat foot,subject2_steppage_trial17_pressure.csv,0.26532015874276615,-0.3440261608637072,0.5734311320661278,-0.8583413588103792,1.1199651501100367,within_normal_range,Normal
subject2,steppage,trial18,right,0.2345415778251599,22.0,0.7959770114942529,0.37002341920374704,Mild flat foot,subject2_steppage_trial18_pressure.csv,-0.4888540974953523,0.6396869945915826,-0.053997515353731526,0.024037297946512465,0.8072616075625998,within_normal_range,Normal
subject2,steppage,trial18,left,0.2776978417266187,14.0,0.7793427230046949,0.1799080761654629,Severe flat foot,subject2_steppage_trial18_pressure.csv,-0.06657470497100373,-0.6719305460154704,-0.10371362875446816,-0.8305644903617808,1.0754146825527204,within_normal_range,Normal
subject2,steppage,trial19,left,0.21770334928229665,12.0,0.960377358490566,0.2521150592216582,Mild flat foot,subject2_steppage_trial19_pressure.csv,-0.6536143495992444,-0.9998349311672337,0.43735781370166266,-0.5059814458689186,1.3690071907604173,within_normal_range,Normal
subject2,steppage,trial19,right,0.4227106227106227,21.0,1.5157232704402517,0.6173428798727127,Severe flat foot,subject2_steppage_trial19_pressure.csv,1.352359732959377,0.47573480201570095,2.0971607173520135,1.135781621120779,2.7826755855577257,borderline,Normal
subject2,steppage,trial1,left,0.21129326047358835,16.0,0.8774104683195593,0.385739333722969,Mild flat foot,subject2_steppage_trial1_pressure.csv,-0.7163363779552941,-0.3440261608637072,0.1893886070333092,0.09468308822511574,0.8223896505979351,within_normal_range,Normal
subject2,steppage,trial1,right,0.2378875968992248,22.0,0.5970873786407767,0.3756019261637239,Mild flat foot,subject2_steppage_trial1_pressure.csv,-0.4561136613631308,0.6396869945915826,-0.6484334930260778,0.0491136644716827,1.0198613974690531,within_normal_range,Normal
subject2,steppage,trial20,right,0.2505582849486378,22.0,0.644325290437891,0.47730112453144524,Mild flat foot,subject2_steppage_trial20_pressure.csv,-0.33213234396760954,0.6396869945915826,-0.5072500945781334,0.5062693858648409,1.0164264333794741,within_normal_range,Normal
subject2,steppage,trial20,left,0.19523443504996157,12.0,0.7680491551459293,0.25791139240506333,Normal,subject2_steppage_trial20_pressure.csv,-0.8734702545120748,-0.9998349311672337,-0.13746754018372823,-0.47992591229122517,1.4183957067730801,within_normal_range,Normal
subject2,steppage,trial2,left,0.22987804878048781,15.0,0.8911465892597968,0.39398084815321477,Mild flat foot,subject2_steppage_trial2_pressure.csv,-0.534486226738524,-0.5079783534395889,0.2304427553234371,0.13173014007215336,0.7836926868491675,within_normal_range,Normal
subject2,steppage,trial2,right,0.17876489707475623,20.0,0.5760407816482583,0.4347826086956522,Normal,subject2_steppage_trial2_pressure.csv,-1.0346229091349721,0.31178260943981934,-0.7113369952369766,0.3151412049995752,1.3315281670086332,within_normal_range,Normal
subject2,steppage,trial3,right,0.2518248175182482,19.0,0.8642149929278642,0.30969420949902404,Mild flat foot,subject2_steppage_trial3_pressure.csv,-0.31973945923299507,0.14783041686393772,0.14995032559662771,-0.24715307352445307,0.4556938619730269,within_normal_range,Normal
subject2,steppage,trial3,left,0.23150887573964496,13.0,0.6402349486049926,0.3243670886075949,Mild flat foot,subject2_steppage_trial3_pressure.csv,-0.5185287606520786,-0.8358827385913521,-0.5194751980768376,-0.18119591022863782,1.127057437577568,within_normal_range,Normal
subject2,steppage,trial4,right,0.1623989218328841,16.0,0.4672489082969432,0.448652585579024,Normal,subject2_steppage_trial4_pressure.csv,-1.1947622135702822,-0.3440261608637072,-1.0364912160506772,0.3774891820691443,1.6621139761952024,within_normal_range,Normal
subject2,steppage,trial4,left,0.2237936772046589,11.0,0.7693661971830986,0.40345368916797486,Mild flat foot,subject2_steppage_trial4_pressure.csv,-0.5940211470643448,-1.1637871237431152,-0.13353120041695374,0.1743122207301248,1.3249441212106168,within_normal_range,Normal
subject2,steppage,trial5,right,0.17895400126023944,19.0,0.44478844169246645,0.47387173396674587,Normal,subject2_steppage_trial5_pressure.csv,-1.0327725450545227,0.14783041686393772,-1.1036204536758745,0.4908536742102087,1.5960540082421917,within_normal_range,Normal
subject2,steppage,trial5,left,0.3140877598152425,16.0,0.7163934426229508,0.2982817869415808,Severe flat foot,subject2_steppage_trial5_pressure.csv,0.2894967227958337,-0.3440261608637072,-0.29185474244971954,-0.2984539131655592,0.6135277343709707,within_normal_range,Normal
subject2,steppage,trial6,left,0.29308909242298087,12.0,1.269047619047619,0.1777777777777778,Severe flat foot,subject2_steppage_trial6_pressure.csv,0.08402702480547193,-0.9998349311672337,1.3599031745641084,-0.8401405549899752,1.887300513116088,within_normal_range,Normal
subject2,steppage,trial6,right,0.4626998223801066,19.0,1.081911262798635,0.6355685131195336,Severe flat foot,subject2_steppage_trial6_pressure.csv,1.7436497432003637,0.14783041686393772,0.8005950734382079,1.2177090369561627,2.277265032755541,borderline,Normal
subject2,steppage,trial7,right,0.20616686819830712,19.0,0.43026706231454004,0.49020705092333516,Normal,subject2_steppage_trial7_pressure.csv,-0.7664975740400668,0.14783041686393772,-1.1470215612339945,0.564283787006906,1.4978140797088264,within_normal_range,Normal
subject2,steppage,trial7,left,0.23555230431602048,13.0,0.7811993517017828,0.398311048557354,Mild flat foot,subject2_steppage_trial7_pressure.csv,-0.4789642476801917,-0.8358827385913521,-0.09816458691204566,0.1511951498392266,0.9801035469221349,within_normal_range,Normal
subject2,steppage,trial8,right,0.18522663682148852,17.0,0.5224022878932316,0.4813027744270205,Normal,subject2_steppage_trial8_pressure.csv,-0.9713954819153442,-0.18007396828782554,-0.8716502806440196,0.5242575035111566,1.4179760075808818,within_normal_range,Normal
subject2,steppage,trial8,left,0.2777777777777778,14.0,1.317016317016317,0.19547657512116312,Severe flat foot,subject2_steppage_trial8_pressure.csv,-0.06579253932289927,-0.6719305460154704,1.503270727038295,-0.7605813588786056,1.8149727819289945,within_normal_range,Normal
subject2,steppage,trial9,right,0.15409207161125318,11.0,0.8358974358974359,0.4481099656357388,Normal,subject2_steppage_trial9_pressure.csv,-1.2760438479905056,-1.1637871237431152,0.06531557386436398,0.3750500103195507,1.7685069990855609,within_normal_range,Normal
subject2,steppage,trial9,left,0.23944687045123728,15.0,0.8623063683304647,0.31608788093550677,Mild flat foot,subject2_steppage_trial9_pressure.csv,-0.44085633765627374,-0.5079783534395889,0.14424587980783948,-0.2184123998042185,0.7217389890013381,within_normal_range,Normal
subject2,stiff-legged,trial10,left,0.3017241379310345,18.0,0.6033149171270719,0.46345101939333666,Severe flat foot,subject2_stiff-legged_trial10_pressure.csv,0.16852001474285444,-0.016121775711943915,-0.6298207937341028,0.4440107357731334,0.7889731761743822,within_normal_range,Normal
subject2,stiff-legged,trial10,right,0.2313860252004582,14.0,0.4858569051580699,0.19465240641711234,Mild flat foot,subject2_stiff-legged_trial10_pressure.csv,-0.519730839941832,-0.6719305460154704,-0.980876136229917,-0.7642861416546475,1.5059422650307577,within_normal_range,Normal
subject2,stiff-legged,trial11,left,0.269433465085639,15.0,0.3132854578096948,0.5331196581196581,Severe flat foot,subject2_stiff-legged_trial11_pressure.csv,-0.1474407399807528,-0.5079783534395889,-1.4966530299327514,0.7571834776098045,1.7587148404847872,within_normal_range,Normal
subject2,stiff-legged,trial11,right,0.19300605245460659,15.0,0.6157826649417852,0.42627960275019094,Normal,subject2_stiff-legged_trial11_pressure.csv,-0.8952747381167487,-0.5079783534395889,-0.5925575248784991,0.276918702960253,1.2195766694277694,within_normal_range,Normal
subject2,stiff-legged,trial12,left,0.2178398058252427,14.0,0.40073193046660566,0.4994054696789536,Mild flat foot,subject2_stiff-legged_trial12_pressure.csv,-0.6522791370286473,-0.6719305460154704,-1.2352953677860068,0.6056322915122845,1.6642427255263794,within_normal_range,Normal
subject2,stiff-legged,trial12,right,0.2943508424182359,16.0,1.4051724137931034,0.1582591493570722,Severe flat foot,subject2_stiff-legged_trial12_pressure.csv,0.09637311256530419,-0.3440261608637072,1.766749294641127,-0.9278802107541134,2.027315104222371,borderline,Normal
subject2,stiff-legged,trial13,left,0.19056603773584907,14.0,0.5247422680412371,0.4371029224904701,Normal,subject2_stiff-legged_trial13_pressure.csv,-0.9191500192472027,-0.6719305460154704,-0.864656611003942,0.32557142218666707,1.4662725607636025,within_normal_range,Normal
subject2,stiff-legged,trial13,right,0.2515391380826737,14.0,0.682258064516129,0.4349134687735139,Mild flat foot,subject2_stiff-legged_trial13_pressure.csv,-0.3225348017303567,-0.6719305460154704,-0.3938776411147927,0.3157294439852957,0.9001911102456556,within_normal_range,Normal
subject2,stiff-legged,trial14,left,0.17945544554455445,13.0,0.435969868173258,0.5025252525252526,Normal,subject2_stiff-legged_trial14_pressure.csv,-1.0278659667592178,-0.8358827385913521,-1.1299771686858922,0.6196562622080308,1.8482507090061817,within_normal_range,Normal
subject2,stiff-legged,trial14,right,0.17250922509225092,11.0,0.6088235294117647,0.3816381638163816,Normal,subject2_stiff-legged_trial14_pressure.csv,-1.0958339854838366,-1.1637871237431152,-0.613356801709533,0.07624761068651466,1.7138473845329436,within_normal_range,Normal
subject2,stiff-legged,trial15,left,0.22672277748553393,17.0,0.7698412698412699,0.37365133446905163,Mild flat foot,subject2_stiff-legged_trial15_pressure.csv,-0.5653602164037322,-0.18007396828782554,-0.13211131605207344,0.04034541292561712,0.6092125741645105,within_normal_range,Normal
subject2,stiff-legged,trial15,right,0.2618577075098814,15.0,0.6491862567811935,0.2973661852166525,Severe flat foot,subject2_stiff-legged_trial15_pressure.csv,-0.22156871163064581,-0.5079783534395889,-0.4927217692991475,-0.30256970339583183,0.8009106497551297,within_normal_range,Normal
subject2,stiff-legged,trial16,left,0.23433520122261844,19.0,0.5300353356890459,0.40850181441161226,Mild flat foot,subject2_stiff-legged_trial16_pressure.csv,-0.4908734703157485,0.14783041686393772,-0.8488368329844961,0.197004428480806,1.0110120226200032,within_normal_range,Normal
subject2,stiff-legged,trial16,right,0.2838709677419355,17.0,1.0656455142231946,0.1567567567567567,Severe flat foot,subject2_stiff-legged_trial16_pressure.csv,-0.006171332017393983,-0.18007396828782554,0.7519804422063346,-0.9346337288155789,1.213045552275075,within_normal_range,Normal
subject2,stiff-legged,trial17,left,0.2770408163265306,19.0,0.73,0.43999999999999995,Severe flat foot,subject2_stiff-legged_trial17_pressure.csv,-0.07300362772149452,0.14783041686393772,-0.25118783024751457,0.33859429336026486,0.45268618641533065,within_normal_range,Normal
subject2,stiff-legged,trial17,right,0.25309734513274335,17.0,0.8327338129496403,0.41839080459770117,Mild flat foot,subject2_stiff-legged_trial17_pressure.csv,-0.30728791363010277,-0.18007396828782554,0.05586022280871104,0.2414571726020046,0.43390601126425915,within_normal_range,Normal
subject2,stiff-legged,trial18,right,0.17371323529411764,11.0,0.8546511627906976,0.4254881808838643,Normal,subject2_stiff-legged_trial18_pressure.csv,-1.0840528753812957,-1.1637871237431152,0.12136620767999855,0.273361122959291,1.6183408682737137,within_normal_range,Normal
subject2,stiff-legged,trial18,left,0.6128654970760234,19.0,0.37358490566037733,0.6261261261261262,Severe flat foot,subject2_stiff-legged_trial18_pressure.csv,3.213004690917634,0.14783041686393772,-1.316431664334325,1.1752638524618217,3.6687178176815847,outside_normal_range,Normal
subject2,stiff-legged,trial19,left,0.2645161290322581,19.0,0.6538461538461539,0.4660821412090448,Severe flat foot,subject2_stiff-legged_trial19_pressure.csv,-0.19555634345841102,0.14783041686393772,-0.4787943944635626,0.455838089489179,0.7050734370374933,within_normal_range,Normal
subject2,stiff-legged,trial19,right,0.22382094324540366,15.0,0.9433333333333334,0.35822959889349926,Mild flat foot,subject2_stiff-legged_trial19_pressure.csv,-0.5937543517933609,-0.5079783534395889,0.3864170903846474,-0.028977991440703278,0.8722064718666241,within_normal_range,Normal
subject2,stiff-legged,trial1,left,0.25699481865284973,16.0,0.8204264870931538,0.3295561850802644,Mild flat foot,subject2_stiff-legged_trial1_pressure.csv,-0.2691515551582883,-0.3440261608637072,0.019076418780964572,-0.15787001209555226,0.4648477271917149,within_normal_range,Normal
subject2,stiff-legged,trial1,right,0.32181425485961124,17.0,1.217687074829932,0.7823691460055097,Severe flat foot,subject2_stiff-legged_trial1_pressure.csv,0.3650996443352983,-0.18007396828782554,1.2063981633787508,1.8776036113981684,2.268593448480303,borderline,Normal
subject2,stiff-legged,trial20,left,0.31741700773078674,20.0,0.6394686907020873,0.401685393258427,Severe flat foot,subject2_stiff-legged_trial20_pressure.csv,0.32207305494889227,0.31178260943981934,-0.5217653690582393,0.16636342068901752,0.7077113368917067,within_normal_range,Normal
subject2,stiff-legged,trial20,right,0.1928345626975764,13.0,0.7642857142857142,0.32595573440643866,Normal,subject2_stiff-legged_trial20_pressure.csv,-0.896952746912603,-0.8358827385913521,-0.14871561086020293,-0.17405466892226443,1.247251195051023,within_normal_range,Normal
subject2,stiff-legged,trial2,left,0.23911875335840946,19.0,0.45187165775401067,0.48987463837994216,Mild flat foot,subject2_stiff-legged_trial2_pressure.csv,-0.4440669280575319,0.14783041686393772,-1.0824503282942743,0.5627895343626964,1.306705797782034,within_normal_range,Normal
subject2,stiff-legged,trial2,right,0.3827893175074184,17.0,1.5833333333333333,0.9336870026525199,Severe flat foot,subject2_stiff-legged_trial2_pressure.csv,0.9617340627558358,-0.18007396828782554,2.2992318522811326,2.5578038983759113,3.575777808339174,outside_normal_range,Normal
subject2,stiff-legged,trial3,left,0.23747680890538034,10.0,0.978021978021978,0.4429065743944637,Mild flat foot,subject2_stiff-legged_trial3_pressure.csv,-0.460133177623691,-1.327739316318997,0.4900935773074936,0.35165985469615135,1.5292058727235804,within_normal_range,Normal
subject2,stiff-legged,trial3,right,0.18173076923076922,15.0,1.4195979899497488,0.5347222222222222,Normal,subject2_stiff-legged_trial3_pressure.csv,-1.005602169638018,-0.5079783534395889,1.8098640681118976,0.7643872841308498,2.2647678901660915,borderline,Normal
subject2,stiff-legged,trial4,right,0.22493887530562348,15.0,0.5901639344262295,0.4378257632166791,Mild flat foot,subject2_stiff-legged_trial4_pressure.csv,-0.5828155070325853,-0.5079783534395889,-0.6691260966147538,0.3288207179426433,1.0740431651102562,within_normal_range,Normal
subject2,stiff-legged,trial4,left,0.26194144838212635,14.0,0.6458966565349544,0.13190184049079756,Severe flat foot,subject2_stiff-legged_trial4_pressure.csv,-0.22074931621815602,-0.6719305460154704,-0.5025536379112481,-1.0463609337306718,1.359283738553134,within_normal_range,Normal
subject2,stiff-legged,trial5,left,0.21363040629095675,14.0,0.38823529411764707,0.48172043010752685,Mild flat foot,subject2_stiff-legged_trial5_pressure.csv,-0.6934676579416094,-0.6719305460154704,-1.2726449779146634,0.5261349389971813,1.681912977869144,within_normal_range,Normal
subject2,stiff-legged,trial5,right,0.28785046728971964,15.0,0.6533101045296167,0.2832140015910899,Severe flat foot,subject2_stiff-legged_trial5_pressure.csv,0.032767642297581556,-0.5079783534395889,-0.4803965242225889,-0.3661862492336795,0.7899296902623125,within_normal_range,Normal
subject2,stiff-legged,trial6,left,0.20973782771535582,12.0,0.6058201058201058,0.3853769992383854,Normal,subject2_stiff-legged_trial6_pressure.csv,-0.7315561199088302,-0.9998349311672337,-0.6223333532444599,0.09305433121086194,1.3895330716740224,within_normal_range,Normal
subject2,stiff-legged,trial6,right,0.23613595706618962,13.0,0.5711892797319933,0.5110896817743491,Mild flat foot,subject2_stiff-legged_trial6_pressure.csv,-0.47325326840382625,-0.8358827385913521,-0.725837033491353,0.6581548727628025,1.3721063531879847,within_normal_range,Normal
subject2,stiff-legged,trial7,left,0.26595744680851063,21.0,0.6049723756906077,0.5254529767040552,Severe flat foot,subject2_stiff-legged_trial7_pressure.csv,-0.1814532043085482,0.47573480201570095,-0.6248670262222855,0.7227204009140704,1.0826044732773068,within_normal_range,Normal
subject2,stiff-legged,trial7,right,0.22233104799216455,14.0,1.6588921282798834,0.2033563672260612,Mild flat foot,subject2_stiff-legged_trial7_pressure.csv,-0.6083328163216922,-0.6719305460154704,2.525059943476243,-0.725160312282764,2.7790906193826808,borderline,Normal
subject2,stiff-legged,trial8,left,0.17741015402167712,16.0,0.3627760252365931,0.5522314860225601,Normal,subject2_stiff-legged_trial8_pressure.csv,-1.0478789239463353,-0.3440261608637072,-1.3487369550127444,0.8430944937468418,1.935537118686398,within_normal_range,Normal
subject2,stiff-legged,trial8,right,0.22978303747534518,15.0,0.5791090629800307,0.42823156225218084,Mild flat foot,subject2_stiff-legged_trial8_pressure.csv,-0.5354159021226162,-0.5079783534395889,-0.7021665986353115,0.2856931030399457,1.0580031555589267,within_normal_range,Normal
subject2,stiff-legged,trial9,left,0.22724853645556148,17.0,0.49478260869565216,0.49301025163094125,Mild flat foot,subject2_stiff-legged_trial9_pressure.csv,-0.5602157215284482,-0.18007396828782554,-0.954199233906481,0.576884665502151,1.2607776901507293,within_normal_range,Normal
subject2,stiff-legged,trial9,right,0.23425499231950844,16.0,0.5228494623655914,0.2272024729520865,Mild flat foot,subject2_stiff-legged_trial9_pressure.csv,-0.49165830579079506,-0.3440261608637072,-0.870313777625468,-0.6179678875580216,1.2245049083565702,within_normal_range,Normal
subject2,trendelenburg,trial10,right,0.2687224669603524,20.0,0.321084864391951,0.3638418079096045,Severe flat foot,subject2_trendelenburg_trial10_pressure.csv,-0.15439778003216972,0.31178260943981934,-1.473342373613107,-0.0037501282663057337,1.5138688461600243,within_normal_range,Normal
subject2,trendelenburg,trial10,left,0.2600700525394046,13.0,0.6130500758725341,0.08993902439024393,Severe flat foot,subject2_trendelenburg_trial10_pressure.csv,-0.23906072291085706,-0.8358827385913521,-0.6007246134876562,-1.2349911468890262,1.6253993897063597,within_normal_range,Normal
subject2,trendelenburg,trial11,right,0.30379041248606464,20.0,0.9731258840169731,0.2103092783505155,Severe flat foot,subject2_trendelenburg_trial11_pressure.csv,0.1887382886388291,0.31178260943981934,0.4754602634193588,-0.6939057581476424,0.9167323493957642,within_normal_range,Normal
subject2,trendelenburg,trial11,left,0.2943777637397347,15.0,0.6447028423772609,0.2507188039102932,Severe flat foot,subject2_trendelenburg_trial11_pressure.csv,0.09663653479560702,-0.5079783534395889,-0.5061216775109311,-0.5122578582139611,0.8865370230108452,within_normal_range,Normal
subject2,trendelenburg,trial12,right,0.3572621035058431,25.0,1.420952380952381,0.12395309882747063,Severe flat foot,subject2_trendelenburg_trial12_pressure.csv,0.7119530241089782,1.1315435723192275,1.8139120354606704,-1.0820919206763804,2.499693533571075,borderline,Normal
subject2,trendelenburg,trial12,left,0.27653429602888085,14.0,0.7428977272727273,0.12919254658385093,Severe flat foot,subject2_trendelenburg_trial12_pressure.csv,-0.07795987426037895,-0.6719305460154704,-0.21263945036909626,-1.058539684697989,1.2740840633950068,within_normal_range,Normal
subject2,trendelenburg,trial13,right,0.27501397428731134,20.0,1.213063763608087,0.15795454545454546,Severe flat foot,subject2_trendelenburg_trial13_pressure.csv,-0.09283605869880608,0.31178260943981934,1.1925801353256464,-0.9292494586836327,1.5464730404960163,within_normal_range,Normal
subject2,trendelenburg,trial13,left,0.2871287128712871,15.0,0.46962025316455697,0.12327868852459012,Severe flat foot,subject2_trendelenburg_trial13_pressure.csv,0.025705353076638345,-0.5079783534395889,-1.0294038043814286,-1.085123513191137,1.579831637895388,within_normal_range,Normal
subject2,trendelenburg,trial14,left,0.28869448183041724,14.0,0.8014925373134328,0.0903307888040712,Severe flat foot,subject2_trendelenburg_trial14_pressure.csv,0.04102623364231223,-0.6719305460154704,-0.03751286034349943,-1.2332300971846637,1.4055025783714405,within_normal_range,Normal
subject2,trendelenburg,trial14,right,0.26526592252133946,20.0,0.7676630434782609,0.23984272608125823,Severe flat foot,subject2_trendelenburg_trial14_pressure.csv,-0.18821969495216032,0.31178260943981934,-0.13862154033631677,-0.561147734296197,0.6831820842703324,within_normal_range,Normal
subject2,trendelenburg,trial15,right,0.29385222786238013,21.0,1.2615894039735098,0.15508328546812178,Severe flat foot,subject2_trendelenburg_trial15_pressure.csv,0.09149422285809183,0.47573480201570095,1.3376122622341788,-0.9421562755658536,1.706329337007567,within_normal_range,Normal
subject2,trendelenburg,trial15,left,0.27170077628793227,14.0,0.7667140825035562,0.09218950064020481,Severe flat foot,subject2_trendelenburg_trial15_pressure.csv,-0.12525534415144202,-0.6719305460154704,-0.1414577693376898,-1.2248748617064324,1.4097901571700278,within_normal_range,Normal
subject2,trendelenburg,trial16,right,0.26100151745068284,20.0,0.8856447688564477,0.3417231364956438,Severe flat foot,subject2_trendelenburg_trial16_pressure.csv,-0.22994643911209112,0.31178260943981934,0.21399906269089106,-0.10317743299240499,0.45445015339519435,within_normal_range,Normal
subject2,trendelenburg,trial16,left,0.18382352941176472,12.0,1.3571428571428572,0.1630094043887147,Normal,subject2_trendelenburg_trial16_pressure.csv,-0.9851247367455925,-0.9998349311672337,1.6231998493787292,-0.9065269818138029,2.3295299002824223,borderline,Normal
subject2,trendelenburg,trial17,right,0.2858695652173913,21.0,0.6802395209580838,0.1681715575620768,Severe flat foot,subject2_trendelenburg_trial17_pressure.csv,0.013384728946624203,0.47573480201570095,-0.39991060973254255,-0.8833221985334329,1.0801339523487279,within_normal_range,Normal
subject2,trendelenburg,trial17,left,0.2643957826439578,13.0,1.0017825311942958,0.1628709454796411,Severe flat foot,subject2_trendelenburg_trial17_pressure.csv,-0.19673391990154288,-0.8358827385913521,0.5611084786494247,-0.9071493788776616,1.3693673387098162,within_normal_range,Normal
subject2,trendelenburg,trial18,right,0.256986301369863,20.0,0.7721674876847291,0.3909853249475891,Mild flat foot,subject2_trendelenburg_trial18_pressure.csv,-0.26923489585464255,0.31178260943981934,-0.12515877881714252,0.11826473824011298,0.44648302646457233,within_normal_range,Normal
subject2,trendelenburg,trial18,left,0.23139974779319042,18.0,0.7535301668806161,0.24617346938775508,Mild flat foot,subject2_trendelenburg_trial18_pressure.csv,-0.5195965658504498,-0.016121775711943915,-0.18086150124887335,-0.5326899335496077,0.7659699412083798,within_normal_range,Normal
subject2,trendelenburg,trial19,right,0.3710045662100457,22.0,0.7845070422535211,0.23369848721961395,Severe flat foot,subject2_trendelenburg_trial19_pressure.csv,0.8464215410262413,0.6396869945915826,-0.08827865048212294,-0.5887671648747018,1.216580770326569,within_normal_range,Normal
subject2,trendelenburg,trial19,left,0.25,12.0,0.5905006418485238,0.1129568106312292,Mild flat foot,subject2_trendelenburg_trial19_pressure.csv,-0.3375951020391739,-0.9998349311672337,-0.668119754540059,-1.131522163428376,1.6853387657202121,within_normal_range,Normal
subject2,trendelenburg,trial1,right,0.34791559444158515,24.0,0.8670731707317073,0.3022900763358779,Severe flat foot,subject2_trendelenburg_trial1_pressure.csv,0.620498439928795,0.9675913797433459,0.15849277043305895,-0.2804359498087897,1.193740203030963,within_normal_range,Normal
subject2,trendelenburg,trial1,left,0.291497975708502,16.0,0.6120401337792643,0.12839879154078548,Severe flat foot,subject2_trendelenburg_trial1_pressure.csv,0.06845811918473393,-0.3440261608637072,-0.6037431012136988,-1.062107752737326,1.2710700705031175,within_normal_range,Normal
subject2,trendelenburg,trial20,right,0.28040540540540543,16.0,1.1548042704626333,0.37761377613776137,Severe flat foot,subject2_trendelenburg_trial20_pressure.csv,-0.04008148609298132,-0.3440261608637072,1.0184557314049734,0.05815728272018035,1.0773090880759697,within_normal_range,Normal
subject2,trendelenburg,trial20,left,0.18777943368107303,15.0,0.8472622478386167,0.09182984469952737,Normal,subject2_trendelenburg_trial20_pressure.csv,-0.9464166396882956,-0.5079783534395889,0.0992824176882203,-1.2264915781963621,1.6333661724459407,within_normal_range,Normal
subject2,trendelenburg,trial2,right,0.24551214361140444,19.0,0.5593542260208927,0.37426273458445036,Mild flat foot,subject2_trendelenburg_trial2_pressure.csv,-0.3815082932699975,0.14783041686393772,-0.7612093232514014,0.04309376360390211,0.8652740122356373,within_normal_range,Normal
subject2,trendelenburg,trial2,left,0.07515151515151515,5.0,0.8541666666666666,0.05584281282316439,Normal,subject2_trendelenburg_trial2_pressure.csv,-2.0484686877187057,-2.1475002791984052,0.11991815871417333,-1.388259593896464,3.278662300170025,outside_normal_range,Normal
subject2,trendelenburg,trial3,right,0.36225596529284165,25.0,1.0508744038155804,0.1542390194075587,Severe flat foot,subject2_trendelenburg_trial3_pressure.csv,0.7608174236450332,1.1315435723192275,0.7078329452730732,-0.9459513994818645,1.804185560516012,within_normal_range,Normal
subject2,trendelenburg,trial3,left,0.2844950213371266,14.0,0.9377104377104377,0.16118633139909733,Severe flat foot,subject2_trendelenburg_trial3_pressure.csv,-6.503482536483036e-05,-0.6719305460154704,0.3696115313970256,-0.9147220144305539,1.1936581213746764,within_normal_range,Normal
subject2,trendelenburg,trial4,right,0.33043478260869563,23.0,0.9435173299101413,0.1574158325750682,Severe flat foot,subject2_trendelenburg_trial4_pressure.csv,0.44945057956534257,0.8036391871674642,0.38696701439754827,-0.931671067496622,1.3658683007028358,within_normal_range,Normal
subject2,trendelenburg,trial4,left,0.25501036627505186,17.0,0.7737430167597765,0.12080536912751683,Mild flat foot,subject2_trendelenburg_trial4_pressure.csv,-0.2885692078657475,-0.18007396828782554,-0.12044987995378652,-1.096241517377526,1.1541024476996191,within_normal_range,Normal
subject2,trendelenburg,trial5,right,0.31869116987897805,23.0,0.7137014314928425,0.13238374528697106,Severe flat foot,subject2_trendelenburg_trial5_pressure.csv,0.3345405942878933,0.8036391871674642,-0.2999005528073146,-1.0441946872088366,1.3921337000256018,within_normal_range,Normal
subject2,trendelenburg,trial5,left,0.3065040650406504,15.0,0.5479833101529903,0.109375,Severe flat foot,subject2_trendelenburg_trial5_pressure.csv,0.21529108651051634,-0.5079783534395889,-0.7951944103270369,-1.1476230299965926,1.5012544849851401,within_normal_range,Normal
subject2,trendelenburg,trial6,right,0.34145021645021645,24.0,1.2380165289256198,0.18740554156171285,Severe flat foot,subject2_trendelenburg_trial6_pressure.csv,0.5572354128773922,0.9675913797433459,1.2671582882155141,-0.796862069331383,1.86746450259453,within_normal_range,Normal
subject2,trendelenburg,trial6,left,0.3081395348837209,12.0,0.4592,0.4174397031539888,Severe flat foot,subject2_trendelenburg_trial6_pressure.csv,0.23129398271581922,-0.9998349311672337,-1.060547576374965,0.23718180491379282,1.494718423770748,within_normal_range,Normal
subject2,trendelenburg,trial7,right,0.2413793103448276,17.0,0.5807962529274004,0.3217592592592593,Mild flat foot,subject2_trendelenburg_trial7_pressure.csv,-0.42194762150284526,-0.18007396828782554,-0.6971239707642926,-0.19291856022139328,0.856542953294756,within_normal_range,Normal
subject2,trendelenburg,trial7,left,0.2246808510638298,12.0,0.8835274542429284,0.08794541319181193,Mild flat foot,subject2_trendelenburg_trial7_pressure.csv,-0.5853402464384335,-0.9998349311672337,0.20767088980289292,-1.2439527786444828,1.712553300674653,within_normal_range,Normal
subject2,trendelenburg,trial8,right,0.2684268426842684,21.0,1.1477272727272727,0.275,Severe flat foot,subject2_trendelenburg_trial8_pressure.csv,-0.15729043172243745,0.47573480201570095,0.997304191189183,-0.4031096260465598,1.1866662977161089,within_normal_range,Normal
subject2,trendelenburg,trial8,left,0.23139880952380953,13.0,0.7357954545454546,0.1461187214611872,Mild flat foot,subject2_trendelenburg_trial8_pressure.csv,-0.5196057467152505,-0.8358827385913521,-0.2338665317999432,-0.9824535619883792,1.4101768119119955,within_normal_range,Normal
subject2,trendelenburg,trial9,left,0.2793053545586107,21.0,0.7670772676371781,0.3551228558182661,Severe flat foot,subject2_trendelenburg_trial9_pressure.csv,-0.05084536510695367,0.47573480201570095,-0.14037229139254404,-0.04294334608003939,0.5004571551742676,within_normal_range,Normal
subject2,trendelenburg,trial9,right,0.22776911076443057,20.0,0.6268939393939394,0.36456400742115025,Mild flat foot,subject2_trendelenburg_trial9_pressure.csv,-0.5551219580039928,0.31178260943981934,-0.5593484470729306,-0.0005037148826259644,0.8474902493709716,within_normal_range,Normal
subject3,antalgic,trial10,right,0.3144159072079536,22.0,0.8455743879472694,0.20988654781199356,Severe flat foot,subject3_antalgic_trial10_pressure.csv,0.29270760967818504,0.6396869945915826,0.09423778750668561,-0.6958060060099132,0.9939335764560682,within_normal_range,Normal
subject3,antalgic,trial10,left,0.26869965477560415,17.0,0.8587360594795539,0.11515480717001625,Severe flat foot,subject3_antalgic_trial10_pressure.csv,-0.1546209948020961,-0.18007396828782554,0.13357503687885217,-1.121641783745582,1.154234320928672,within_normal_range,Normal
subject3,antalgic,trial11,right,0.2717065868263473,21.0,1.3344594594594594,0.360128617363344,Severe flat foot,subject3_antalgic_trial11_pressure.csv,-0.12519848865909122,0.47573480201570095,1.5554043213493982,-0.020441570579431752,1.6314713371958376,within_normal_range,Normal
subject3,antalgic,trial11,left,0.2671660424469413,13.0,0.8744827586206897,0.13130699088145892,Severe flat foot,subject3_antalgic_trial11_pressure.csv,-0.16962722620327408,-0.8358827385913521,0.18063834714183227,-1.049034886983424,1.364029968553057,within_normal_range,Normal
subject3,antalgic,trial12,right,0.27523691800576844,24.0,0.9054852320675105,0.27265803503427266,Severe flat foot,subject3_antalgic_trial12_pressure.csv,-0.09065457843415319,0.9675913797433459,0.27329770474243026,-0.4136371690416717,1.090980601924248,within_normal_range,Normal
subject3,antalgic,trial12,left,0.2202852614896989,12.0,0.8367952522255193,0.13060686015831136,Mild flat foot,subject3_antalgic_trial12_pressure.csv,-0.6283506168307512,-0.9998349311672337,0.06799894312347275,-1.0521820972952767,1.5830999366396201,within_normal_range,Normal
subject3,antalgic,trial13,right,0.27305218012866334,24.0,0.7657232704402516,0.21633393829401093,Severe flat foot,subject3_antalgic_trial13_pressure.csv,-0.11203200317313047,0.9675913797433459,-0.1444190817454308,-0.6668238557647099,1.1892414278344512,within_normal_range,Normal
subject3,antalgic,trial13,left,0.2554890219560878,12.0,0.9313186813186813,0.12178770949720674,Mild flat foot,subject3_antalgic_trial13_pressure.csv,-0.28388561359823367,-0.9998349311672337,0.35050802205234155,-1.0918257252418255,1.547643440529218,within_normal_range,Normal
subject3,antalgic,trial14,right,0.28142292490118576,22.0,0.88360814742968,0.2777314428690576,Severe flat foot,subject3_antalgic_trial14_pressure.csv,-0.03012516745657419,0.6396869945915826,0.20791206342602225,-0.3908313116125245,0.7785136588517446,within_normal_range,Normal
subject3,antalgic,trial14,left,0.240620957309185,13.0,1.0439882697947214,0.10985277463193655,Mild flat foot,subject3_antalgic_trial14_pressure.csv,-0.42936802424997284,-0.8358827385913521,0.6872518533863595,-1.1454753492868928,1.6332439311781384,within_normal_range,Normal
subject3,antalgic,trial15,right,0.2743972445464983,23.0,0.8548951048951049,0.35082775625220153,Severe flat foot,subject3_antalgic_trial15_pressure.csv,-0.0988706927648341,0.8036391871674642,0.12209529527118339,-0.06225057142787353,0.8212148024782766,within_normal_range,Normal
subject3,antalgic,trial15,left,0.23318385650224216,9.0,0.8945386064030132,0.14060031595576616,Mild flat foot,subject3_antalgic_trial15_pressure.csv,-0.5021392543562011,-1.4916915088948786,0.2405807247986718,-1.0072597619413912,1.8840750254820968,within_normal_range,Normal
subject3,antalgic,trial16,right,0.2898065476190476,24.0,1.0234234234234234,0.2402621041135784,Severe flat foot,subject3_antalgic_trial16_pressure.csv,0.05190767756763018,0.9675913797433459,0.6257881944564344,-0.559262556536894,1.2819176871427134,within_normal_range,Normal
subject3,antalgic,trial16,left,0.21912350597609562,8.0,0.7135135135135136,0.0904977375565611,Mild flat foot,subject3_antalgic_trial16_pressure.csv,-0.639718269361248,-1.6556437014707601,-0.3004621970024492,-1.2324796332812586,2.1816688815342706,borderline,Normal
subject3,antalgic,trial17,right,0.30680507497116494,24.0,0.9892665474060823,0.3785572468563865,Severe flat foot,subject3_antalgic_trial17_pressure.csv,0.21823643624912453,0.9675913797433459,0.5237010434154374,0.062398348961694376,1.1233951028413436,within_normal_range,Normal
subject3,antalgic,trial17,left,0.24817961165048544,14.0,1.264750378214826,0.1560364464692483,Mild flat foot,subject3_antalgic_trial17_pressure.csv,-0.3554074059065026,-0.6719305460154704,1.3470596969072477,-0.9378716498060883,1.808861006651334,within_normal_range,Normal
subject3,antalgic,trial18,right,0.15422885572139303,17.0,0.6424442609413707,0.3509965969859018,Normal,subject3_antalgic_trial18_pressure.csv,-1.27470543021021,-0.18007396828782554,-0.512872064872675,-0.061491602737321925,1.3871263605008333,within_normal_range,Normal
subject3,antalgic,trial18,left,0.23462566844919786,13.0,0.8172804532577904,0.15313531353135312,Mild flat foot,subject3_antalgic_trial18_pressure.csv,-0.4880312797992511,-0.8358827385913521,0.009673637590794423,-0.9509127508409797,1.3569094007020774,within_normal_range,Normal
subject3,antalgic,trial19,right,0.25434195291393286,22.0,0.691233514352211,0.3665620094191523,Mild flat foot,subject3_antalgic_trial19_pressure.csv,-0.2951095605879615,0.6396869945915826,-0.3670520583942941,0.00847765428646968,0.7944105915669305,within_normal_range,Normal
subject3,antalgic,trial19,left,0.2889825406381698,14.0,1.06993006993007,0.16836734693877553,Severe flat foot,subject3_antalgic_trial19_pressure.csv,0.04384485804007736,-0.6719305460154704,0.7647860069005207,-0.8824420909693379,1.3479668803462432,within_normal_range,Normal
subject3,antalgic,trial1,right,0.263302034428795,22.0,1.056943056943057,0.4692532942898975,Severe flat foot,subject3_antalgic_trial1_pressure.csv,-0.2074361283440563,0.6396869945915826,0.7259707722841143,0.4700929783928606,1.095559295034754,within_normal_range,Normal
subject3,antalgic,trial1,left,0.2494732406236831,21.0,0.7372134038800705,0.3950039032006245,Mild flat foot,subject3_antalgic_trial1_pressure.csv,-0.34274938578221337,0.47573480201570095,-0.2296286030204516,0.13632895182023058,0.6442946699550832,within_normal_range,Normal
subject3,antalgic,trial20,right,0.25,19.0,0.9173272933182333,0.345768880800728,Mild flat foot,subject3_antalgic_trial20_pressure.csv,-0.3375951020391739,0.14783041686393772,0.30869093844815654,-0.08499110324695777,0.48819859502270635,within_normal_range,Normal
subject3,antalgic,trial20,left,0.2040520984081042,18.0,1.0216894977168949,0.34672089476359935,Normal,subject3_antalgic_trial20_pressure.csv,-0.7871903685872228,-0.016121775711943915,0.6206058840072476,-0.08071163362518978,1.005780601878689,within_normal_range,Normal
subject3,antalgic,trial2,right,0.25063163213744316,17.0,0.6747614917606245,0.22084878450762258,Mild flat foot,subject3_antalgic_trial2_pressure.csv,-0.3314146496277376,-0.18007396828782554,-0.4162831958497303,-0.6465288307213474,0.8564773973337407,within_normal_range,Normal
subject3,antalgic,trial2,left,0.23064250411861614,10.0,0.7651632970451011,0.14820473644003052,Mild flat foot,subject3_antalgic_trial2_pressure.csv,-0.5270061136190489,-1.327739316318997,-0.1460927151462325,-0.9730765590444432,1.7346031843253555,within_normal_range,Normal
subject3,antalgic,trial3,right,0.32595811932042673,24.0,0.6995305164319249,0.3129796463129797,Severe flat foot,subject3_antalgic_trial3_pressure.csv,0.4056469116152459,0.9675913797433459,-0.34225420205435275,-0.23238445921006287,1.1277956245538614,within_normal_range,Normal
subject3,antalgic,trial3,left,0.20856741573033707,14.0,1.0168195718654434,0.1027227722772277,Normal,subject3_antalgic_trial3_pressure.csv,-0.7430084750794599,-0.6719305460154704,0.606050780791626,-1.1775259595406347,1.6605472552742317,within_normal_range,Normal
subject3,antalgic,trial4,right,0.31809145129224653,25.0,0.6110695587135377,0.17365710080941865,Severe flat foot,subject3_antalgic_trial4_pressure.csv,0.32867241253173374,1.1315435723192275,-0.6066439298281524,-0.8586637201902263,1.579156943683766,within_normal_range,Normal
subject3,antalgic,trial4,left,0.28515625,8.0,0.6795131845841785,0.13749999999999996,Severe flat foot,subject3_antalgic_trial4_pressure.csv,0.006405016398611027,-1.6556437014707601,-0.4020814643233369,-1.0211962255522478,1.9863807101080653,within_normal_range,Normal
subject3,antalgic,trial5,right,0.26047166490672297,23.0,1.1579457364341086,0.3262554769127064,Severe flat foot,subject3_antalgic_trial5_pressure.csv,-0.23513098916725225,0.8036391871674642,1.027844860286588,-0.17270727382098194,1.3369425509221347,within_normal_range,Normal
subject3,antalgic,trial5,left,0.21858736059479553,10.0,0.802710843373494,0.16508400292184078,Mild flat foot,subject3_antalgic_trial5_pressure.csv,-0.644964394151779,-1.327739316318997,-0.03387162000569808,-0.8972012977943165,1.7277118443850596,within_normal_range,Normal
subject3,antalgic,trial6,right,0.2835190165194007,21.0,0.9169082125603865,0.42468772961058043,Severe flat foot,subject3_antalgic_trial6_pressure.csv,-0.009615136809892882,0.47573480201570095,0.30743840116685006,0.2697629541914799,0.6274603371297142,within_normal_range,Normal
subject3,antalgic,trial6,left,0.2020304568527919,8.0,0.8475499092558983,0.15940838126540668,Normal,subject3_antalgic_trial6_pressure.csv,-0.8069719133898164,-1.6556437014707601,0.10014217238416467,-0.9227142119012706,2.062471746898421,borderline,Normal
subject3,antalgic,trial7,right,0.2629161882893226,23.0,1.1965065502183405,0.3645794738792145,Severe flat foot,subject3_antalgic_trial7_pressure.csv,-0.21121159124687638,0.8036391871674642,1.1430943819072445,-0.0004341904428343743,1.4131918602572922,within_normal_range,Normal
subject3,antalgic,trial7,left,0.20524590163934425,12.0,0.7720685111989459,0.13872135102533167,Normal,subject3_antalgic_trial7_pressure.csv,-0.7755091325925423,-0.9998349311672337,-0.12545459707196546,-1.0157060386282473,1.6274157173718704,within_normal_range,Normal
subject3,antalgic,trial8,right,0.2728055077452668,22.0,0.8261261261261261,0.2600526118000751,Severe flat foot,subject3_antalgic_trial8_pressure.csv,-0.11444566586763687,0.6396869945915826,0.03611134640557531,-0.47030075582098185,0.8029844903548938,within_normal_range,Normal
subject3,antalgic,trial8,left,0.2582380632145259,16.0,0.9604685212298683,0.16624365482233505,Mild flat foot,subject3_antalgic_trial8_pressure.csv,-0.25698654107220864,-0.3440261608637072,0.4376302784414629,-0.8919884592504124,1.0823861389058695,within_normal_range,Normal
subject3,antalgic,trial9,right,0.3123209169054441,25.0,0.5509138381201044,0.1294583883751651,Severe flat foot,subject3_antalgic_trial9_pressure.csv,0.27220835528702353,1.1315435723192275,-0.7864357272713394,-1.057344679252172,1.7581089751823418,within_normal_range,Normal
subject3,antalgic,trial9,left,0.20347394540942929,11.0,1.045774647887324,0.1335227272727273,Normal,subject3_antalgic_trial9_pressure.csv,-0.7928475333877727,-1.1637871237431152,0.6925909321142639,-1.039074763554478,1.8821174894495953,within_normal_range,Normal
subject3,lurching,trial10,left,0.2630805408583186,24.0,0.7624750499001997,0.11592505854800939,Severe flat foot,subject3_lurching_trial10_pressure.csv,-0.20960341906696023,0.9675913797433459,-0.15412727580622249,-1.1181793688002124,1.5014149957277236,within_normal_range,Normal
subject3,lurching,trial10,right,0.3111111111111111,23.0,0.6231617647058824,0.16120218579234968,Severe flat foot,subject3_lurching_trial10_pressure.csv,0.2603705359366301,0.8036391871674642,-0.5705030702561994,-0.9146507461540988,1.3695577752497738,within_normal_range,Normal
subject3,lurching,trial11,left,0.28978534418948926,22.0,0.6502347417840375,0.11023622047244097,Severe flat foot,subject3_lurching_trial11_pressure.csv,0.05170020429390609,0.6396869945915826,-0.48958808556310507,-1.1437516930276055,1.3999059936304663,within_normal_range,Normal
subject3,lurching,trial11,right,0.33592814371257484,21.0,0.3839458413926499,0.1895424836601307,Severe flat foot,subject3_lurching_trial11_pressure.csv,0.5032025260999125,0.47573480201570095,-1.2854651786847129,-0.7872561400590075,1.6588337287967652,within_normal_range,Normal
subject3,lurching,trial12,left,0.23666534966416436,19.0,1.0859903381642513,0.08194343727338649,Mild flat foot,subject3_lurching_trial12_pressure.csv,-0.468073218870574,0.14783041686393772,0.8127865040229568,-1.2709327123589165,1.5864546103938424,within_normal_range,Normal
subject3,lurching,trial12,right,0.12615384615384614,16.0,1.1764705882352942,0.44035608308605345,Normal,subject3_lurching_trial12_pressure.csv,-1.5494163739649642,-0.3440261608637072,1.0832114383916698,0.34019494924244886,1.9514417037211187,within_normal_range,Normal
subject3,lurching,trial13,left,0.2697947214076246,23.0,0.7833733013589129,0.09330059628200627,Severe flat foot,subject3_lurching_trial13_pressure.csv,-0.14390588579267935,0.8036391871674642,-0.09166714473114201,-1.2198802920557659,1.4707330279442898,within_normal_range,Normal
subject3,lurching,trial13,right,0.30174180327868855,22.0,1.0080321285140563,0.19435136428913358,Severe flat foot,subject3_lurching_trial13_pressure.csv,0.16869286826634586,0.6396869945915826,0.5797871067887163,-0.7656393787833046,1.1661961594841808,within_normal_range,Normal
subject3,lurching,trial14,left,0.2513262599469496,20.0,0.8394528437724982,0.09823677581863977,Mild flat foot,subject3_lurching_trial14_pressure.csv,-0.324617791352455,0.31178260943981934,0.07594188115808602,-1.1976912998786942,1.2817241220834512,within_normal_range,Normal
subject3,lurching,trial14,right,0.30160618679357526,19.0,0.6647727272727273,0.2228443449048152,Severe flat foot,subject3_lurching_trial14_pressure.csv,0.16736587557113272,0.14783041686393772,-0.4461373461084133,-0.6375584369758273,0.8095581885248123,within_normal_range,Normal
subject3,lurching,trial15,left,0.2736610418195158,22.0,1.3185567010309278,0.10507632232871844,Severe flat foot,subject3_lurching_trial15_pressure.csv,-0.10607435712824595,0.6396869945915826,1.5078745852916342,-1.1669463395545085,2.013926697935619,borderline,Normal
subject3,lurching,trial15,right,0.2881654201495821,22.0,1.1933333333333334,0.2709046454767726,Severe flat foot,subject3_lurching_trial15_pressure.csv,0.03584942209761706,0.6396869945915826,1.133610356750462,-0.42151896241770065,1.3686618679293836,within_normal_range,Normal
subject3,lurching,trial16,left,0.29960951366702165,23.0,0.7907159716758458,0.17692307692307696,Severe flat foot,subject3_lurching_trial16_pressure.csv,0.1478286441537892,0.8036391871674642,-0.06972156945931635,-0.8439825851345327,1.1767994529408012,within_normal_range,Normal
subject3,lurching,trial16,right,0.17366548042704627,13.0,0.9720176730486009,0.1428571428571429,Normal,subject3_lurching_trial16_pressure.csv,-1.084520151610374,-0.8358827385913521,0.47214807232623696,-0.99711492946761,1.7584214218134815,within_normal_range,Normal
subject3,lurching,trial17,left,0.26955510322768245,26.0,1.2470588235294118,0.1155234657039711,Severe flat foot,subject3_lurching_trial17_pressure.csv,-0.14625052386642023,1.295495764895109,1.2941836547773116,-1.1199845990209938,2.1515053629794516,borderline,Normal
subject3,lurching,trial17,right,0.2907608695652174,16.0,0.7363861386138614,0.3058438012015292,Severe flat foot,subject3_lurching_trial17_pressure.csv,0.061245614990142104,-0.3440261608637072,-0.23210111116609075,-0.26446133367941355,0.49589892874472935,within_normal_range,Normal
subject3,lurching,trial18,left,0.18819530284301608,22.0,1.2195704057279235,0.10709032068255364,Normal,subject3_lurching_trial18_pressure.csv,-0.9423474047453471,0.6396869945915826,1.2120270120400227,-1.1578930639622755,2.026559623540969,borderline,Normal
subject3,lurching,trial18,right,0.24248240563019835,17.0,0.6907894736842105,0.14494382022471908,Mild flat foot,subject3_lurching_trial18_pressure.csv,-0.41115395298542085,-0.18007396828782554,-0.3683791951827844,-0.9877349489702236,1.1457738729658609,within_normal_range,Normal
subject3,lurching,trial19,left,0.21894815367400225,24.0,1.7791116446578632,0.08191373686118164,Mild flat foot,subject3_lurching_trial19_pressure.csv,-0.6414340727443864,0.9675913797433459,2.884368795969768,-1.2710662209173427,3.3589973856721396,outside_normal_range,Normal
subject3,lurching,trial19,right,0.1987662782727896,12.0,0.7934782608695652,0.1664596273291925,Normal,subject3_lurching_trial19_pressure.csv,-0.8389115491053115,-0.9998349311672337,-0.061465713918107734,-0.8910176249787742,1.5814970498912537,within_normal_range,Normal
subject3,lurching,trial1,left,0.26314092228313446,24.0,1.001573564122738,0.10238095238095235,Severe flat foot,subject3_lurching_trial1_pressure.csv,-0.20901259333076558,0.9675913797433459,0.5604839234943837,-1.179062499884869,1.6383680750841365,within_normal_range,Normal
subject3,lurching,trial1,right,0.15423162583518932,14.0,1.0595690747782003,0.2937720329024677,Normal,subject3_lurching_trial1_pressure.csv,-1.2746783249451716,-0.6719305460154704,0.7338193436592171,-0.3187260479920499,1.6481421703089667,within_normal_range,Normal
subject3,lurching,trial20,left,0.2834570265740962,31.0,0.7551686615886833,0.12733727810650886,Severe flat foot,subject3_lurching_trial20_pressure.csv,-0.010221701745763315,2.115256727774517,-0.17596441239749802,-1.0668794416749379,2.375628490543284,borderline,Normal
subject3,lurching,trial20,right,0.28581035642232683,16.0,0.7597087378640777,0.22235294117647064,Severe flat foot,subject3_lurching_trial20_pressure.csv,0.012805377266204829,-0.3440261608637072,-0.1623951547104507,-0.6397673828626411,0.7444410436655784,within_normal_range,Normal
subject3,lurching,trial2,left,0.2599364069952305,19.0,0.682791435368755,0.11024208566108007,Mild flat foot,subject3_lurching_trial2_pressure.csv,-0.24036843016133336,0.14783041686393772,-0.39228351667656103,-1.1437253279766864,1.2416218416570715,within_normal_range,Normal
subject3,lurching,trial2,right,0.17129977460555973,10.0,0.5637663885578069,0.11226611226611227,Normal,subject3_lurching_trial2_pressure.csv,-1.1076683281872366,-1.327739316318997,-0.748022370700626,-1.1346269736376797,2.1992582053372294,borderline,Normal
subject3,lurching,trial3,left,0.2670189617656201,25.0,0.9816440542697525,0.1003427859146151,Severe flat foot,subject3_lurching_trial3_pressure.csv,-0.17106639482320363,1.1315435723192275,0.5009191412378964,-1.1882244153787231,1.7240799908517548,within_normal_range,Normal
subject3,lurching,trial3,right,0.22837706511175898,19.0,0.8616352201257862,0.14204003813155386,Mild flat foot,subject3_lurching_trial3_pressure.csv,-0.5491731902177317,0.14783041686393772,0.14223997013076234,-1.0007879584223691,1.1598507541188652,within_normal_range,Normal
subject3,lurching,trial4,left,0.2664332944379619,22.0,1.1991434689507494,0.10538286580742984,Severe flat foot,subject3_lurching_trial4_pressure.csv,-0.17679708652324497,0.6396869945915826,1.1509755335904839,-1.1655683728900914,1.7674136390947857,within_normal_range,Normal
subject3,lurching,trial4,right,0.34585987261146495,16.0,0.581668625146886,0.22233986236103753,Severe flat foot,subject3_lurching_trial4_pressure.csv,0.6003834233090904,-0.3440261608637072,-0.6945166481716357,-0.6398261744303255,1.1707028497516665,within_normal_range,Normal
subject3,lurching,trial5,left,0.28270042194092826,25.0,1.1431192660550458,0.05488194001276325,Severe flat foot,subject3_lurching_trial5_pressure.csv,-0.017624996563053382,1.1315435723192275,0.9835319049617561,-1.3925788855905608,2.046292368463303,borderline,Normal
subject3,lurching,trial5,right,0.24198396793587174,19.0,0.8830734966592427,0.16079404466501246,Mild flat foot,subject3_lurching_trial5_pressure.csv,-0.41603111212162597,0.14783041686393772,0.20631411360391025,-0.9164854120560209,1.0380013209948165,within_normal_range,Normal
subject3,lurching,trial6,left,0.26921726921726924,22.0,1.1990740740740742,0.06596306068601587,Severe flat foot,subject3_lurching_trial6_pressure.csv,-0.14955619325932917,0.6396869945915826,1.1507681280521957,-1.3427673059858851,1.8864935273032823,within_normal_range,Normal
subject3,lurching,trial6,right,0.24848484848484848,16.0,0.7943696450428397,0.3272921108742004,Mild flat foot,subject3_lurching_trial6_pressure.csv,-0.35242069636915263,-0.3440261608637072,-0.05880156891004467,-0.16804742247413146,0.523690659926661,within_normal_range,Normal
subject3,lurching,trial7,left,0.22692998204667864,21.0,0.7941869599371564,0.08830801836806779,Mild flat foot,subject3_lurching_trial7_pressure.csv,-0.5633327420976095,0.47573480201570095,-0.05934757323337226,-1.2423228048237183,1.4458753286510877,within_normal_range,Normal
subject3,lurching,trial7,right,0.26047183437650456,19.0,1.1415584415584417,0.15905743740795286,Severe flat foot,subject3_lurching_trial7_pressure.csv,-0.23512933092369837,0.14783041686393772,0.9788669547463905,-0.9242917660501508,1.3746401050068962,within_normal_range,Normal
subject3,lurching,trial8,left,0.2467911318553092,24.0,0.6311719214753123,0.13099219620958746,Mild flat foot,subject3_lurching_trial8_pressure.csv,-0.36899353110441463,0.9675913797433459,-0.546562529453589,-1.0504499442072752,1.5730750103025315,within_normal_range,Normal
subject3,lurching,trial8,right,0.22757222503801317,18.0,0.8418708240534521,0.14645744174988107,Mild flat foot,subject3_lurching_trial8_pressure.csv,-0.557048463624083,-0.016121775711943915,0.08316867549462252,-0.9809309549234891,1.13124067703946,within_normal_range,Normal
subject3,lurching,trial9,left,0.27428383272966744,26.0,0.9193934557063048,0.11797405806053118,Severe flat foot,subject3_lurching_trial9_pressure.csv,-0.09998041517328354,1.295495764895109,0.31486622894249805,-1.1089687568650604,1.7370255628834863,within_normal_range,Normal
subject3,lurching,trial9,right,0.36721728081321475,19.0,0.602974828375286,0.31834259727134917,Severe flat foot,subject3_lurching_trial9_pressure.csv,0.8093633614687649,0.14783041686393772,-0.6308372418353073,-0.2082770546924312,1.057477110974945,within_normal_range,Normal
subject3,normal,trial10,left,0.2728794642857143,16.0,0.7796817625458996,0.31085949562532167,Severe flat foot,subject3_normal_trial10_pressure.csv,-0.11372200908759944,-0.3440261608637072,-0.10270031650558843,-0.24191490814805702,0.4476124132596998,within_normal_range,Normal
subject3,normal,trial10,right,0.31065468549422337,16.0,1.1864406779661016,0.14536644457904302,Severe flat foot,subject3_normal_trial10_pressure.csv,0.2559044604516901,-0.3440261608637072,1.1130097740393592,-0.9858351784245336,1.5474181233151463,within_normal_range,Normal
subject3,normal,trial11,left,0.26430517711171664,14.0,0.8505025125628141,0.20133481646273632,Severe flat foot,subject3_normal_trial11_pressure.csv,-0.19762048527248197,-0.6719305460154704,0.1089668336208721,-0.7342475372793574,1.0205575592283562,within_normal_range,Normal
subject3,normal,trial11,right,0.3957643944407677,17.0,0.9019264448336253,0.12589073634204273,Severe flat foot,subject3_normal_trial11_pressure.csv,1.0886937925851419,-0.18007396828782554,0.26266129731207954,-1.073381900440333,1.5616723309858924,within_normal_range,Normal
subject3,normal,trial12,left,0.26596858638743454,17.0,0.6257861635220126,0.32054395337542496,Severe flat foot,subject3_normal_trial12_pressure.csv,-0.1813442047289807,-0.18007396828782554,-0.5626593377615158,-0.19838157317483635,0.6490401633098385,within_normal_range,Normal
subject3,normal,trial12,right,0.31281761716544326,18.0,1.0042134831460674,0.19182231196365473,Severe flat foot,subject3_normal_trial12_pressure.csv,0.27706851381552944,-0.016121775711943915,0.568374042366315,-0.7770079122511385,1.0019067924396716,within_normal_range,Normal
subject3,normal,trial13,right,0.26001097092704334,17.0,1.271472392638037,0.19948849104859334,Severe flat foot,subject3_normal_trial13_pressure.csv,-0.239638830122228,-0.18007396828782554,1.367150272560996,-0.7425470936197834,1.5844019240596965,within_normal_range,Normal
subject3,normal,trial13,left,0.30944831959416613,15.0,0.8697478991596639,0.13923303834808265,Severe flat foot,subject3_normal_trial13_pressure.csv,0.2441003000961631,-0.5079783534395889,0.16648692671596446,-1.0134059144294885,1.1714676300428568,within_normal_range,Normal
subject3,normal,trial14,left,0.2952947539210384,15.0,0.9175531914893617,0.17505030181086523,Severe flat foot,subject3_normal_trial14_pressure.csv,0.10560918492111127,-0.5079783534395889,0.30936609681756244,-0.8524010375035933,1.0447440921585693,within_normal_range,Normal
subject3,normal,trial14,right,0.31335898845519516,18.0,1.2725832012678289,0.13908355795148253,Severe flat foot,subject3_normal_trial14_pressure.csv,0.2823657735572104,-0.016121775711943915,1.3704702274746026,-1.0140778550115055,1.728158812767997,within_normal_range,Normal
subject3,normal,trial15,right,0.2834413671184443,15.0,1.1926751592356688,0.1544715447154471,Severe flat foot,subject3_normal_trial15_pressure.csv,-0.010374927832132794,-0.5079783534395889,1.1316432237349765,-0.9449061574683971,1.5593632286730694,within_normal_range,Normal
subject3,normal,trial15,left,0.28653113087674714,13.0,1.1197411003236246,0.14407814407814412,Severe flat foot,subject3_normal_trial15_pressure.csv,0.019858077644872005,-0.8358827385913521,0.9136598729037484,-0.9916263149753851,1.5865659166353234,within_normal_range,Normal
subject3,normal,trial16,left,0.2579001019367992,16.0,0.9703703703703703,0.1950523311132255,Mild flat foot,subject3_normal_trial16_pressure.csv,-0.2602934557620683,-0.3440261608637072,0.467224658450876,-0.7624884100511643,0.9928716631055956,within_normal_range,Normal
subject3,normal,trial16,right,0.3007380073800738,17.0,0.9914407988587732,0.12478920741989885,Severe flat foot,subject3_normal_trial16_pressure.csv,0.158870833549593,-0.18007396828782554,0.5301993875947844,-1.0783334660093882,1.225390154330192,within_normal_range,Normal
subject3,normal,trial17,right,0.34769947582993593,18.0,0.9409090909090909,0.10201793721973096,Severe flat foot,subject3_normal_trial17_pressure.csv,0.6183837425989053,-0.016121775711943915,0.3791715799229182,-1.1806943166599115,1.3858096987598956,within_normal_range,Normal
subject3,normal,trial17,left,0.31418753068237604,18.0,0.9961489088575096,0.16765375854214126,Severe flat foot,subject3_normal_trial17_pressure.csv,0.2904729699812012,-0.016121775711943915,0.5442708599482459,-0.885649795882228,1.0794631943131925,within_normal_range,Normal
subject3,normal,trial18,left,0.2982261640798226,16.0,0.8692893401015228,0.14420686225758328,Severe flat foot,subject3_normal_trial18_pressure.csv,0.134292717488194,-0.3440261608637072,0.16511639775406822,-0.9910477041984824,1.070433328205614,within_normal_range,Normal
subject3,normal,trial18,right,0.38802395209580837,18.0,0.9412698412698413,0.10466439135381111,Severe flat foot,subject3_normal_trial18_pressure.csv,1.012954398212111,-0.016121775711943915,0.380249780884485,-1.1687980414855015,1.5928010805346688,within_normal_range,Normal
subject3,normal,trial19,left,0.25384615384615383,15.0,0.9099099099099099,0.2846865364850977,Mild flat foot,subject3_normal_trial19_pressure.csv,-0.2999609010476899,-0.5079783534395889,0.2865220627011457,-0.3595669467952014,0.7479317023383086,within_normal_range,Normal
subject3,normal,trial19,right,0.2819650067294751,15.0,1.0,0.10362694300518138,Severe flat foot,subject3_normal_trial19_pressure.csv,-0.024820955171859276,-0.5079783534395889,0.5557808974275653,-1.1734615536452642,1.394475711946173,within_normal_range,Normal
subject3,normal,trial1,left,0.37780333525014376,18.0,0.5376676986584107,0.18623481781376516,Severe flat foot,subject3_normal_trial1_pressure.csv,0.9129467635691714,-0.016121775711943915,-0.8260254321158196,-0.8021246777701434,1.4695079849914099,within_normal_range,Normal
subject3,normal,trial1,right,0.2566105769230769,17.0,0.917900403768506,0.06324110671936756,Mild flat foot,subject3_normal_trial1_pressure.csv,-0.2729113190850605,-0.18007396828782554,0.31040383552546724,-1.3550029661404792,1.428037394992894,within_normal_range,Normal
subject3,normal,trial20,left,0.3313351498637602,17.0,0.7731591448931117,0.14841351074718523,Severe flat foot,subject3_normal_trial20_pressure.csv,0.45826057614858806,-0.18007396828782554,-0.12219494046255622,-0.9721380819420912,1.0965461429158632,within_normal_range,Normal
subject3,normal,trial20,right,0.2934386391251519,16.0,1.134185303514377,0.20670698185816383,Severe flat foot,subject3_normal_trial20_pressure.csv,0.08744730162527975,-0.3440261608637072,0.9568303183523474,-0.7100987122521435,1.2432881681977719,within_normal_range,Normal
subject3,normal,trial2,left,0.2147093712930012,12.0,0.8320802005012531,0.3317013463892289,Mild flat foot,subject3_normal_trial2_pressure.csv,-0.6829101016466829,-0.9998349311672337,0.05390672352771975,-0.14822713603119578,1.221029612749328,within_normal_range,Normal
subject3,normal,trial2,right,0.19066147859922178,15.0,0.8002735978112175,0.1912798874824191,Normal,subject3_normal_trial2_pressure.csv,-0.9182161406821107,-0.5079783534395889,-0.04115599389614971,-0.7794462053645609,1.3078199767028866,within_normal_range,Normal
subject3,normal,trial3,left,0.32089994079336887,16.0,1.1534883720930234,0.16157431382703258,Severe flat foot,subject3_normal_trial3_pressure.csv,0.3561531797073386,-0.3440261608637072,1.014522809800996,-0.9129779654156415,1.451889935124306,within_normal_range,Normal
subject3,normal,trial3,right,0.38261383796570075,20.0,0.612,0.09832402234636872,Severe flat foot,subject3_normal_trial3_pressure.csv,0.9600170143466831,0.31178260943981934,-0.603863051972179,-1.1972991114449294,1.6783970957994996,within_normal_range,Normal
subject3,normal,trial4,right,0.30497237569060776,18.0,1.0208623087621698,0.20748129675810478,Severe flat foot,subject3_normal_trial4_pressure.csv,0.2003036712479508,-0.016121775711943915,0.6181336039393164,-0.7066180310634084,0.9600935717472797,within_normal_range,Normal
subject3,normal,trial4,left,0.20285544318857823,14.0,0.7376294591484465,0.30794165316045385,Normal,subject3_normal_trial4_pressure.csv,-0.7988995109800016,-0.6719305460154704,-0.22838510824058544,-0.2550311214353548,1.0986044410429865,within_normal_range,Normal
subject3,normal,trial5,left,0.3108866442199775,15.0,0.7921022067363531,0.16449765747006773,Severe flat foot,subject3_normal_trial5_pressure.csv,0.25817415159144774,-0.5079783534395889,-0.06557842744807135,-0.8998370233682949,1.0671003227832119,within_normal_range,Normal
subject3,normal,trial5,right,0.3839590443686007,19.0,0.6283185840707964,0.6863406408094435,Severe flat foot,subject3_normal_trial5_pressure.csv,0.9731797140635425,0.14783041686393772,-0.5550905074348849,1.4459386497090716,1.835155753112464,within_normal_range,Normal
subject3,normal,trial6,left,0.2891566265060241,15.0,0.8637602179836512,0.26068376068376065,Severe flat foot,subject3_normal_trial6_pressure.csv,0.045548269500634626,-0.5079783534395889,0.14859110649251642,-0.46746363096789817,0.7076144540807938,within_normal_range,Normal
subject3,normal,trial6,right,0.40825688073394495,21.0,1.3847695390781563,0.05879150789330434,Severe flat foot,subject3_normal_trial6_pressure.csv,1.210931424995748,0.47573480201570095,1.7057697322350713,-1.3750046927409585,2.548130059938094,borderline,Normal
subject3,normal,trial7,right,0.36639801611903283,19.0,1.0094637223974763,0.13056036972848062,Severe flat foot,subject3_normal_trial7_pressure.csv,0.8013469447055869,0.14783041686393772,0.5840658160281638,-1.052391079925703,1.4535028794257605,within_normal_range,Normal
subject3,normal,trial7,left,0.23308270676691728,13.0,1.052160953800298,0.16414435389988358,Mild flat foot,subject3_normal_trial7_pressure.csv,-0.5031289936182586,-0.8358827385913521,0.7116781512147695,-0.9014251848394828,1.5069478729118895,within_normal_range,Normal
subject3,normal,trial8,right,0.3396334478808706,17.0,0.9928469241773963,0.14501510574018128,Severe flat foot,subject3_normal_trial8_pressure.csv,0.5394585281690111,-0.18007396828782554,0.5344019770737509,-0.9874145080840706,1.2585765854903075,within_normal_range,Normal
subject3,normal,trial8,left,0.21837088388214904,14.0,0.7517647058823529,0.3181574718800214,Mild flat foot,subject3_normal_trial8_pressure.csv,-0.6470825954613445,-0.6719305460154704,-0.18613806352860843,-0.20910922577321617,0.9739510208502749,within_normal_range,Normal
subject3,normal,trial9,right,0.26697892271662765,16.0,1.1728971962616823,0.15559157212317665,Severe flat foot,subject3_normal_trial9_pressure.csv,-0.17145817260369914,-0.3440261608637072,1.072531380708596,-0.939871437964421,1.4769677676974595,within_normal_range,Normal
subject3,normal,trial9,left,0.29193643319599766,14.0,0.9739726027397261,0.15522054718034617,Severe flat foot,subject3_normal_trial9_pressure.csv,0.07274837845949846,-0.6719305460154704,0.4779909135319464,-0.9415392601116638,1.2536963256657725,within_normal_range,Normal
subject3,steppage,trial10,right,0.30576665176575774,25.0,1.2972322503008424,0.26378711916698805,Severe flat foot,subject3_steppage_trial10_pressure.csv,0.2080755770662304,1.1315435723192275,1.4441406413137567,-0.4535134906628425,1.901289820078914,within_normal_range,Normal
subject3,steppage,trial10,left,0.3382539013074652,23.0,0.7935735150925024,0.18456883509833588,Severe flat foot,subject3_steppage_trial10_pressure.csv,0.5259598135836416,0.8036391871674642,-0.06118102066222136,-0.8096135620713429,1.2576513451013525,within_normal_range,Normal
subject3,steppage,trial11,left,0.2460881934566145,16.0,0.792183031458532,0.1468468468468469,Mild flat foot,subject3_steppage_trial11_pressure.csv,-0.37587170759950284,-0.3440261608637072,-0.06533686069539965,-0.9791805107619344,1.1057562651660264,within_normal_range,Normal
subject3,steppage,trial11,right,0.1790330301579703,19.0,1.521917808219178,0.1498871331828442,Normal,subject3_steppage_trial11_pressure.csv,-1.0319992558049744,0.14783041686393772,2.115674785018663,-0.9655138908132785,2.5485629608564406,borderline,Normal
subject3,steppage,trial12,right,0.3552950687146322,28.0,0.5965327029156816,0.18932874354561102,Severe flat foot,subject3_steppage_trial12_pressure.csv,0.692705800609663,1.6234001500468724,-0.6500912928933081,-0.7882169393358179,2.0394053069270215,borderline,Normal
subject3,steppage,trial12,left,0.3688560243584167,23.0,0.6633393829401089,0.24095486758672136,Severe flat foot,subject3_steppage_trial12_pressure.csv,0.8253982904967079,0.8036391871674642,-0.4504212870432777,-0.5561484633050636,1.3562074805000808,within_normal_range,Normal
subject3,steppage,trial13,right,0.2806420233463035,23.0,1.0529729729729729,0.17142857142857137,Severe flat foot,subject3_steppage_trial13_pressure.csv,-0.03776620503503449,0.8036391871674642,0.7141050922466998,-0.8686813503495456,1.3826842013314928,within_normal_range,Normal
subject3,steppage,trial13,left,0.32164282418089524,21.0,0.7029520295202952,0.11572327044025155,Severe flat foot,subject3_steppage_trial13_pressure.csv,0.36342221361438315,0.47573480201570095,-0.33202807589270145,-1.1190864417118105,1.3118675292884976,within_normal_range,Normal
subject3,steppage,trial14,left,0.33137337253254934,23.0,0.5241691842900302,0.26505165657285357,Severe flat foot,subject3_steppage_trial14_pressure.csv,0.45863458084449454,0.8036391871674642,-0.8663694282838038,-0.44782917338910316,1.3443692114522559,within_normal_range,Normal
subject3,steppage,trial14,right,0.3617113223854797,29.0,0.6733716475095786,0.16099071207430338,Severe flat foot,subject3_steppage_trial14_pressure.csv,0.7554881514775292,1.787352342622754,-0.42043712491244534,-0.915601357581532,2.1864317884882136,borderline,Normal
subject3,steppage,trial15,left,0.2852004110996917,20.0,0.8262668045501551,0.1575757575757576,Severe flat foot,subject3_steppage_trial15_pressure.csv,0.00683712800107952,0.31178260943981934,0.03653180229020496,-0.9309521765886071,0.9824773124820958,within_normal_range,Normal
subject3,steppage,trial15,right,0.3032104637336504,26.0,0.6532751091703056,0.254326561324304,Severe flat foot,subject3_steppage_trial15_pressure.csv,0.18306355258141843,1.295495764895109,-0.480501117409914,-0.49604035630947135,1.479445470460029,within_normal_range,Normal
subject3,steppage,trial16,right,0.35262054507337526,27.0,0.8194044188280499,0.1447897623400366,Severe flat foot,subject3_steppage_trial16_pressure.csv,0.6665358749390629,1.4594479574709907,0.01602168867915736,-0.9884274661634631,1.8845434363583888,within_normal_range,Normal
subject3,steppage,trial16,left,0.25358630263766774,18.0,0.922497308934338,0.2759211653813196,Mild flat foot,subject3_steppage_trial16_pressure.csv,-0.3025035171257818,-0.016121775711943915,0.3241429418695948,-0.3989688262056712,0.5966683002920308,within_normal_range,Normal
subject3,steppage,trial17,left,0.3047619047619048,22.0,0.7530973451327434,0.17841140529531563,Severe flat foot,subject3_steppage_trial17_pressure.csv,0.19824423588719614,0.6396869945915826,-0.18215510723106212,-0.8372922882432975,1.087538085380998,within_normal_range,Normal
subject3,steppage,trial17,right,0.3485993775011116,27.0,1.2348993288590604,0.13251426064063188,Severe flat foot,subject3_steppage_trial17_pressure.csv,0.6271891834939605,1.4594479574709907,1.2578416846169214,-1.0436079978188184,2.2791748439137804,borderline,Normal
subject3,steppage,trial18,right,0.2851694915254237,25.0,1.3128555176336747,0.20583468395461912,Severe flat foot,subject3_steppage_trial18_pressure.csv,0.006534583298210681,1.1315435723192275,1.4908350419126577,-0.7140198442154736,2.003209179532693,borderline,Normal
subject3,steppage,trial18,left,0.33569844789356984,20.0,0.6008196721311475,0.25608856088560883,Severe flat foot,subject3_steppage_trial18_pressure.csv,0.5009549772588845,0.31178260943981934,-0.6372785147696536,-0.4881198594572719,0.9962676283876511,within_normal_range,Normal
subject3,steppage,trial19,left,0.2797567332754127,21.0,0.6883759274525969,0.19242199108469538,Severe flat foot,subject3_steppage_trial19_pressure.csv,-0.04642867299558891,0.47573480201570095,-0.3755927371520815,-0.7743122494968216,0.9844331300028816,within_normal_range,Normal
subject3,steppage,trial19,right,0.4153225806451613,5.0,1.1911764705882353,0.8771929824561404,Severe flat foot,subject3_steppage_trial19_pressure.csv,1.2800685373528473,-2.1475002791984052,1.1271639834720117,2.303853375935287,3.581699587196391,outside_normal_range,Normal
subject3,steppage,trial1,right,0.3172645739910314,26.0,0.9453551912568307,0.17822445561139033,Severe flat foot,subject3_steppage_trial1_pressure.csv,0.3205815072289351,1.295495764895109,0.3924599648885896,-0.8381326598390506,1.6240606390056913,within_normal_range,Normal
subject3,steppage,trial1,left,0.24334140435835352,15.0,0.6451942740286298,0.28840820854132,Mild flat foot,subject3_steppage_trial1_pressure.csv,-0.40274874298084734,-0.5079783534395889,-0.5046528998278036,-0.3428373786082502,0.890202547183188,within_normal_range,Normal
subject3,steppage,trial20,right,0.19641367806505422,24.0,0.7124075595727198,0.22489270386266091,Normal,subject3_steppage_trial20_pressure.csv,-0.8619314886636468,0.9675913797433459,-0.3037676423523364,-0.6283507044462137,1.4718214421667841,within_normal_range,Normal
subject3,steppage,trial20,left,0.33318385650224214,21.0,0.638986013986014,0.14514896867838045,Severe flat foot,subject3_steppage_trial20_pressure.csv,0.47634997142238705,0.47573480201570095,-0.5232079802265657,-0.9868127707148243,1.3041391536725129,within_normal_range,Normal
subject3,steppage,trial2,right,0.29546383326522274,22.0,1.0943204868154157,0.22309899569583935,Severe flat foot,subject3_steppage_trial2_pressure.csv,0.10726360808697237,0.6396869945915826,0.8376834279428622,-0.6364137370377505,1.2358968010355502,within_normal_range,Normal
subject3,steppage,trial2,left,0.36671575846833576,21.0,0.6222222222222222,0.10323159784560143,Severe flat foot,subject3_steppage_trial2_pressure.csv,0.8044560193592518,0.47573480201570095,-0.5733111495252212,-1.175238699429379,1.607278682661672,within_normal_range,Normal
subject3,steppage,trial3,left,0.2961439588688946,17.0,0.5806451612903226,0.24710080285459413,Severe flat foot,subject3_steppage_trial3_pressure.csv,0.11391856384066316,-0.18007396828782554,-0.6975755493796075,-0.5285214070832341,0.9007500197501784,within_normal_range,Normal
subject3,steppage,trial3,right,0.41368487131198994,19.0,0.9,0.21867321867321865,Severe flat foot,subject3_steppage_trial3_pressure.csv,1.264043727978195,0.14783041686393772,0.25690359088123954,-0.656308380456529,1.4547853874906518,within_normal_range,Normal
subject3,steppage,trial4,left,0.2890431333663857,18.0,0.8029197080291971,0.17958412098298682,Severe flat foot,subject3_steppage_trial4_pressure.csv,0.04443775135727526,-0.016121775711943915,-0.0332473709484053,-0.8320207256863545,0.8340254798532393,within_normal_range,Normal
subject3,steppage,trial4,right,0.41810344827586204,26.0,0.7569367369589345,0.10981409424989197,Severe flat foot,subject3_steppage_trial4_pressure.csv,1.3072790275024182,1.295495764895109,-0.1706800363531824,-1.14564922438366,2.174610666935403,borderline,Normal
subject3,steppage,trial5,right,0.33642105263157895,26.0,0.9255429162357808,0.1706125516723036,Severe flat foot,subject3_steppage_trial5_pressure.csv,0.5080255867652693,1.295495764895109,0.3332455709401252,-0.8723495021770438,1.6758417401918078,within_normal_range,Normal
subject3,steppage,trial5,left,0.36281365693130396,23.0,0.597770154373928,0.14887751083103584,Severe flat foot,subject3_steppage_trial5_pressure.csv,0.766274376240455,0.8036391871674642,-0.6463928313050832,-0.9700523202402905,1.6099184945828946,within_normal_range,Normal
subject3,steppage,trial6,left,0.1952247191011236,21.0,0.7518248175182481,0.22680412371134018,Normal,subject3_steppage_trial6_pressure.csv,-0.8735653240246366,0.47573480201570095,-0.18595840349032375,-0.619758537213502,1.1866428061825836,within_normal_range,Normal
subject3,steppage,trial6,right,0.1943268416596105,22.0,0.8362989323843416,0.2335511982570806,Normal,subject3_steppage_trial6_pressure.csv,-0.8823509580505386,0.6396869945915826,0.06651555575030582,-0.5894292545764979,1.2408037030609205,within_normal_range,Normal
subject3,steppage,trial7,right,0.36844349680170574,29.0,0.7252946509519492,0.1351034752049981,Severe flat foot,subject3_steppage_trial7_pressure.csv,0.8213617528009236,1.787352342622754,-0.2652510507459318,-1.0319690245426023,2.2370922451209925,borderline,Normal
subject3,steppage,trial7,left,0.31498593812776216,23.0,0.7713787085514834,0.1684782608695652,Severe flat foot,subject3_steppage_trial7_pressure.csv,0.2982853008121184,0.8036391871674642,-0.12751626064518676,-0.88194351341065,1.2364848650136449,within_normal_range,Normal
subject3,steppage,trial8,right,0.3431578947368421,24.0,0.7994480220791168,0.21869361241429086,Severe flat foot,subject3_steppage_trial8_pressure.csv,0.5739448609229847,0.9675913797433459,-0.0436234524077525,-0.6562167070160161,1.3031381943986031,within_normal_range,Normal
subject3,steppage,trial8,left,0.3058321479374111,19.0,0.7234848484848485,0.17844522968197885,Severe flat foot,subject3_steppage_trial8_pressure.csv,0.20871645004915593,0.14783041686393772,-0.2706601396134114,-0.8371402416968755,0.9162298205773166,within_normal_range,Normal
subject3,steppage,trial9,right,0.2669683257918552,24.0,0.6669401148482362,0.41551659828422227,Severe flat foot,subject3_steppage_trial9_pressure.csv,-0.1715618623708615,0.9675913797433459,-0.4396595165003125,0.2285371114632704,1.1005436168271814,within_normal_range,Normal
subject3,steppage,trial9,left,0.33481349911190056,23.0,0.6756993006993007,0.17943465792707902,Severe flat foot,subject3_steppage_trial9_pressure.csv,0.4922958487765917,0.8036391871674642,-0.41348029775326406,-0.8326925883189202,1.323833089609577,within_normal_range,Normal
subject3,stiff-legged,trial10,left,0.35319331333047577,24.0,0.3651026392961877,0.18757612667478685,Severe flat foot,subject3_stiff-legged_trial10_pressure.csv,0.6721403506234712,0.9675913797433459,-1.3417832335777,-0.7960952593498107,1.9550334107015526,within_normal_range,Normal
subject3,stiff-legged,trial10,right,0.20409134157944814,19.0,0.7670837343599615,0.3192118226600985,Normal,subject3_stiff-legged_trial10_pressure.csv,-0.7868063783837685,0.14783041686393772,-0.14035296382566728,-0.20436973422162327,0.8380835590417065,within_normal_range,Normal
subject3,stiff-legged,trial11,left,0.31822070145423437,18.0,0.8363970588235294,0.12407335154116272,Severe flat foot,subject3_stiff-legged_trial11_pressure.csv,0.32993711144108606,-0.016121775711943915,0.06680883340876022,-1.0815513636517458,1.132843846960641,within_normal_range,Normal
subject3,stiff-legged,trial11,right,0.21214868540344514,20.0,1.154535274356103,0.1426636568848758,Mild flat foot,subject3_stiff-legged_trial11_pressure.csv,-0.7079661371820214,0.31178260943981934,1.017651763087061,-0.9979846828250691,1.6217314774688172,within_normal_range,Normal
subject3,stiff-legged,trial12,left,0.20119305856832972,20.0,0.34129429892141755,0.16666666666666663,Normal,subject3_stiff-legged_trial12_pressure.csv,-0.8151657653801335,0.31178260943981934,-1.4129409600231944,-0.890086946869223,1.8842400457731288,within_normal_range,Normal
subject3,stiff-legged,trial12,right,0.3783231083844581,20.0,1.1305841924398625,0.7393939393939394,Severe flat foot,subject3_stiff-legged_trial12_pressure.csv,0.9180326876869289,0.31178260943981934,0.9460674145670973,1.684422525451988,2.1615538874537723,borderline,Normal
subject3,stiff-legged,trial13,left,0.29521492295214924,20.0,0.9434523809523809,0.23234811165845648,Severe flat foot,subject3_stiff-legged_trial13_pressure.csv,0.1048280474916964,0.31178260943981934,0.3867728967019643,-0.5948373397012575,0.7820626889298082,within_normal_range,Normal
subject3,stiff-legged,trial13,right,0.2721724979658259,22.0,0.7703435804701627,0.2546689303904923,Severe flat foot,subject3_stiff-legged_trial13_pressure.csv,-0.12063959835759107,0.6396869945915826,-0.13061002357394264,-0.4945013473502256,0.8278550141967292,within_normal_range,Normal
subject3,stiff-legged,trial14,left,0.3346055979643766,21.0,1.9585406301824213,0.1305868635833657,Severe flat foot,subject3_stiff-legged_trial14_pressure.csv,0.49026155844779984,0.47573480201570095,3.4206413150689645,-1.0522719854044398,3.643452117863541,outside_normal_range,Normal
subject3,stiff-legged,trial14,right,0.270405836753306,21.0,0.7463697967086157,0.4972882770129329,Severe flat foot,subject3_stiff-legged_trial14_pressure.csv,-0.1379261879781076,0.47573480201570095,-0.2022622227576948,0.5961151393999998,0.8010059309117848,within_normal_range,Normal
subject3,stiff-legged,trial15,left,0.3152759084791386,24.0,1.3008130081300813,0.17119650109340834,Severe flat foot,subject3_stiff-legged_trial15_pressure.csv,0.3011226294582894,0.9675913797433459,1.4548427138677325,-0.8697245471808697,1.9748154410446823,within_normal_range,Normal
subject3,stiff-legged,trial15,right,0.6091772151898734,18.0,1.57,0.6959706959706959,Severe flat foot,subject3_stiff-legged_trial15_pressure.csv,3.176915250045313,-0.016121775711943915,2.259381544741623,1.4892274355103134,4.173206649210921,outside_normal_range,Normal
subject3,stiff-legged,trial16,left,0.3182300884955752,24.0,0.7858921161825726,0.1750245821042281,Severe flat foot,subject3_stiff-legged_trial16_pressure.csv,0.33002896262922565,0.9675913797433459,-0.0841389788292984,-0.8525166520927978,1.3337976623842553,within_normal_range,Normal
subject3,stiff-legged,trial16,right,0.35294117647058826,16.0,0.6782006920415224,0.7742946708463949,Severe flat foot,subject3_stiff-legged_trial16_pressure.csv,0.6696732186152554,-0.3440261608637072,-0.40600420668344883,1.841307430351693,2.0302878337817396,borderline,Normal
subject3,stiff-legged,trial17,left,0.29353416605437177,23.0,0.7355102040816327,0.25367521367521373,Severe flat foot,subject3_stiff-legged_trial17_pressure.csv,0.08838202233541342,0.8036391871674642,-0.23471908070312497,-0.4989682781532693,0.9786264427618122,within_normal_range,Normal
subject3,stiff-legged,trial17,right,0.21736997055937193,18.0,1.062206572769953,0.27937468482097827,Mild flat foot,subject3_stiff-legged_trial17_pressure.csv,-0.656876424484101,-0.016121775711943915,0.741702226617181,-0.38344465102905007,1.0624963727311247,within_normal_range,Normal
subject3,stiff-legged,trial18,left,0.30859509837763205,23.0,0.8166144200626959,0.11419141914191422,Severe flat foot,subject3_stiff-legged_trial18_pressure.csv,0.23575162242032008,0.8036391871674642,0.007683015516591526,-1.1259723817840845,1.4033130812092318,within_normal_range,Normal
subject3,stiff-legged,trial18,right,0.1436950146627566,12.0,1.0162790697674418,0.34562910560889337,Normal,subject3_stiff-legged_trial18_pressure.csv,-1.3777779300296087,-0.9998349311672337,0.6044353426792924,-0.08561941723253093,1.8084840840178638,within_normal_range,Normal
subject3,stiff-legged,trial19,left,0.33859784283513095,22.0,1.2123212321232124,0.12387543252595157,Severe flat foot,subject3_stiff-legged_trial19_pressure.csv,0.5293252443748294,0.6396869945915826,1.190360877223395,-1.0824410443142138,1.8105309436245989,within_normal_range,Normal
subject3,stiff-legged,trial19,right,0.1570048309178744,15.0,1.0243605359317904,0.41309523809523807,Normal,subject3_stiff-legged_trial19_pressure.csv,-1.247542812002354,-0.5079783534395889,0.6285890110807505,0.2176526730240872,1.5022988738157073,within_normal_range,Normal
subject3,stiff-legged,trial1,left,0.3800182481751825,22.0,0.635386119257087,0.2123348017621145,Severe flat foot,subject3_stiff-legged_trial1_pressure.csv,0.9346194479010527,0.6396869945915826,-0.5339672486308857,-0.6848006754007742,1.4271601000183107,within_normal_range,Normal
subject3,stiff-legged,trial1,right,0.21204671173939765,14.0,0.7166085946573751,0.3509645301804605,Mild flat foot,subject3_stiff-legged_trial1_pressure.csv,-0.7089639384978577,-0.6719305460154704,-0.29121170184425244,-0.06163574864810183,1.0211384556275804,within_normal_range,Normal
subject3,stiff-legged,trial20,left,0.3030665073675826,19.0,0.8370436331255565,0.08987108655616938,Severe flat foot,subject3_stiff-legged_trial20_pressure.csv,0.18165495504962276,0.14783041686393772,0.06874129726747946,-1.2352965393605966,1.2591803925373553,within_normal_range,Normal
subject3,stiff-legged,trial20,right,0.1174061433447099,12.0,0.7252985884907709,0.23337515683814303,Normal,subject3_stiff-legged_trial20_pressure.csv,-1.6350117034554934,-0.9998349311672337,-0.2652392823359574,-0.590220591609249,2.022781595643061,borderline,Normal
subject3,stiff-legged,trial2,left,0.24194301728164408,17.0,0.7994323557237465,0.31322314049586775,Mild flat foot,subject3_stiff-legged_trial2_pressure.csv,-0.41643180986112943,-0.18007396828782554,-0.04367027558871727,-0.23128991018096695,0.511120535530177,within_normal_range,Normal
subject3,stiff-legged,trial2,right,0.48419540229885055,16.0,0.6425339366515838,0.6414473684210527,Severe flat foot,subject3_stiff-legged_trial2_pressure.csv,1.953981676723899,-0.3440261608637072,-0.512604044525364,1.2441355219183585,2.397297331516095,borderline,Normal
subject3,stiff-legged,trial3,left,0.3290653008962868,20.0,1.1854934601664684,0.2129629629629629,Severe flat foot,subject3_stiff-legged_trial3_pressure.csv,0.4360503485604143,0.31178260943981934,1.1101787549926878,-0.6819769807056919,1.4088781963953902,within_normal_range,Normal
subject3,stiff-legged,trial3,right,0.2059800664451827,12.0,0.8512960436562074,0.16558018252933504,Normal,subject3_stiff-legged_trial3_pressure.csv,-0.7683254090679547,-0.9998349311672337,0.11133851797941363,-0.8949708834936605,1.5502783529704922,within_normal_range,Normal
subject3,stiff-legged,trial4,left,0.28745791245791247,21.0,1.0574837310195229,0.15503875968992253,Severe flat foot,subject3_stiff-legged_trial4_pressure.csv,0.02892653556307516,0.47573480201570095,0.7275867244010501,-0.9423564267428537,1.2824111754257326,within_normal_range,Normal
subject3,stiff-legged,trial4,right,0.31186224489795916,17.0,0.8035487959442332,0.16372939169982947,Severe flat foot,subject3_stiff-legged_trial4_pressure.csv,0.2677202991121209,-0.18007396828782554,-0.03136716993213687,-0.9032905126587907,0.9596970575241651,within_normal_range,Normal
subject3,stiff-legged,trial5,left,0.2799033427305679,22.0,0.6384180790960452,0.14756049186830622,Severe flat foot,subject3_stiff-legged_trial5_pressure.csv,-0.04499411527292248,0.6396869945915826,-0.5249054087286411,-0.975972551310531,1.2803405915938826,within_normal_range,Normal
subject3,stiff-legged,trial5,right,0.19636015325670497,17.0,0.9717573221757322,0.16658778987221956,Normal,subject3_stiff-legged_trial5_pressure.csv,-0.8624552231464628,-0.18007396828782554,0.47136994264983717,-0.8904415118849299,1.3384062742340872,within_normal_range,Normal
subject3,stiff-legged,trial6,left,0.2746615087040619,20.0,1.7242472266244058,0.09554730983302406,Severe flat foot,subject3_stiff-legged_trial6_pressure.csv,-0.0962848964554793,0.31178260943981934,2.7203915010990536,-1.2097809208644064,2.995092481472657,borderline,Normal
subject3,stiff-legged,trial6,right,0.1722689075630252,12.0,0.9023383768913342,0.3579985905567301,Normal,subject3_stiff-legged_trial6_pressure.csv,-1.0981854666149675,-0.9998349311672337,0.2638924687509609,-0.030016414403111317,1.5087151582931806,within_normal_range,Normal
subject3,stiff-legged,trial7,left,0.32076236820762366,22.0,1.5454545454545454,0.14916512059369202,Severe flat foot,subject3_stiff-legged_trial7_pressure.csv,0.35480704677819674,0.6396869945915826,2.186020751316615,-0.9687594639480375,2.5004537819501533,borderline,Normal
subject3,stiff-legged,trial7,right,0.28945686900958467,17.0,0.5745140388768899,0.23713128976286868,Severe flat foot,subject3_stiff-legged_trial7_pressure.csv,0.04848611004918288,-0.18007396828782554,-0.7159000829099333,-0.5733361157784488,0.9359512633086162,within_normal_range,Normal
subject3,stiff-legged,trial8,left,0.3613861386138614,20.0,0.9625,0.24110671936758898,Severe flat foot,subject3_stiff-legged_trial8_pressure.csv,0.7523062633082634,0.31178260943981934,0.44370190747269317,-0.5554658629351338,1.0810119411658339,within_normal_range,Normal
subject3,stiff-legged,trial8,right,0.19532554257095158,15.0,0.9607390300230947,0.4880429477794046,Normal,subject3_stiff-legged_trial8_pressure.csv,-0.8725787772353136,-0.5079783534395889,0.43843876783662905,0.554555764074458,1.232556846013594,within_normal_range,Normal
subject3,stiff-legged,trial9,left,0.2886816447647308,21.0,1.645021645021645,0.08214585079631187,Severe flat foot,subject3_stiff-legged_trial9_pressure.csv,0.040900624337664254,0.47573480201570095,2.483604216709061,-1.2700228280965242,2.8300608389328756,borderline,Normal
subject3,stiff-legged,trial9,right,0.27790432801822323,21.0,0.9526011560693641,0.4802087864288821,Severe flat foot,subject3_stiff-legged_trial9_pressure.csv,-0.0645542588549437,0.47573480201570095,0.4141165093535842,0.5193398357171972,0.8195713528834397,within_normal_range,Normal
subject3,trendelenburg,trial10,left,0.3179250128402671,19.0,0.5297679112008072,0.1442622950819672,Severe flat foot,subject3_trendelenburg_trial10_pressure.csv,0.3270438302115622,0.14783041686393772,-0.8496361040919892,-0.9907985239372137,1.3536523643248992,within_normal_range,Normal
subject3,trendelenburg,trial10,right,0.20920245398773007,17.0,0.4663256606990622,0.38719068413391555,Normal,subject3_trendelenburg_trial10_pressure.csv,-0.7367946941512973,-0.18007396828782554,-1.0392505936039775,0.10120716269924775,1.290572640912661,within_normal_range,Normal
subject3,trendelenburg,trial11,left,0.24606884827879302,18.0,0.6940363007778738,0.13312327688066172,Mild flat foot,subject3_trendelenburg_trial11_pressure.csv,-0.3760609980801937,-0.016121775711943915,-0.3586751658170272,-1.0408703630781364,1.1635036627520607,within_normal_range,Normal
subject3,trendelenburg,trial11,right,0.23996221067548418,16.0,1.3677685950413223,0.3709025594970813,Mild flat foot,subject3_trendelenburg_trial11_pressure.csv,-0.4358137890859146,-0.3440261608637072,1.6549577686103338,0.02798918765120626,1.7458397030154609,within_normal_range,Normal
subject3,trendelenburg,trial12,left,0.31014768937589327,20.0,0.37631792376317924,0.11921708185053381,Severe flat foot,subject3_trendelenburg_trial12_pressure.csv,0.2509435580587143,0.31178260943981934,-1.3082632934412473,-1.1033811470652974,1.757607426459373,within_normal_range,Normal
subject3,trendelenburg,trial12,right,0.23648923201950425,26.0,0.6676829268292683,0.14329738058551622,Mild flat foot,subject3_trendelenburg_trial12_pressure.csv,-0.4697965110482682,1.295495764895109,-0.43743942005870035,-0.9951359837184873,1.7551828710897743,within_normal_range,Normal
subject3,trendelenburg,trial13,left,0.20572274296990625,18.0,0.5756780402449694,0.11091073038773669,Normal,subject3_trendelenburg_trial13_pressure.csv,-0.7708432915489338,-0.016121775711943915,-0.712421146972855,-1.1407196527375838,1.5502401454529464,within_normal_range,Normal
subject3,trendelenburg,trial13,right,0.25967143614202437,17.0,0.58984375,0.21152030217186024,Mild flat foot,subject3_trendelenburg_trial13_pressure.csv,-0.24296114141140912,-0.18007396828782554,-0.6700830552038494,-0.6884619938156035,1.0071980778827672,within_normal_range,Normal
subject3,trendelenburg,trial14,left,0.2474813841436706,17.0,0.7140238313473877,0.10230179028132991,Mild flat foot,subject3_trendelenburg_trial14_pressure.csv,-0.3622394868321082,-0.18007396828782554,-0.29893697280574066,-1.1794183473973445,1.2821992948691936,within_normal_range,Normal
subject3,trendelenburg,trial14,right,0.27903748264692274,18.0,0.37254901960784315,0.14444903012794053,Severe flat foot,subject3_trendelenburg_trial14_pressure.csv,-0.053466462901707666,-0.016121775711943915,-1.3195276926670283,-0.9899591171766742,1.650542625836642,within_normal_range,Normal
subject3,trendelenburg,trial15,left,0.2945674044265594,21.0,0.6051805337519623,0.09872849663425576,Severe flat foot,subject3_trendelenburg_trial15_pressure.csv,0.09849214848387922,0.47573480201570095,-0.6242448890151497,-1.1954809286290196,1.4334854855697452,within_normal_range,Normal
subject3,trendelenburg,trial15,right,0.2701632855022266,16.0,0.6981891348088531,0.09387942936033133,Severe flat foot,subject3_trendelenburg_trial15_pressure.csv,-0.1402995258369103,-0.3440261608637072,-0.346263287319897,-1.2172783359171233,1.3189779253450096,within_normal_range,Normal
subject3,trendelenburg,trial16,right,0.2806859205776173,20.0,0.5491666666666667,0.0961136648558295,Severe flat foot,subject3_trendelenburg_trial16_pressure.csv,-0.03733667535621369,0.31178260943981934,-0.7916576262521203,-1.2072350557723426,1.4774101326187496,within_normal_range,Normal
subject3,trendelenburg,trial16,left,0.27268496975337364,18.0,0.50163132137031,0.11289658014009063,Severe flat foot,subject3_trendelenburg_trial16_pressure.csv,-0.11562511713128126,-0.016121775711943915,-0.9337299859313669,-1.1317929100425899,1.4718817741971648,within_normal_range,Normal
subject3,trendelenburg,trial17,right,0.2528872958980486,22.0,0.6094808126410836,0.12689257390050468,Mild flat foot,subject3_trendelenburg_trial17_pressure.csv,-0.3093432227604213,0.6396869945915826,-0.6113923312973639,-1.068878465023847,1.4216871794731696,within_normal_range,Normal
subject3,trendelenburg,trial17,left,0.2998361551064992,17.0,0.6219119226638024,0.14861583292860614,Severe flat foot,subject3_trendelenburg_trial17_pressure.csv,0.1500463062202264,-0.18007396828782554,-0.5742385644876516,-0.971228608275771,1.1523781786129883,within_normal_range,Normal
subject3,trendelenburg,trial18,right,0.1917808219178082,20.0,1.0423452768729642,0.308561495002173,Normal,subject3_trendelenburg_trial18_pressure.csv,-0.90726348691027,0.31178260943981934,0.6823413203950649,-0.2522448237176855,1.2039736537152843,within_normal_range,Normal
subject3,trendelenburg,trial18,left,0.37327981651376146,21.0,0.4001986097318769,0.19311014070839394,Severe flat foot,subject3_trendelenburg_trial18_pressure.csv,0.868684620107595,0.47573480201570095,-1.2368893424332172,-0.7712188963269092,1.7622742132077422,within_normal_range,Normal
subject3,trendelenburg,trial19,right,0.2262046993229789,24.0,0.8973214285714286,0.11820330969267134,Mild flat foot,subject3_trendelenburg_trial19_pressure.csv,-0.5704295554054448,0.9675913797433459,0.2488979487416058,-1.1079382305978558,1.5972164122440553,within_normal_range,Normal
subject3,trendelenburg,trial19,left,0.24079320113314448,14.0,0.44880382775119615,0.18500797448165873,Mild flat foot,subject3_trendelenburg_trial19_pressure.csv,-0.4276826369904604,-0.6719305460154704,-1.0916193759761064,-0.807639553575728,1.5742673239187261,within_normal_range,Normal
subject3,trendelenburg,trial1,left,0.27050674444039374,25.0,0.6564600448095593,0.11607456911712977,Severe flat foot,subject3_trendelenburg_trial1_pressure.csv,-0.1369388171319715,1.1315435723192275,-0.4709820675560785,-1.1175072925874285,1.664268533812962,within_normal_range,Normal
subject3,trendelenburg,trial1,right,0.22178413011335632,19.0,0.8345864661654135,0.1455050973123262,Mild flat foot,subject3_trendelenburg_trial1_pressure.csv,-0.6136843488396876,0.14783041686393772,0.061397382839657906,-0.9852119100868816,1.171697255504833,within_normal_range,Normal
subject3,trendelenburg,trial20,left,0.3125,16.0,0.45017482517482516,0.12428842504743831,Severe flat foot,subject3_trendelenburg_trial20_pressure.csv,0.2739606640724438,-0.3440261608637072,-1.0875217758035445,-1.0805845705452901,1.5949216506666022,within_normal_range,Normal
subject3,trendelenburg,trial20,right,0.2922227335480902,18.0,0.47259136212624586,0.13538205980066442,Severe flat foot,subject3_trendelenburg_trial20_pressure.csv,0.07554979655809012,-0.016121775711943915,-1.0205238339421765,-1.0307167379578017,1.4525197323831733,within_normal_range,Normal
subject3,trendelenburg,trial2,left,0.27285191956124316,20.0,0.6954128440366972,0.13742331288343557,Severe flat foot,subject3_trendelenburg_trial2_pressure.csv,-0.11399153124881994,0.31178260943981934,-0.3545609904016107,-1.021540947582089,1.1311330020148103,within_normal_range,Normal
subject3,trendelenburg,trial2,right,0.3131736526946108,20.0,0.6311274509803921,0.16720604099244873,Severe flat foot,subject3_trendelenburg_trial2_pressure.csv,0.28055228310837743,0.31178260943981934,-0.5466954416710141,-0.8876623647391624,1.1237163159911014,within_normal_range,Normal
subject3,trendelenburg,trial3,left,0.36895674300254455,24.0,0.5248945147679325,0.12495057334914983,Severe flat foot,subject3_trendelenburg_trial3_pressure.csv,0.8263838115778493,0.9675913797433459,-0.86420158008789,-1.0776080978749385,1.8780912826121139,within_normal_range,Normal
subject3,trendelenburg,trial3,right,0.3087681549220011,23.0,0.6426426426426426,0.10371075166508092,Severe flat foot,subject3_trendelenburg_trial3_pressure.csv,0.23744496206147603,0.8036391871674642,-0.512279146987233,-1.1730848190299445,1.5299588132482662,within_normal_range,Normal
subject3,trendelenburg,trial4,right,0.30822812363952984,22.0,0.3781763826606876,0.11147274206672086,Severe flat foot,subject3_trendelenburg_trial4_pressure.csv,0.23216081414666076,0.6396869945915826,-1.3027087815451037,-1.1381933117372507,1.8589331023662445,within_normal_range,Normal
subject3,trendelenburg,trial4,left,0.308411214953271,21.0,0.23648648648648649,0.17338534893801472,Severe flat foot,subject3_trendelenburg_trial4_pressure.csv,0.23395234292495456,0.47573480201570095,-1.7261877268788415,-0.8598852924819016,2.000046020786227,borderline,Normal
subject3,trendelenburg,trial5,left,0.3337259521005104,22.0,0.8666061705989111,0.09025270758122739,Severe flat foot,subject3_trendelenburg_trial5_pressure.csv,0.48165431844486223,0.6396869945915826,0.1570970130145899,-1.2335810859665748,1.4790510811593953,within_normal_range,Normal
subject3,trendelenburg,trial5,right,0.284375,20.0,0.5457685664939551,0.1566780821917808,Severe flat foot,subject3_trendelenburg_trial5_pressure.csv,-0.0012394306777843026,0.31178260943981934,-0.8018137765220668,-0.9349873847743683,1.2705576231109312,within_normal_range,Normal
subject3,trendelenburg,trial6,left,0.32831608654750705,23.0,0.29323843416370104,0.14919011082693945,Severe flat foot,subject3_trendelenburg_trial6_pressure.csv,0.4287193668796169,0.8036391871674642,-1.5565690342486027,-0.9686471284695738,2.0471493977144952,borderline,Normal
subject3,trendelenburg,trial6,right,0.1408540471637986,18.0,0.7402597402597403,0.13732394366197187,Normal,subject3_trendelenburg_trial6_pressure.csv,-1.4055764909147843,-0.016121775711943915,-0.2205237949005537,-1.0219876296489254,1.7518546294533677,within_normal_range,Normal
subject3,trendelenburg,trial7,right,0.2374567474048443,20.0,0.6479802143446002,0.16093880972338637,Mild flat foot,subject3_trendelenburg_trial7_pressure.csv,-0.4603294772449657,0.31178260943981934,-0.49632635644944323,-0.915834667745784,1.180764419315359,within_normal_range,Normal
subject3,trendelenburg,trial7,left,0.33252309188138063,24.0,0.21966977745872218,0.17876626101552662,Severe flat foot,subject3_trendelenburg_trial7_pressure.csv,0.46988446079950047,0.9675913797433459,-1.7764490538707562,-0.835697149585695,2.238567723228053,borderline,Normal
subject3,trendelenburg,trial8,left,0.39044289044289043,20.0,0.38476374156219867,0.14150047483380812,Severe flat foot,subject3_trendelenburg_trial8_pressure.csv,1.0366234493165356,0.31178260943981934,-1.2830206606877277,-1.0032133900145273,1.955601107812641,within_normal_range,Normal
subject3,trendelenburg,trial8,right,0.27011494252873564,18.0,0.555672268907563,0.22142491030240907,Severe flat foot,subject3_trendelenburg_trial8_pressure.csv,-0.14077255662394061,-0.016121775711943915,-0.7722138574999119,-0.6439390442967139,1.0154056129622322,within_normal_range,Normal
subject3,trendelenburg,trial9,right,0.31169500257599175,21.0,0.5057675244010648,0.27019982623805383,Severe flat foot,subject3_trendelenburg_trial9_pressure.csv,0.2660838510107279,0.47573480201570095,-0.9213678137197595,-0.42468724842879796,1.1516953263577874,within_normal_range,Normal
subject3,trendelenburg,trial9,left,0.33494208494208494,21.0,0.5231053604436229,0.13266239707227812,Severe flat foot,subject3_trendelenburg_trial9_pressure.csv,0.49355404727082386,0.47573480201570095,-0.8695489563423436,-1.0429420985948248,1.521105784593486,within_normal_range,Normal
subject4,antalgic,trial10,left,0.25317693059628543,11.0,0.9351230425055929,0.07829181494661919,Mild flat foot,subject4_antalgic_trial10_pressure.csv,-0.3065091784440575,-1.1637871237431152,0.36187839429907653,-1.287347394734412,1.7990463120360967,within_normal_range,Normal
subject4,antalgic,trial10,right,0.3697674418604651,19.0,0.7991266375545851,0.7378939277478862,Severe flat foot,subject4_antalgic_trial10_pressure.csv,0.8343164125561121,0.14783041686393772,-0.04458399781832949,1.6776797101972394,1.8800358111694637,within_normal_range,Normal
subject4,antalgic,trial11,left,0.32947976878612717,14.0,0.7916666666666666,0.043227665706051854,Severe flat foot,subject4_antalgic_trial11_pressure.csv,0.4401058722068139,-0.6719305460154704,-0.06688015787728033,-1.4449668912337734,1.6545652328327989,within_normal_range,Normal
subject4,antalgic,trial11,right,0.38169642857142855,19.0,1.6024844720496894,0.7061435973353072,Severe flat foot,subject4_antalgic_trial11_pressure.csv,0.9510402622674489,0.14783041686393772,2.3564702598495284,1.5349564101398359,2.9724358158232076,borderline,Normal
subject4,antalgic,trial12,left,0.3248979591836735,14.0,0.7858439201451906,0.044117647058823484,Severe flat foot,subject4_antalgic_trial12_pressure.csv,0.3952733589011158,-0.6719305460154704,-0.0842830258476879,-1.4409662690668055,1.6404935549888544,within_normal_range,Normal
subject4,antalgic,trial12,right,0.5383920505871725,21.0,1.4481132075471699,0.725206611570248,Severe flat foot,subject4_antalgic_trial12_pressure.csv,2.4842900409582453,0.47573480201570095,1.8950895824228935,1.6206480002838584,3.5518847216210556,outside_normal_range,Normal
subject4,antalgic,trial13,left,0.5447042640990372,11.0,0.9119170984455959,0.6143790849673203,Severe flat foot,subject4_antalgic_trial13_pressure.csv,2.546054370079981,-1.1637871237431152,0.29252109373391044,1.1224588435592786,3.0302270163400893,outside_normal_range,Normal
subject4,antalgic,trial13,right,0.46598390636430137,19.0,1.1690962099125364,0.8087520259319287,Severe flat foot,subject4_antalgic_trial13_pressure.csv,1.7757841511512298,0.14783041686393772,1.0611710950860753,1.9961992807718938,2.8785688883941036,borderline,Normal
subject4,antalgic,trial14,left,0.30413223140495865,13.0,0.8577235772357723,0.06436041834271922,Severe flat foot,subject4_antalgic_trial14_pressure.csv,0.19208294993187985,-0.8358827385913521,0.13054895721937795,-1.3499714642127365,1.6046999086275473,within_normal_range,Normal
subject4,antalgic,trial14,right,0.48882410106899904,18.0,1.2388663967611335,0.7784090909090909,Severe flat foot,subject4_antalgic_trial14_pressure.csv,1.9992729954835482,-0.016121775711943915,1.2696983503115014,1.8598024696643458,3.011370377266007,outside_normal_range,Normal
subject4,antalgic,trial15,left,0.5421245421245421,12.0,0.9952380952380953,0.6208718626155878,Severe flat foot,subject4_antalgic_trial15_pressure.csv,2.520812068504504,-0.9998349311672337,0.5415486447348832,1.1516450170717456,2.995617558077218,borderline,Normal
subject4,antalgic,trial15,right,0.4315018315018315,21.0,0.8857142857142857,0.7617668356263577,Severe flat foot,subject4_antalgic_trial15_pressure.csv,1.4383807637970554,0.47573480201570095,0.21420683280319278,1.7849926152948175,2.351030843563505,borderline,Normal
subject4,antalgic,trial16,left,0.32479414455626715,12.0,1.469208211143695,0.029285099052540953,Severe flat foot,subject4_antalgic_trial16_pressure.csv,0.39425754395716267,-0.9998349311672337,1.9581377609880386,-1.507641172042864,2.6948829835811705,borderline,Normal
subject4,antalgic,trial16,right,0.44213444213444214,20.0,1.288515406162465,0.7577828397873956,Severe flat foot,subject4_antalgic_trial16_pressure.csv,1.5424197132561388,0.31178260943981934,1.4180879723371331,1.767083855727189,2.7585912741559167,borderline,Normal
subject4,antalgic,trial17,left,0.3229018492176387,10.0,1.152,0.6901960784313725,Severe flat foot,subject4_antalgic_trial17_pressure.csv,0.37574163794877286,-1.327739316318997,1.0100744033779803,1.4632695175588495,2.250662447361655,borderline,Normal
subject4,antalgic,trial17,right,0.5103626943005182,19.0,1.5733333333333333,0.6692160611854685,Severe flat foot,subject4_antalgic_trial17_pressure.csv,2.210025809638239,0.14783041686393772,2.2693441216265,1.3689606628890931,3.4539895700936643,outside_normal_range,Normal
subject4,antalgic,trial18,left,0.3217324052590874,15.0,0.9350912778904665,0.050151975683890626,Severe flat foot,subject4_antalgic_trial18_pressure.csv,0.3642987548128299,-0.5079783534395889,0.3617834570729522,-1.4138409042655868,1.5876362816172862,within_normal_range,Normal
subject4,antalgic,trial18,right,0.5276203966005666,20.0,1.201954397394137,0.7389162561576355,Severe flat foot,subject4_antalgic_trial18_pressure.csv,2.3788905672611564,0.31178260943981934,1.159376760811025,1.6822752555816756,3.1512748587840234,outside_normal_range,Normal
subject4,antalgic,trial19,left,0.3349019607843137,14.0,0.8279773156899811,0.04542124542124537,Severe flat foot,subject4_antalgic_trial19_pressure.csv,0.4931614367100981,-0.6719305460154704,0.04164413191309179,-1.4351063659471652,1.6601094471845796,within_normal_range,Normal
subject4,antalgic,trial19,right,0.4833887043189369,19.0,1.0677419354838709,0.6099754701553557,Severe flat foot,subject4_antalgic_trial19_pressure.csv,1.9460882239058703,0.14783041686393772,0.7582461696041083,1.1026638231617507,2.3664145807538164,borderline,Normal
subject4,antalgic,trial1,left,0.3083807973962571,12.0,0.7518796992481203,0.10373760488176964,Severe flat foot,subject4_antalgic_trial1_pressure.csv,0.23365471040682864,-0.9998349311672337,-0.18579437445429595,-1.1729641091143888,1.569913616772229,within_normal_range,Normal
subject4,antalgic,trial1,right,0.44501845018450187,19.0,0.764018691588785,0.8173784977908689,Severe flat foot,subject4_antalgic_trial1_pressure.csv,1.5706394212965604,0.14783041686393772,-0.1495136811046524,2.034976783732067,2.579195005238443,borderline,Normal
subject4,antalgic,trial20,left,0.2809204218600192,12.0,1.7966666666666666,0.0848056537102474,Severe flat foot,subject4_antalgic_trial20_pressure.csv,-0.0350421055735987,-0.9998349311672337,2.9368367729132943,-1.2580665478170354,3.3479306307355388,outside_normal_range,Normal
subject4,antalgic,trial20,right,0.44081632653061226,21.0,1.345505617977528,0.7862440997977074,Severe flat foot,subject4_antalgic_trial20_pressure.csv,1.529522094089357,0.47573480201570095,1.588418782405039,1.8950222078538859,2.946174610357121,borderline,Normal
subject4,antalgic,trial2,right,0.17743031951053706,19.0,0.3070500927643785,0.4754491017964072,Normal,subject4_antalgic_trial2_pressure.csv,-1.047681606810515,0.14783041686393772,-1.5152891210335235,0.49794421906842723,1.9140376555923457,within_normal_range,Normal
subject4,antalgic,trial2,left,0.2506297229219144,10.0,1.1086261980830672,0.051222351571594826,Mild flat foot,subject4_antalgic_trial2_pressure.csv,-0.33143333109598366,-1.327739316318997,0.8804399524619131,-1.4090293770465032,2.152505061627454,borderline,Normal
subject4,antalgic,trial3,left,0.33166833166833165,11.0,0.8415584415584415,0.07287449392712553,Severe flat foot,subject4_antalgic_trial3_pressure.csv,0.4615207242085741,-1.1637871237431152,0.0822350351074125,-1.3116992022061904,1.8151361509076263,within_normal_range,Normal
subject4,antalgic,trial3,right,0.5433932759968726,16.0,1.493723849372385,0.7529047250193648,Severe flat foot,subject4_antalgic_trial3_pressure.csv,2.5332264927490615,-0.3440261608637072,2.0314094402085887,1.745155874861948,3.7024024368318034,outside_normal_range,Normal
subject4,antalgic,trial4,left,0.23847926267281105,11.0,0.9605263157894737,0.060924369747899165,Mild flat foot,subject4_antalgic_trial4_pressure.csv,-0.4503242755159699,-1.1637871237431152,0.4378030132645419,-1.3654171048797084,1.9008492236973593,within_normal_range,Normal
subject4,antalgic,trial4,right,0.42574981711777615,19.0,1.2542857142857142,0.7644055433989788,Severe flat foot,subject4_antalgic_trial4_pressure.csv,1.3820979227838388,0.14783041686393772,1.3157831912167937,1.796854069216771,2.6252654061376512,borderline,Normal
subject4,antalgic,trial5,right,0.2931623931623932,19.0,0.24430379746835443,0.33056478405315615,Severe flat foot,subject4_antalgic_trial5_pressure.csv,0.0847442646430374,0.14783041686393772,-1.7028235583718845,-0.15333618293613713,1.7181837731988294,within_normal_range,Normal
subject4,antalgic,trial5,left,0.2708113804004215,10.0,1.1198830409356726,0.01685985247629085,Severe flat foot,subject4_antalgic_trial5_pressure.csv,-0.13395798708525253,-1.327739316318997,0.9140841011819327,-1.5634948331652938,2.2496449212645366,borderline,Normal
subject4,antalgic,trial6,left,0.32463768115942027,13.0,0.9343832020997376,0.048462255358807105,Severe flat foot,subject4_antalgic_trial6_pressure.csv,0.3927265664767287,-0.8358827385913521,0.35966717922131486,-1.4214364932826524,1.7328520689707707,within_normal_range,Normal
subject4,antalgic,trial6,right,0.4457388105456775,22.0,1.1095890410958904,0.7648234510326449,Severe flat foot,subject4_antalgic_trial6_pressure.csv,1.5776880698174436,0.6396869945915826,0.8833176717249087,1.7987326372764085,2.62944638779321,borderline,Normal
subject4,antalgic,trial7,left,0.33015597920277295,14.0,0.9177215189873418,0.03517186250999205,Severe flat foot,subject4_antalgic_trial7_pressure.csv,0.44672251827728543,-0.6719305460154704,0.30986918950970227,-1.481179138533698,1.7149233866384457,within_normal_range,Normal
subject4,antalgic,trial7,right,0.43647136273864384,22.0,0.6686046511627907,0.7583212735166426,Severe flat foot,subject4_antalgic_trial7_pressure.csv,1.4870070915209652,0.6396869945915826,-0.43468459519688674,1.7695042097109668,2.4373110976585584,borderline,Normal
subject4,antalgic,trial8,left,0.29957805907172996,13.0,0.6910714285714286,0.060413354531001606,Severe flat foot,subject4_antalgic_trial8_pressure.csv,0.14752086432784775,-0.8358827385913521,-0.3675364960101914,-1.3677142078448565,1.6511170728713174,within_normal_range,Normal
subject4,antalgic,trial8,right,0.5557692307692308,23.0,0.9202127659574468,0.7539332913782253,Severe flat foot,subject4_antalgic_trial8_pressure.csv,2.6543238767838178,0.8036391871674642,0.31731496135336923,1.7497794609209592,3.294493607912359,outside_normal_range,Normal
subject4,antalgic,trial9,right,0.4400749063670412,22.0,1.5041322314049588,0.7530864197530864,Severe flat foot,subject4_antalgic_trial9_pressure.csv,1.5222673776710645,0.6396869945915826,2.062517732082597,1.7459726245355052,3.1668434159196583,outside_normal_range,Normal
subject4,antalgic,trial9,left,0.5096774193548387,10.0,1.0548780487804879,0.6370597243491578,Severe flat foot,subject4_antalgic_trial9_pressure.csv,2.203320468127805,-1.327739316318997,0.7197989315078662,1.2244122927966221,2.938504507725233,borderline,Normal
subject4,lurching,trial10,left,0.22855227882037535,19.0,1.6936936936936937,0.10540013012361749,Mild flat foot,subject4_lurching_trial10_pressure.csv,-0.5474587429568335,0.14783041686393772,2.629073924820997,-1.1654907667629262,2.9312050997795014,borderline,Normal
subject4,lurching,trial10,right,0.4611689351481185,19.0,0.664488017429194,0.5589447650453421,Severe flat foot,subject4_lurching_trial10_pressure.csv,1.7286701765765402,0.14783041686393772,-0.44698827922023804,0.8732718595848357,1.9931273602151867,within_normal_range,Normal
subject4,lurching,trial11,right,0.5418353576248313,25.0,0.7263922518159807,0.6530343007915567,Severe flat foot,subject4_lurching_trial11_pressure.csv,2.517982429332212,1.1315435723192275,-0.26197057084688546,1.2962208137553564,3.0609546465906923,outside_normal_range,Normal
subject4,lurching,trial11,left,0.6453558504221955,16.0,1.7699115044247788,0.6297169811320755,Severe flat foot,subject4_lurching_trial11_pressure.csv,3.53091929782732,-0.3440261608637072,2.856871664642641,1.191405375079605,4.708174546799914,outside_normal_range,Normal
subject4,lurching,trial12,right,0.2610091743119266,27.0,0.48828125,0.15107597716293364,Severe flat foot,subject4_lurching_trial12_pressure.csv,-0.22987151754978805,1.4594479574709907,-0.9736303196649615,-0.9601698287551237,2.013134708500509,borderline,Normal
subject4,lurching,trial12,left,0.25092707045735474,17.0,0.44366197183098594,0.09885931558935357,Mild flat foot,subject4_lurching_trial12_pressure.csv,-0.3285238174985815,-0.18007396828782554,-1.1069872164569234,-1.1948928744973302,1.6713899041343723,within_normal_range,Normal
subject4,lurching,trial13,left,0.1199400299850075,10.0,1.2775665399239544,0.1472754050073638,Normal,subject4_lurching_trial13_pressure.csv,-1.6102178956867383,-1.327739316318997,1.3853642958261125,-0.9772540667173939,2.688857212042791,borderline,Normal
subject4,lurching,trial13,right,0.36325503355704697,17.0,0.6774891774891775,0.6897810218978102,Severe flat foot,subject4_lurching_trial13_pressure.csv,0.7705931989684554,-0.18007396828782554,-0.4081307622131826,1.4614037656938883,1.7112896300160159,within_normal_range,Normal
subject4,lurching,trial14,right,0.2322185586434291,20.0,0.6731481481481482,0.12,Mild flat foot,subject4_lurching_trial14_pressure.csv,-0.5115845899013581,0.31178260943981934,-0.42110511378403676,-1.0998617927620622,1.3213450223944114,within_normal_range,Normal
subject4,lurching,trial14,left,0.27266797129810827,18.0,0.4782608695652174,0.0629139072847682,Severe flat foot,subject4_lurching_trial14_pressure.csv,-0.11579144518460172,-0.016121775711943915,-1.0035789628141347,-1.3564737849469641,1.6914075305145955,within_normal_range,Normal
subject4,lurching,trial15,left,0.2745349583066068,16.0,0.5616279069767441,0.0417843026538679,Severe flat foot,subject4_lurching_trial15_pressure.csv,-0.09752317845975769,-0.3440261608637072,-0.7544138068510958,-1.45145506113033,1.674433264165499,within_normal_range,Normal
subject4,lurching,trial15,right,0.4962089300758214,18.0,0.5753086419753086,0.6715566422167889,Severe flat foot,subject4_lurching_trial15_pressure.csv,2.0715327516574766,-0.016121775711943915,-0.7135251945716458,1.3794819848564845,2.5891304723157145,borderline,Normal
subject4,lurching,trial16,right,0.31833254381809567,21.0,0.8745762711864407,0.07085916740478304,Severe flat foot,subject4_lurching_trial16_pressure.csv,0.331031476921325,0.47573480201570095,0.18091783497963113,-1.3207584481486505,1.4536297953507216,within_normal_range,Normal
subject4,lurching,trial16,left,0.23186119873817035,16.0,1.4569105691056912,0.15019326339039207,Mild flat foot,subject4_lurching_trial16_pressure.csv,-0.5150813180715678,-0.3440261608637072,1.921382899696144,-0.964137781875175,2.237171578862227,borderline,Normal
subject4,lurching,trial17,right,0.2926695842450766,20.0,0.5865070729053319,0.13848469643753136,Severe flat foot,subject4_lurching_trial17_pressure.csv,0.07992218248341867,0.31178260943981934,-0.6800556258325415,-1.0167698424786538,1.264868577205779,within_normal_range,Normal
subject4,lurching,trial17,left,0.2550213024954352,16.0,1.176068376068376,0.035301278149726056,Mild flat foot,subject4_lurching_trial17_pressure.csv,-0.2884621981275891,-0.3440261608637072,1.0820093175005836,-1.480597392550527,1.8879823201218595,within_normal_range,Normal
subject4,lurching,trial18,right,0.3076126359399275,19.0,1.4175654853620956,0.14331946370781323,Severe flat foot,subject4_lurching_trial18_pressure.csv,0.2261383333200593,0.14783041686393772,1.803789373144889,-0.9950367162132726,2.0776781625723135,borderline,Normal
subject4,lurching,trial18,left,0.3091353996737357,14.0,0.3175182481751825,0.036465638148667656,Severe flat foot,subject4_lurching_trial18_pressure.csv,0.2410384123894365,-0.6719305460154704,-1.4840021800966294,-1.4753633902789178,2.211006508091444,borderline,Normal
subject4,lurching,trial19,right,0.3016453382084095,28.0,1.2464558342420937,0.06863084922010398,Severe flat foot,subject4_lurching_trial19_pressure.csv,0.16774896794702562,1.6234001500468724,1.2923814566366125,-1.3307751289441776,2.470785307689453,borderline,Normal
subject4,lurching,trial19,left,0.342326139088729,27.0,0.4961340206185567,0.13132530120481922,Severe flat foot,subject4_lurching_trial19_pressure.csv,0.565806221521393,1.4594479574709907,-0.9501601703509579,-1.0489525788706848,2.110267964719027,borderline,Normal
subject4,lurching,trial1,right,0.2805299539170507,19.0,1.045045045045045,0.04975662520281232,Severe flat foot,subject4_lurching_trial1_pressure.csv,-0.03886279232566462,0.14783041686393772,0.6904103147907751,-1.4156180739707696,1.5824048416570653,within_normal_range,Normal
subject4,lurching,trial1,left,0.288135593220339,19.0,0.5431606905710491,0.06174496644295302,Severe flat foot,subject4_lurching_trial1_pressure.csv,0.0355575688085929,0.14783041686393772,-0.8096081258385184,-1.3617283789101704,1.5915048439143444,within_normal_range,Normal
subject4,lurching,trial20,right,0.22481502561183836,17.0,0.5048262548262549,0.07170016295491577,Mild flat foot,subject4_lurching_trial20_pressure.csv,-0.5840273629424325,-0.18007396828782554,-0.9241810548722913,-1.3169780257502437,1.7210625605172774,within_normal_range,Normal
subject4,lurching,trial20,left,0.1813186813186813,19.0,0.5094102885821832,0.03207810320781035,Normal,subject4_lurching_trial20_pressure.csv,-1.0096344054585342,0.14783041686393772,-0.9104804182513985,-1.4950861288375132,2.026196582145315,borderline,Normal
subject4,lurching,trial2,left,0.3104247104247104,18.0,0.5484764542936288,0.03247631935047357,Severe flat foot,subject4_lurching_trial2_pressure.csv,0.2536541791745291,-0.016121775711943915,-0.7937205144021054,-1.4932960774812443,1.7101244937923157,within_normal_range,Normal
subject4,lurching,trial2,right,0.39126478616924476,17.0,0.9019607843137255,0.5682951146560319,Severe flat foot,subject4_lurching_trial2_pressure.csv,1.0446656104460474,-0.18007396828782554,0.2627639302252851,0.9153033199125491,1.4249834813687878,within_normal_range,Normal
subject4,lurching,trial3,left,0.2792156862745098,17.0,0.605121293800539,0.03337783711615483,Severe flat foot,subject4_lurching_trial3_pressure.csv,-0.051722759605821476,-0.18007396828782554,-0.6244219437863631,-1.4892435971162705,1.6256848198066916,within_normal_range,Normal
subject4,lurching,trial3,right,0.38204225352112675,20.0,0.49390243902439024,0.6048689138576779,Severe flat foot,subject4_lurching_trial3_pressure.csv,0.9544241221403,0.31178260943981934,-0.9568298613129863,1.079708957581998,1.7576770514105882,within_normal_range,Normal
subject4,lurching,trial4,left,0.28016194331983807,17.0,0.2551390568319226,0.06007326007326008,Severe flat foot,subject4_lurching_trial4_pressure.csv,-0.04246373636911377,-0.18007396828782554,-1.6704394270287433,-1.3692429920404652,2.167815502662852,borderline,Normal
subject4,lurching,trial4,right,0.38056312443233425,18.0,0.5144124168514412,0.7138523761375126,Severe flat foot,subject4_lurching_trial4_pressure.csv,0.9399510033711085,-0.016121775711943915,-0.8955301920102476,1.569608721966721,2.037010963462488,borderline,Normal
subject4,lurching,trial5,right,0.2188034188034188,17.0,0.6139240506329114,0.3663594470046083,Mild flat foot,subject4_lurching_trial5_pressure.csv,-0.64285028785899,-0.18007396828782554,-0.5981125012639458,0.007567100730155899,0.8963698744586327,within_normal_range,Normal
subject4,lurching,trial5,left,0.1498371335504886,8.0,0.3561847988077496,0.04961832061068705,Normal,subject4_lurching_trial5_pressure.csv,-1.3176779584786393,-1.6556437014707601,-1.3684366350316415,-1.4162397773528985,2.890637507459824,borderline,Normal
subject4,lurching,trial6,right,0.26184997699033596,23.0,1.317662007623888,0.09109903886335147,Severe flat foot,subject4_lurching_trial6_pressure.csv,-0.2216443539314947,0.8036391871674642,1.5052005497348262,-1.2297766785176776,2.1149329863446944,borderline,Normal
subject4,lurching,trial6,left,0.6024691358024692,19.0,0.376984126984127,0.7648648648648648,Severe flat foot,subject4_lurching_trial6_pressure.csv,3.111277415982888,0.14783041686393772,-1.3062721631983536,1.7989187997108034,3.826794586028258,outside_normal_range,Normal
subject4,lurching,trial7,right,0.20383817427385892,23.0,1.1722745625841184,0.28300946686596906,Normal,subject4_lurching_trial7_pressure.csv,-0.789283593192153,0.8036391871674642,1.0706704699434428,-0.36710566867172145,1.5968426224313161,within_normal_range,Normal
subject4,lurching,trial7,left,0.5111336032388664,16.0,0.9209621993127147,0.6147186147186148,Severe flat foot,subject4_lurching_trial7_pressure.csv,2.21756907054054,-0.3440261608637072,0.31955484757995367,1.1239850893004322,2.530103627039455,borderline,Normal
subject4,lurching,trial8,left,0.25015595757953835,17.0,0.5728155339805825,0.04138702460850108,Mild flat foot,subject4_lurching_trial8_pressure.csv,-0.3360690739266062,-0.18007396828782554,-0.7209765285955744,-1.4532408955748322,1.666458913943478,within_normal_range,Normal
subject4,lurching,trial8,right,0.49554896142433236,22.0,0.6648501362397821,0.5809352517985611,Severe flat foot,subject4_lurching_trial8_pressure.csv,2.0650750295091402,0.6396869945915826,-0.4459059882726547,0.9721229517940866,2.411967974981021,borderline,Normal
subject4,lurching,trial9,right,0.28924785461887936,22.0,0.7278617710583153,0.26231155778894477,Severe flat foot,subject4_lurching_trial9_pressure.csv,0.04644092675580467,0.6396869945915826,-0.2575785113162158,-0.4601463976775094,0.8303237967895513,within_normal_range,Normal
subject4,lurching,trial9,left,0.35728952772073924,13.0,0.9263803680981595,0.6229508196721312,Severe flat foot,subject4_lurching_trial9_pressure.csv,0.7122213670969914,-0.8358827385913521,0.33574852451002474,1.1609902934179073,1.6329680834436855,within_normal_range,Normal
subject4,normal,trial10,right,0.2902166776099803,20.0,0.6089238845144357,0.23537146614069693,Severe flat foot,subject4_normal_trial10_pressure.csv,0.05592075534059341,0.31178260943981934,-0.613056863081688,-0.58124683140287,0.9022317456254804,within_normal_range,Normal
subject4,normal,trial10,left,0.4261294261294261,12.0,0.5825545171339563,0.5755584756898817,Severe flat foot,subject4_normal_trial10_pressure.csv,1.3858123560629183,-0.9998349311672337,-0.6918689180617702,0.9479534008026899,2.073027743584777,borderline,Normal
subject4,normal,trial11,left,0.3118195956454121,15.0,1.0813953488372092,0.05423728813559325,Severe flat foot,subject4_normal_trial11_pressure.csv,0.267302980771073,-0.5079783534395889,0.7990531236862024,-1.395476708766015,1.7074349270977804,within_normal_range,Normal
subject4,normal,trial11,right,0.25279789335088876,19.0,0.6276041666666666,0.3292533659730722,Mild flat foot,subject4_normal_trial11_pressure.csv,-0.3102180170519519,0.14783041686393772,-0.5572257389298462,-0.15923123705722342,0.6737537838368682,within_normal_range,Normal
subject4,normal,trial12,right,0.31352619233776385,18.0,0.6221122112211221,0.2615606936416185,Severe flat foot,subject4_normal_trial12_pressure.csv,0.2840018455332285,-0.016121775711943915,-0.5736399474422138,-0.4635216636230486,0.7904632071562663,within_normal_range,Normal
subject4,normal,trial12,left,0.4302788844621514,14.0,0.576530612244898,0.6457142857142857,Severe flat foot,subject4_normal_trial12_pressure.csv,1.426414358776807,-0.6719305460154704,-0.7098730027431002,1.2633160630103326,2.141503148883216,borderline,Normal
subject4,normal,trial13,left,0.2699309478970496,16.0,0.7585266030013642,0.12273011897307451,Severe flat foot,subject4_normal_trial13_pressure.csv,-0.14257292427099968,-0.3440261608637072,-0.1659282875478738,-1.0875894294725088,1.1614921445290591,within_normal_range,Normal
subject4,normal,trial13,right,0.33150470219435735,18.0,0.903107861060329,0.12158469945355188,Severe flat foot,subject4_normal_trial13_pressure.csv,0.4599196274355374,-0.016121775711943915,0.26619228230955294,-1.0927382909694483,1.2152042129060239,within_normal_range,Normal
subject4,normal,trial14,left,0.5631469979296067,17.0,1.1682692307692308,0.6333711691259931,Severe flat foot,subject4_normal_trial14_pressure.csv,2.7265145335511263,-0.18007396828782554,1.0586994420968638,1.2078315905786234,3.16954409901745,outside_normal_range,Normal
subject4,normal,trial14,right,0.4540420819490587,17.0,0.7774086378737541,0.5904761904761905,Severe flat foot,subject4_normal_trial14_pressure.csv,1.6589346858866834,-0.18007396828782554,-0.10949417030013679,1.0150111433820739,1.9562023209812358,within_normal_range,Normal
subject4,normal,trial15,left,0.277526395173454,15.0,0.6420118343195266,0.3220568335588633,Severe flat foot,subject4_normal_trial15_pressure.csv,-0.06825229102168909,-0.5079783534395889,-0.5141644899128321,-0.19158091158908414,0.7508453576906049,within_normal_range,Normal
subject4,normal,trial15,right,0.3015993907083016,18.0,1.3761682242990654,0.054572271386430726,Severe flat foot,subject4_normal_trial15_pressure.csv,0.1672993766089553,-0.016121775711943915,1.6800623542957536,-1.3939709003412768,2.1895235505437958,borderline,Normal
subject4,normal,trial16,left,0.45363408521303256,14.0,0.4341317365269461,0.7229488703923901,Severe flat foot,subject4_normal_trial16_pressure.csv,1.654942481783139,-0.6719305460154704,-1.135470927041165,1.61049905797705,2.6595726571349525,borderline,Normal
subject4,normal,trial16,right,0.4155405405405405,16.0,0.9097222222222222,0.5947242206235013,Severe flat foot,subject4_normal_trial16_pressure.csv,1.2822012514456511,-0.3440261608637072,0.28596110679546555,1.0341067834427937,1.706910847914883,within_normal_range,Normal
subject4,normal,trial17,left,0.5039370078740157,15.0,0.6267029972752044,0.6943192064923354,Severe flat foot,subject4_normal_trial17_pressure.csv,2.1471511602725957,-0.5079783534395889,-0.5599191297344684,1.4818037008499547,2.7161648978510815,borderline,Normal
subject4,normal,trial17,right,0.4234326824254882,17.0,0.685131195335277,0.6505050505050505,Severe flat foot,subject4_normal_trial17_pressure.csv,1.3594250094730234,-0.18007396828782554,-0.3852905051089708,1.284851390418008,1.9182687140288426,within_normal_range,Normal
subject4,normal,trial18,right,0.5267527675276753,18.0,0.8424657534246576,0.5882352941176471,Severe flat foot,subject4_normal_trial18_pressure.csv,2.3704009102631924,-0.016121775711943915,0.08494678437513428,1.004937921490461,2.5760777490700706,borderline,Normal
subject4,normal,trial18,left,0.4799131378935939,14.0,0.7508650519031141,0.6339181286549708,Severe flat foot,subject4_normal_trial18_pressure.csv,1.9120801808991112,-0.6719305460154704,-0.18882692510999402,1.2102902695265,2.3681214962524306,borderline,Normal
subject4,normal,trial19,left,0.5142857142857142,15.0,0.9679715302491103,0.6058091286307055,Severe flat foot,subject4_normal_trial19_pressure.csv,2.2484121375185233,-0.5079783534395889,0.4600550697081015,1.0839353877773843,2.588429203154694,borderline,Normal
subject4,normal,trial19,right,0.4707792207792208,16.0,0.7877697841726619,0.6635071090047393,Severe flat foot,subject4_normal_trial19_pressure.csv,1.822705786043424,-0.3440261608637072,-0.07852705531463708,1.3432979222336203,2.2915554080423948,borderline,Normal
subject4,normal,trial1,left,0.2909958258795468,17.0,0.8932330827067669,0.13966800228963938,Severe flat foot,subject4_normal_trial1_pressure.csv,0.0635446372111418,-0.18007396828782554,0.23667881073900693,-1.0114506752764383,1.0561789066929967,within_normal_range,Normal
subject4,normal,trial1,right,0.5103324348607368,20.0,0.7333333333333333,0.6174957118353345,Severe flat foot,subject4_normal_trial1_pressure.csv,2.209729724280197,0.31178260943981934,-0.24122525336263712,1.136468627579489,2.515922179688556,borderline,Normal
subject4,normal,trial20,left,0.28296507483962935,15.0,0.7679738562091504,0.1460446247464503,Severe flat foot,subject4_normal_trial20_pressure.csv,-0.015035396463552496,-0.5079783534395889,-0.13769259161783112,-0.9827866397079884,1.1149425544327234,within_normal_range,Normal
subject4,normal,trial20,right,0.4074373484236055,21.0,2.309433962264151,0.40260680666183923,Severe flat foot,subject4_normal_trial20_pressure.csv,1.2029123896373022,0.47573480201570095,4.4693818548454916,0.17050533543268317,4.655939008709734,outside_normal_range,Normal
subject4,normal,trial2,right,0.33029612756264237,20.0,1.0198915009041591,0.07215793056501019,Severe flat foot,subject4_normal_trial2_pressure.csv,0.4480938548787131,0.31178260943981934,0.6152320795615542,-1.3149202801103375,1.5509746461809912,within_normal_range,Normal
subject4,normal,trial2,left,0.5626151012891344,18.0,0.6149253731343284,0.5890279114533206,Severe flat foot,subject4_normal_trial2_pressure.csv,2.7213099822318267,-0.016121775711943915,-0.5951197755418685,1.008500875335666,2.9626051869664476,borderline,Normal
subject4,normal,trial3,left,0.41427247451343835,14.0,0.8133704735376045,0.5807106598984771,Severe flat foot,subject4_normal_trial3_pressure.csv,1.2697933619946977,-0.6719305460154704,-0.0020124044834048194,0.9711133718391819,1.734050481263771,within_normal_range,Normal
subject4,normal,trial3,right,0.6098964326812428,16.0,0.8047619047619048,0.6424642464246424,Severe flat foot,subject4_normal_trial3_pressure.csv,3.183952715708277,-0.3440261608637072,-0.02774146297240413,1.2487065667718198,3.437433137370333,outside_normal_range,Normal
subject4,normal,trial4,left,0.31977159172019987,16.0,1.0207939508506616,0.03241053342336264,Severe flat foot,subject4_normal_trial4_pressure.csv,0.3451124055972074,-0.3440261608637072,0.6179292976545895,-1.4935917967538503,1.6882267750767377,within_normal_range,Normal
subject4,normal,trial4,right,0.4847094801223242,16.0,0.7435897435897436,0.7275494672754947,Severe flat foot,subject4_normal_trial4_pressure.csv,1.9590118728387056,-0.3440261608637072,-0.2105711706399368,1.631179547309229,2.5809239529180728,borderline,Normal
subject4,normal,trial5,left,0.4638095238095238,16.0,0.773109243697479,0.6161515453639083,Severe flat foot,subject4_normal_trial5_pressure.csv,1.7545080521255219,-0.3440261608637072,-0.12234408381199746,1.1304263636995373,2.11884032973763,borderline,Normal
subject4,normal,trial5,right,0.5108459869848156,20.0,0.9803921568627451,0.5204918032786885,Severe flat foot,subject4_normal_trial5_pressure.csv,2.214754776483066,0.31178260943981934,0.49717750398710914,0.7004190568264856,2.3958546368968663,borderline,Normal
subject4,normal,trial6,left,0.2802303262955854,18.0,1.0,0.07255936675461738,Severe flat foot,subject4_normal_trial6_pressure.csv,-0.041794616319159164,-0.016121775711943915,0.5557808974275653,-1.3131157540786804,1.426594578414058,within_normal_range,Normal
subject4,normal,trial6,right,0.5210222588623248,20.0,1.006514657980456,0.6378205128205128,Severe flat foot,subject4_normal_trial6_pressure.csv,2.3143285003904293,0.31178260943981934,0.5752517317302576,1.2278321703180979,2.700335385946573,borderline,Normal
subject4,normal,trial7,right,0.24413489736070382,19.0,0.4884287454323995,0.3959537572254336,Mild flat foot,subject4_normal_trial7_pressure.csv,-0.3949844994455427,0.14783041686393772,-0.973189489289327,0.14059871214183806,1.069921663894874,within_normal_range,Normal
subject4,normal,trial7,left,0.2819112627986348,16.0,0.5437415881561238,0.14230769230769236,Severe flat foot,subject4_normal_trial7_pressure.csv,-0.025346833744641396,-0.3440261608637072,-0.8078719547824543,-0.9995848059891114,1.3307228640959818,within_normal_range,Normal
subject4,normal,trial8,right,0.18484650555192683,19.0,0.6157407407407407,0.37240455458807764,Normal,subject4_normal_trial8_pressure.csv,-0.9751150254318206,0.14783041686393772,-0.5926828268013721,0.034740918838611155,1.1511659348678112,within_normal_range,Normal
subject4,normal,trial8,left,0.27337615988579583,15.0,0.7360890302066773,0.1450847457627119,Severe flat foot,subject4_normal_trial8_pressure.csv,-0.10886189615588535,-0.5079783534395889,-0.2329891007710053,-0.9871014639770491,1.1395376875126009,within_normal_range,Normal
subject4,normal,trial9,left,0.30017554125219426,19.0,0.9826771653543307,0.06777645659928655,Severe flat foot,subject4_normal_trial9_pressure.csv,0.15336716308963785,0.14783041686393772,0.5040068758211151,-1.3346157735234052,1.4424276455603475,within_normal_range,Normal
subject4,normal,trial9,right,0.3431952662721893,11.0,1.0214592274678111,0.09691629955947134,Severe flat foot,subject4_normal_trial9_pressure.csv,0.5743105373698653,-1.1637871237431152,0.6199176584890086,-1.2036270721023845,1.875433041920876,within_normal_range,Normal
subject4,steppage,trial10,left,0.23900651465798045,27.0,0.6450351837372947,0.29134150873281306,Mild flat foot,subject4_steppage_trial10_pressure.csv,-0.4451651716483836,1.4594479574709907,-0.5051283846055226,-0.3296516801305096,1.6407270601053772,within_normal_range,Normal
subject4,steppage,trial10,right,0.5438467207074429,22.0,0.5341463414634147,0.8115942028985508,Severe flat foot,subject4_steppage_trial10_pressure.csv,2.537663400386855,0.6396869945915826,-0.8365499696540989,2.0089753643827506,3.4036352406122585,outside_normal_range,Normal
subject4,steppage,trial11,left,0.28263795423956933,26.0,0.4861693210393965,0.2471910112359551,Severe flat foot,subject4_steppage_trial11_pressure.csv,-0.018236236290442017,1.295495764895109,-0.9799423960585851,-0.5281159045982718,1.7081672475076604,within_normal_range,Normal
subject4,steppage,trial11,right,0.20860430215107553,26.0,0.5907906168549087,0.0951035781544256,Normal,subject4_steppage_trial11_pressure.csv,-0.7426475454267587,1.295495764895109,-0.6672530850513182,-1.2117755725321728,2.0355494028113714,borderline,Normal
subject4,steppage,trial12,left,0.21304347826086956,21.0,0.8333333333333334,0.4758539458186102,Mild flat foot,subject4_steppage_trial12_pressure.csv,-0.6992106854790872,0.47573480201570095,0.057652053183688996,0.4997640639048901,0.9840259464790952,within_normal_range,Normal
subject4,steppage,trial12,right,0.21620079863091843,22.0,0.9853137516688919,0.12300683371298404,Mild flat foot,subject4_steppage_trial12_pressure.csv,-0.6683166458348463,0.6396869945915826,0.5118870339828446,-1.0863455482170632,1.5159226813529563,within_normal_range,Normal
subject4,steppage,trial13,right,0.28407587119541244,32.0,0.8532311062431545,0.2102325581395349,Severe flat foot,subject4_steppage_trial13_pressure.csv,-0.0041663738018737195,2.2792089203503987,0.11712198091926675,-0.694250628942685,2.385479439332323,borderline,Normal
subject4,steppage,trial13,left,0.5,24.0,0.5119266055045871,0.6240506329113924,Severe flat foot,subject4_steppage_trial13_pressure.csv,2.1086279624072968,0.9675913797433459,-0.9029597180095481,1.1659341466916986,2.749051408898924,borderline,Normal
subject4,steppage,trial14,left,0.3013998250218723,23.0,0.8558187435633368,0.29947812123645123,Severe flat foot,subject4_steppage_trial14_pressure.csv,0.1653466478688934,0.8036391871674642,0.12485584164501513,-0.2930761808296429,0.8801466275997636,within_normal_range,Normal
subject4,steppage,trial14,right,0.3571766935101848,31.0,1.2943548387096775,0.12821631051024862,Severe flat foot,subject4_steppage_trial14_pressure.csv,0.7111172965037236,2.115256727774517,1.435540711051831,-1.062928036952881,2.8584247372652345,borderline,Normal
subject4,steppage,trial15,right,0.19385474860335195,22.0,0.3280757097791798,0.46774987690792713,Normal,subject4_steppage_trial15_pressure.csv,-0.8869703377416776,0.6396869945915826,-1.4524483232149397,0.4633348537582439,1.876219909658849,within_normal_range,Normal
subject4,steppage,trial15,left,0.5703289013296011,22.0,0.6758793969849246,0.5843454790823213,Severe flat foot,subject4_steppage_trial15_pressure.csv,2.7967886845258985,0.6396869945915826,-0.41294203082560144,0.9874525211421654,3.062157735857855,outside_normal_range,Normal
subject4,steppage,trial16,left,0.35119047619047616,24.0,0.8895348837209303,0.07094133697135063,Severe flat foot,subject4_steppage_trial16_pressure.csv,0.6525428049986831,0.9675913797433459,0.22562573321941473,-1.3203890815451407,1.776620243232526,within_normal_range,Normal
subject4,steppage,trial16,right,0.4949431099873578,26.0,0.6152304609218436,0.7413467589679044,Severe flat foot,subject4_steppage_trial16_pressure.csv,2.0591468384741196,1.295495764895109,-0.5942079373799412,1.6932007917059528,3.0229798168592055,outside_normal_range,Normal
subject4,steppage,trial17,right,0.259958071278826,30.0,0.580338266384778,0.30336514314414864,Mild flat foot,subject4_steppage_trial17_pressure.csv,-0.24015644748050968,1.9513045351986356,-0.6984927886072271,-0.2756033360795861,2.1045460039988955,borderline,Normal
subject4,steppage,trial17,left,0.25255623721881393,23.0,0.9071428571428571,0.2301255230125523,Mild flat foot,subject4_steppage_trial17_pressure.csv,-0.31258259626773743,0.8036391871674642,0.27825196992026274,-0.6048282652157801,1.089396719202467,within_normal_range,Normal
subject4,steppage,trial18,right,0.288746298124383,30.0,0.5330848089468779,0.2705649157581764,Severe flat foot,subject4_steppage_trial18_pressure.csv,0.04153325049596514,1.9513045351986356,-0.8397226494476373,-0.4230461070469235,2.166429444193011,borderline,Normal
subject4,steppage,trial18,left,0.23504499735309686,22.0,0.6019230769230769,0.2348643006263048,Mild flat foot,subject4_steppage_trial18_pressure.csv,-0.48392819165402384,0.6396869945915826,-0.6339806882472319,-0.5835266292805222,1.177208896448318,within_normal_range,Normal
subject4,steppage,trial19,left,0.3175542406311637,23.0,0.944801026957638,0.3001389532190829,Severe flat foot,subject4_steppage_trial19_pressure.csv,0.3234158640933045,0.8036391871674642,0.3908036935573213,-0.2901056252442653,0.9936410644668487,within_normal_range,Normal
subject4,steppage,trial19,right,0.4665194996320824,25.0,0.9037037037037037,0.6135231316725979,Severe flat foot,subject4_steppage_trial19_pressure.csv,1.7810248735704626,1.1315435723192275,0.2679731207533255,1.11861118347731,2.403235533521512,borderline,Normal
subject4,steppage,trial1,left,0.3131367292225201,21.0,1.0804769001490313,0.10429114611624113,Severe flat foot,subject4_steppage_trial1_pressure.csv,0.2801909909121869,0.47573480201570095,0.7963080889849662,-1.1704758442467476,1.5195232370007694,within_normal_range,Normal
subject4,steppage,trial1,right,0.5795523290986085,31.0,0.6525612472160356,0.6729411764705882,Severe flat foot,subject4_steppage_trial1_pressure.csv,2.887038931493106,2.115256727774517,-0.48263468879129523,1.3857057089934295,3.8681289237968617,outside_normal_range,Normal
subject4,steppage,trial20,left,0.2072072072072072,19.0,0.9035087719298246,0.2725581395348837,Normal,subject4_steppage_trial20_pressure.csv,-0.7563179689264078,0.14783041686393772,0.2673905139179527,-0.41408621682002245,0.9147872890266665,within_normal_range,Normal
subject4,steppage,trial20,right,0.5644444444444444,28.0,0.655011655011655,0.630360789652825,Severe flat foot,subject4_steppage_trial20_pressure.csv,2.7392099079090535,1.6234001500468724,-0.4753109759723466,1.194299407220135,3.433798270825688,outside_normal_range,Normal
subject4,steppage,trial2,right,0.2658408766079085,28.0,0.4174242424242424,0.35336647085404427,Severe flat foot,subject4_steppage_trial2_pressure.csv,-0.1825938311619085,1.6234001500468724,-1.1854058354067118,-0.05083860433428506,2.01904435628778,borderline,Normal
subject4,steppage,trial2,left,0.3073861123396727,24.0,0.9781859931113662,0.24919835089326614,Severe flat foot,subject4_steppage_trial2_pressure.csv,0.22392182429772065,0.9675913797433459,0.4905837811889867,-0.5190925610139788,1.22331663718605,within_normal_range,Normal
subject4,steppage,trial3,left,0.29225352112676056,20.0,0.5034542314335061,0.38845822566752797,Severe flat foot,subject4_steppage_trial3_pressure.csv,0.07585104969825775,0.31178260943981934,-0.9282817214337243,0.10690498405374027,0.987976420393179,within_normal_range,Normal
subject4,steppage,trial3,right,0.5316995205114544,26.0,1.152744630071599,0.6454965357967668,Severe flat foot,subject4_steppage_trial3_pressure.csv,2.418804355235352,1.295495764895109,1.01229993367971,1.2623372389662462,3.185462328513012,outside_normal_range,Normal
subject4,steppage,trial4,left,0.2963380281690141,20.0,0.875,0.24214734437464303,Severe flat foot,subject4_steppage_trial4_pressure.csv,0.11581751103287642,0.31178260943981934,0.182184264244658,-0.5507880711389839,0.6687157070521995,within_normal_range,Normal
subject4,steppage,trial4,right,0.49230769230769234,27.0,0.7925311203319502,0.7374592833876221,Severe flat foot,subject4_steppage_trial4_pressure.csv,2.033359560424329,1.4594479574709907,-0.0642965020461399,1.6757259076181124,3.012761324793782,outside_normal_range,Normal
subject4,steppage,trial5,left,0.3341571922886802,23.0,0.7074527252502781,0.3301673450927183,Severe flat foot,subject4_steppage_trial5_pressure.csv,0.48587395722333065,0.8036391871674642,-0.318576517719083,-0.15512274072208707,1.0037248167651285,within_normal_range,Normal
subject4,steppage,trial5,right,0.3141025641025641,31.0,0.46954076850984067,0.2801400700350175,Severe flat foot,subject4_steppage_trial5_pressure.csv,0.28964158115222877,2.115256727774517,-1.0296413659765624,-0.38000411034354137,2.4005765424863648,borderline,Normal
subject4,steppage,trial6,left,0.24646858256210424,23.0,0.728219696969697,0.4092664092664092,Mild flat foot,subject4_steppage_trial6_pressure.csv,-0.3721496411862502,0.8036391871674642,-0.2565087519928467,0.20044141636299506,0.9435596429631613,within_normal_range,Normal
subject4,steppage,trial6,right,0.32702952029520294,32.0,0.5958291956305859,0.33506044905008636,Severe flat foot,subject4_steppage_trial6_pressure.csv,0.41613045471831783,2.2792089203503987,-0.6521939165183595,-0.1331273808236328,2.4106093964426134,borderline,Normal
subject4,steppage,trial7,left,0.37267080745341613,21.0,0.5566666666666666,0.694708276797829,Severe flat foot,subject4_steppage_trial7_pressure.csv,0.8627255320681004,0.47573480201570095,-0.7692418282611461,1.4835526400651635,1.9399176198287318,within_normal_range,Normal
subject4,steppage,trial7,right,0.3162393162393162,17.0,0.86875,0.07579462102689483,Severe flat foot,subject4_steppage_trial7_pressure.csv,0.31054947059194216,-0.18007396828782554,0.1635044325855127,-1.2985727190845844,1.3571633704037631,within_normal_range,Normal
subject4,steppage,trial8,right,0.5772663222170032,31.0,0.6921768707482994,0.704136690647482,Severe flat foot,subject4_steppage_trial8_pressure.csv,2.8646706004560416,2.115256727774517,-0.3642325802065328,1.5259350128292677,3.89124552160034,outside_normal_range,Normal
subject4,steppage,trial8,left,0.4965469613259669,23.0,0.7122153209109731,0.6338939197930142,Severe flat foot,subject4_steppage_trial8_pressure.csv,2.074840351019915,0.8036391871674642,-0.30434220008670587,1.2101814464489393,2.55107070334291,borderline,Normal
subject4,steppage,trial9,left,0.5607717041800643,22.0,0.7494145199063232,0.6263125386040767,Severe flat foot,subject4_steppage_trial9_pressure.csv,2.703272540131262,0.6396869945915826,-0.19316223607259533,1.1761018092225624,3.022814746619198,outside_normal_range,Normal
subject4,steppage,trial9,right,0.4971392244119517,28.0,0.8422273781902552,0.6928934010152284,Severe flat foot,subject4_steppage_trial9_pressure.csv,2.08063558150454,1.6234001500468724,0.0842343348950789,1.4753944553306706,3.024625049851741,outside_normal_range,Normal
subject4,stiff-legged,trial10,right,0.3060935285781767,23.0,0.6119246861924686,0.23481041571493833,Severe flat foot,subject4_stiff-legged_trial10_pressure.csv,0.2112740314573182,0.8036391871674642,-0.6040881478515862,-0.5837688514014762,1.1816011263369586,within_normal_range,Normal
subject4,stiff-legged,trial10,left,0.5301318267419962,19.0,0.3435897435897436,0.7286108555657773,Severe flat foot,subject4_stiff-legged_trial10_pressure.csv,2.4034646406080014,0.14783041686393772,-1.4060803968252402,1.6359506737026537,3.232938725049936,outside_normal_range,Normal
subject4,stiff-legged,trial11,right,0.3814489571899012,22.0,0.5626598465473146,0.1648408972352634,Severe flat foot,subject4_stiff-legged_trial11_pressure.csv,0.9486187814623182,0.6396869945915826,-0.7513295736573891,-0.8982941004644045,1.6372249273615438,within_normal_range,Normal
subject4,stiff-legged,trial11,left,0.43880099916736054,19.0,0.47104247104247104,0.6159813809154383,Severe flat foot,subject4_stiff-legged_trial11_pressure.csv,1.5098023329757713,0.14783041686393772,-1.0251531178946989,1.1296614446790896,2.1513788163717047,borderline,Normal
subject4,stiff-legged,trial12,right,0.3304093567251462,20.0,0.6117216117216118,0.07659115426105723,Severe flat foot,subject4_stiff-legged_trial12_pressure.csv,0.4492017900342525,0.31178260943981934,-0.6046950913603665,-1.2949921625893357,1.5302455680060654,within_normal_range,Normal
subject4,stiff-legged,trial12,left,0.4485049833887043,17.0,0.8009367681498829,0.646551724137931,Severe flat foot,subject4_stiff-legged_trial12_pressure.csv,1.6047547730528744,-0.18007396828782554,-0.03917392825013252,1.2670804955017243,2.0529715279141962,borderline,Normal
subject4,stiff-legged,trial13,right,0.3363590519415028,23.0,0.6505312868949232,0.11428571428571432,Severe flat foot,subject4_stiff-legged_trial13_pressure.csv,0.5074189166929657,0.8036391871674642,-0.488701779522995,-1.1255485085856751,1.5520949631570309,within_normal_range,Normal
subject4,stiff-legged,trial13,left,0.5659340659340659,20.0,0.5240384615384616,0.7129151291512915,Severe flat foot,subject4_stiff-legged_trial13_pressure.csv,2.7537856936898826,0.31178260943981934,-0.8667601289227356,1.565395632493191,3.298830194120195,outside_normal_range,Normal
subject4,stiff-legged,trial14,right,0.27871529667936856,21.0,0.5865490628445424,0.1394156842644797,Severe flat foot,subject4_stiff-legged_trial14_pressure.csv,-0.0566190178811958,0.47573480201570095,-0.6799301274332086,-1.0125848890230924,1.3104054527908515,within_normal_range,Normal
subject4,stiff-legged,trial14,left,0.3787625418060201,20.0,0.5725338491295938,0.65086887835703,Severe flat foot,subject4_stiff-legged_trial14_pressure.csv,0.9223324963713833,0.31178260943981934,-0.7218184206911583,1.286486860380448,1.7674772710822595,within_normal_range,Normal
subject4,stiff-legged,trial15,right,0.3572481572481572,24.0,0.625,0.17015209125475284,Severe flat foot,subject4_stiff-legged_trial15_pressure.csv,0.7118165614801227,0.9675913797433459,-0.5650090021211567,-0.8744193524584324,1.5895786459885481,within_normal_range,Normal
subject4,stiff-legged,trial15,left,0.4636752136752137,18.0,0.35176991150442477,0.6291891891891892,Severe flat foot,subject4_stiff-legged_trial15_pressure.csv,1.7531938419321689,-0.016121775711943915,-1.3816317312908744,1.1890328577906952,2.5291607178779114,borderline,Normal
subject4,stiff-legged,trial16,right,0.2846599894570374,22.0,0.5136501516683518,0.15537848605577687,Severe flat foot,subject4_stiff-legged_trial16_pressure.csv,0.0015491604539317626,0.6396869945915826,-0.8978084296582056,-0.9408292971847931,1.4492831309838283,within_normal_range,Normal
subject4,stiff-legged,trial16,left,0.5436288088642659,21.0,1.0920245398773005,0.7184730743012951,Severe flat foot,subject4_stiff-legged_trial16_pressure.csv,2.5355311564796725,0.47573480201570095,0.8308213635744907,1.590379570078681,3.142421544354527,outside_normal_range,Normal
subject4,stiff-legged,trial17,right,0.3184647302904564,21.0,0.5638051044083526,0.24987093443469277,Severe flat foot,subject4_stiff-legged_trial17_pressure.csv,0.33232490731131165,0.47573480201570095,-0.7479066578093085,-0.5160691801121324,1.0781721631193641,within_normal_range,Normal
subject4,stiff-legged,trial17,left,0.5127041742286751,16.0,0.6819407008086253,0.6947014297729184,Severe flat foot,subject4_stiff-legged_trial17_pressure.csv,2.232936938459023,-0.3440261608637072,-0.3948261692157352,1.4835218614881183,2.7314988903355095,borderline,Normal
subject4,stiff-legged,trial18,left,0.2339382050024522,21.0,0.96,0.24638357442837144,Mild flat foot,subject4_stiff-legged_trial18_pressure.csv,-0.49475803555682357,0.47573480201570095,0.43622997480903486,-0.531745474567109,0.9716784222372422,within_normal_range,Normal
subject4,stiff-legged,trial18,right,0.33077345035655514,22.0,0.4055793991416309,0.129746835443038,Severe flat foot,subject4_stiff-legged_trial18_pressure.csv,0.4527644069893349,0.6396869945915826,-1.2208073839744147,-1.056048059126216,1.7943810161826605,within_normal_range,Normal
subject4,stiff-legged,trial19,left,0.3267681289167413,23.0,0.46336822074215034,0.24898876404494386,Severe flat foot,subject4_stiff-legged_trial19_pressure.csv,0.41357276824295647,0.8036391871674642,-1.0480897104899207,-0.5200346906312925,1.4784473269204266,within_normal_range,Normal
subject4,stiff-legged,trial19,right,0.28700564971751413,20.0,0.631979695431472,0.2528344671201814,Severe flat foot,subject4_stiff-legged_trial19_pressure.csv,0.024501193376066467,0.31178260943981934,-0.5441482764104361,-0.5027475812750586,0.8041524614302467,within_normal_range,Normal
subject4,stiff-legged,trial1,right,0.3143549364021805,20.0,0.8039772727272727,0.10285075461151483,Severe flat foot,subject4_stiff-legged_trial1_pressure.csv,0.2921110169128248,0.31178260943981934,-0.030086550063812133,-1.1769506565166614,1.2524596960064982,within_normal_range,Normal
subject4,stiff-legged,trial1,left,0.271645736946464,20.0,0.8464052287581699,0.19857235561323816,Severe flat foot,subject4_stiff-legged_trial1_pressure.csv,-0.1257938981776486,0.31178260943981934,0.09672098214399288,-0.7466652829719678,0.8245583627314315,within_normal_range,Normal
subject4,stiff-legged,trial20,left,0.24145891043397968,21.0,0.6209386281588448,0.10942528735632184,Mild flat foot,subject4_stiff-legged_trial20_pressure.csv,-0.42116874320678194,0.47573480201570095,-0.5771475208888321,-1.1473969795161048,1.4329430559425953,within_normal_range,Normal
subject4,stiff-legged,trial20,right,0.4652532391048292,23.0,0.6384479717813051,0.27664670658682633,Severe flat foot,subject4_stiff-legged_trial20_pressure.csv,1.7686346507410027,0.8036391871674642,-0.524816066276082,-0.395707391321941,2.0508341507594534,borderline,Normal
subject4,stiff-legged,trial2,left,0.34415584415584416,18.0,0.5813084112149532,0.7275590551181103,Severe flat foot,subject4_stiff-legged_trial2_pressure.csv,0.5837096884666398,-0.016121775711943915,-0.6955932458692009,1.6312226463422386,1.8670067481668497,within_normal_range,Normal
subject4,stiff-legged,trial2,right,0.5917721518987342,19.0,2.03125,0.48873873873873874,Severe flat foot,subject4_stiff-legged_trial2_pressure.csv,3.0066085810015717,0.14783041686393772,3.63795312118655,0.5576834663873426,4.754709533939503,outside_normal_range,Normal
subject4,stiff-legged,trial3,right,0.2604994324631101,22.0,0.6484018264840182,0.1345244351024698,Severe flat foot,subject4_stiff-legged_trial3_pressure.csv,-0.23485928661974234,0.6396869945915826,-0.4950662534430782,-1.0345719112913232,1.334086942628663,within_normal_range,Normal
subject4,stiff-legged,trial3,left,0.3635585970915312,18.0,1.1267217630853994,0.7502088554720134,Severe flat foot,subject4_stiff-legged_trial3_pressure.csv,0.7735635354467764,-0.016121775711943915,0.9345234897452233,1.7330374687438874,2.1155173069442927,borderline,Normal
subject4,stiff-legged,trial4,right,0.2835820895522388,24.0,0.4141048824593128,0.24208037825059103,Severe flat foot,subject4_stiff-legged_trial4_pressure.csv,-0.008997973979200378,0.9675913797433459,-1.1953266490644705,-0.551089095603692,1.6336520532066654,within_normal_range,Normal
subject4,stiff-legged,trial4,left,0.37402190923317685,20.0,0.6149425287356322,0.6531302876480541,Severe flat foot,subject4_stiff-legged_trial4_pressure.csv,0.8759459174123618,0.31178260943981934,-0.5950685013427699,1.2966522914988456,1.7029102536892613,within_normal_range,Normal
subject4,stiff-legged,trial5,right,0.30655391120507397,21.0,0.7422552664188352,0.13393756294058412,Severe flat foot,subject4_stiff-legged_trial5_pressure.csv,0.21577882585886468,0.47573480201570095,-0.21455962006482343,-1.037210004519574,1.1809845585678944,within_normal_range,Normal
subject4,stiff-legged,trial5,left,0.45907738095238093,20.0,0.9666666666666667,0.6923076923076923,Severe flat foot,subject4_stiff-legged_trial5_pressure.csv,1.708204544119928,0.31178260943981934,0.45615512857879004,1.4727615920336385,2.3221273368183892,borderline,Normal
subject4,stiff-legged,trial6,right,0.33015873015873015,24.0,0.4691607684529828,0.14155031295137221,Severe flat foot,subject4_stiff-legged_trial6_pressure.csv,0.4467494360849325,0.9675913797433459,-1.0307770999113737,-1.0029893589409928,1.7900578819262807,within_normal_range,Normal
subject4,stiff-legged,trial6,left,0.4805194805194805,18.0,0.5508849557522124,0.6511987625676721,Severe flat foot,subject4_stiff-legged_trial6_pressure.csv,1.9180131781647147,-0.016121775711943915,-0.7865220501145618,1.2879697477258034,2.4405977689162337,borderline,Normal
subject4,stiff-legged,trial7,right,0.2781731909845789,20.0,0.7966573816155988,0.114837976122797,Severe flat foot,subject4_stiff-legged_trial7_pressure.csv,-0.06192346369704503,0.31178260943981934,-0.05196404346050687,-1.1230659948335355,1.1683408755451237,within_normal_range,Normal
subject4,stiff-legged,trial7,left,0.2537985368598762,20.0,0.42105263157894735,0.21599592460519612,Mild flat foot,subject4_stiff-legged_trial7_pressure.csv,-0.3004268281280571,0.31178260943981934,-1.1745614036301106,-0.6683432865392984,1.4190637456322652,within_normal_range,Normal
subject4,stiff-legged,trial8,right,0.3569277108433735,23.0,0.5674778761061947,0.13838862559241705,Severe flat foot,subject4_stiff-legged_trial8_pressure.csv,0.708681027934919,0.8036391871674642,-0.7369295766832024,-1.0172016977656964,1.6510085515932298,within_normal_range,Normal
subject4,stiff-legged,trial8,left,0.4470198675496689,17.0,0.23931623931623933,0.7695431472081218,Severe flat foot,subject4_stiff-legged_trial8_pressure.csv,1.5902230745775814,-0.18007396828782554,-1.7177302378393577,1.81994849880223,2.9705295435753616,borderline,Normal
subject4,stiff-legged,trial9,right,0.2866629773104593,21.0,1.162460567823344,0.04129168872419264,Severe flat foot,subject4_stiff-legged_trial9_pressure.csv,0.021148180793318882,0.47573480201570095,1.0413386667378426,-1.4536694470842364,1.8504896453720896,within_normal_range,Normal
subject4,stiff-legged,trial9,left,0.4495560936238902,19.0,0.8755980861244019,0.6413124533929904,Severe flat foot,subject4_stiff-legged_trial9_pressure.csv,1.6150397734552242,0.14783041686393772,0.1839718079440978,1.2435290552207787,2.0519301740773175,borderline,Normal
subject4,trendelenburg,trial10,right,0.30505415162454874,19.0,1.382716049382716,0.15500538213132398,Severe flat foot,subject4_trendelenburg_trial10_pressure.csv,0.20110383995084316,0.14783041686393772,1.6996323175431332,-0.9425064647188099,1.959429773548144,within_normal_range,Normal
subject4,trendelenburg,trial10,left,0.3008298755186722,16.0,1.0175746924428823,0.40934933670246365,Severe flat foot,subject4_trendelenburg_trial10_pressure.csv,0.15976975338770175,-0.3440261608637072,0.6083076648346527,0.20081418972267948,0.7444762772222853,within_normal_range,Normal
subject4,trendelenburg,trial11,left,0.27007299270072993,18.0,1.011744966442953,0.2727272727272727,Severe flat foot,subject4_trendelenburg_trial11_pressure.csv,-0.1411830311712091,-0.016121775711943915,0.590883936787033,-0.4133259334764061,0.7349657910269578,within_normal_range,Normal
subject4,trendelenburg,trial11,right,0.4690635451505017,18.0,0.9452887537993921,0.704412989175687,Severe flat foot,subject4_trendelenburg_trial11_pressure.csv,1.8059180848670984,-0.016121775711943915,0.39226139840525953,1.5271770231401525,2.397444202810197,borderline,Normal
subject4,trendelenburg,trial12,right,0.2549520766773163,20.0,0.7349081364829396,0.2630241423125794,Mild flat foot,subject4_trendelenburg_trial12_pressure.csv,-0.28913956529933976,0.31178260943981934,-0.23651852412568697,-0.4569432053497005,0.6674939617258315,within_normal_range,Normal
subject4,trendelenburg,trial12,left,0.21328125,17.0,1.2682403433476395,0.11794439764111209,Mild flat foot,subject4_trendelenburg_trial12_pressure.csv,-0.6968841146297493,-0.18007396828782554,1.3574904106956067,-1.1091020856489051,1.894983312538528,within_normal_range,Normal
subject4,trendelenburg,trial13,left,0.24865694551036072,17.0,0.6636500754147813,0.1543116490166414,Mild flat foot,subject4_trendelenburg_trial13_pressure.csv,-0.3507367455166299,-0.18007396828782554,-0.44949269774333467,-0.9456249166593091,1.1187908951372585,within_normal_range,Normal
subject4,trendelenburg,trial13,right,0.5276190476190477,19.0,0.5970149253731343,0.6078971533516988,Severe flat foot,subject4_trendelenburg_trial13_pressure.csv,2.378877367622336,0.14783041686393772,-0.6486500394009121,1.0933214248645302,2.7012978314170675,borderline,Normal
subject4,trendelenburg,trial14,right,0.2545915136162128,20.0,0.39921722113502933,0.33353329334133175,Mild flat foot,subject4_trendelenburg_trial14_pressure.csv,-0.2926676360043749,0.31178260943981934,-1.239822490238228,-0.1399922133977407,1.3189466887732846,within_normal_range,Normal
subject4,trendelenburg,trial14,left,0.19059205190592052,14.0,1.2135728542914173,0.25888324873096447,Normal,subject4_trendelenburg_trial14_pressure.csv,-0.9188954733958778,-0.6719305460154704,1.1941016918478622,-0.4755572477698846,1.7169429507343792,within_normal_range,Normal
subject4,trendelenburg,trial15,right,0.2897727272727273,20.0,0.37247353224254093,0.4719101123595506,Severe flat foot,subject4_trendelenburg_trial15_pressure.csv,0.0515767491227648,0.31178260943981934,-1.3197533072712262,0.48203584127414906,1.4401305152399875,within_normal_range,Normal
subject4,trendelenburg,trial15,left,0.28976572133168926,16.0,0.6039603960396039,0.17245240761478164,Severe flat foot,subject4_trendelenburg_trial15_pressure.csv,0.05150819674454329,-0.3440261608637072,-0.6278916037460025,-0.8640790272456504,1.1233376718827748,within_normal_range,Normal
subject4,trendelenburg,trial16,left,0.21272613849033062,18.0,1.5425925925925925,0.18436406067677946,Mild flat foot,subject4_trendelenburg_trial16_pressure.csv,-0.7023158209429211,-0.016121775711943915,2.177467023688185,-0.8105340589868741,2.4273103476947595,borderline,Normal
subject4,trendelenburg,trial16,right,0.4478346456692913,17.0,2.098901098901099,0.40039254170755645,Severe flat foot,subject4_trendelenburg_trial16_pressure.csv,1.5981955906920882,-0.18007396828782554,3.840146903431146,0.1605518263708849,4.166432635846331,outside_normal_range,Normal
subject4,trendelenburg,trial17,left,0.3133784487246226,24.0,1.3557046979865772,0.2721834496510469,Severe flat foot,subject4_trendelenburg_trial17_pressure.csv,0.2825561901968655,0.9675913797433459,1.6189015180285902,-0.4157705135194398,1.95186534467921,within_normal_range,Normal
subject4,trendelenburg,trial17,right,0.22342457033736474,19.0,1.6993865030674846,0.10293237582286052,Mild flat foot,subject4_trendelenburg_trial17_pressure.csv,-0.5976328179924271,0.14783041686393772,2.6460884401442,-1.1765837548659837,2.960599970034965,borderline,Normal
subject4,trendelenburg,trial18,right,0.23641304347826086,19.0,0.8833124215809285,0.1662946428571429,Mild flat foot,subject4_trendelenburg_trial18_pressure.csv,-0.4705420077156126,0.14783041686393772,0.20702820597451257,-0.8917592590973225,1.0398840644177774,within_normal_range,Normal
subject4,trendelenburg,trial18,left,0.28737997256515774,20.0,0.6554744525547446,0.06793478260869568,Severe flat foot,subject4_trendelenburg_trial18_pressure.csv,0.028163902109886736,0.31178260943981934,-0.4739277791407981,-1.3339040703614489,1.4497962648935638,within_normal_range,Normal
subject4,trendelenburg,trial19,left,0.23506988564167725,19.0,1.1993517017828201,0.18413433700057902,Mild flat foot,subject4_trendelenburg_trial19_pressure.csv,-0.4836846624317841,0.14783041686393772,1.151597894270322,-0.8115667071748646,1.496871041574526,within_normal_range,Normal
subject4,trendelenburg,trial19,right,0.531104921077066,20.0,0.3247058823529412,0.6484581497797357,Severe flat foot,subject4_trendelenburg_trial19_pressure.csv,2.4129862638333206,0.31178260943981934,-1.462519972661741,1.2756502128992042,3.1122273761892263,outside_normal_range,Normal
subject4,trendelenburg,trial1,right,0.5647921760391198,16.0,1.329059829059829,0.7673667205169629,Severe flat foot,subject4_trendelenburg_trial1_pressure.csv,2.7426124240975804,-0.3440261608637072,1.5392660514475263,1.8101650793650532,3.6450397116992534,outside_normal_range,Normal
subject4,trendelenburg,trial1,left,0.20180383314543404,12.0,0.7925764192139738,0.18600000000000005,Normal,subject4_trendelenburg_trial1_pressure.csv,-0.809189401949373,-0.9998349311672337,-0.06416111396765202,-0.803180224999332,1.5177853933230872,within_normal_range,Normal
subject4,trendelenburg,trial20,left,0.2353823088455772,17.0,0.9093655589123867,0.14068441064638781,Mild flat foot,subject4_trendelenburg_trial20_pressure.csv,-0.48062763504279077,-0.18007396828782554,0.28489512110159015,-1.0068817415678435,1.1655065976441035,within_normal_range,Normal
subject4,trendelenburg,trial20,right,0.4115884115884116,17.0,0.8029850746268656,0.5921908893709328,Severe flat foot,subject4_trendelenburg_trial20_pressure.csv,1.2435300954601933,-0.18007396828782554,-0.0330520050219126,1.022719015447728,1.6204444920960732,within_normal_range,Normal
subject4,trendelenburg,trial2,right,0.25667752442996744,21.0,0.45351473922902497,0.28042959427207637,Mild flat foot,subject4_trendelenburg_trial2_pressure.csv,-0.27225624494320944,0.47573480201570095,-1.07753953063739,-0.3787026481533,1.266867870207491,within_normal_range,Normal
subject4,trendelenburg,trial2,left,0.22487046632124352,13.0,0.9519450800915332,0.06138613861386144,Mild flat foot,subject4_trendelenburg_trial2_pressure.csv,-0.5834848815742077,-0.8358827385913521,0.4121556471421457,-1.3633413728933794,1.7514926594806532,within_normal_range,Normal
subject4,trendelenburg,trial3,left,0.2465753424657534,15.0,1.3267326732673268,0.0672413793103448,Mild flat foot,subject4_trendelenburg_trial3_pressure.csv,-0.3711050070315915,-0.5079783534395889,1.5323107108957588,-1.3370210397197306,2.128699675667333,borderline,Normal
subject4,trendelenburg,trial3,right,0.4726643598615917,22.0,0.5216572504708098,0.6103286384976525,Severe flat foot,subject4_trendelenburg_trial3_pressure.csv,1.8411516688553646,0.6396869945915826,-0.8738770284249161,1.1042513767598838,2.4045937458671403,borderline,Normal
subject4,trendelenburg,trial4,right,0.2062841530054645,17.0,0.22861842105263158,0.3758471965495995,Normal,subject4_trendelenburg_trial4_pressure.csv,-0.7653499548385567,-0.18007396828782554,-1.7497035889248498,0.05021619784452135,1.918898512962258,within_normal_range,Normal
subject4,trendelenburg,trial4,left,0.2764976958525346,16.0,0.5529411764705883,0.08688097306689835,Severe flat foot,subject4_trendelenburg_trial4_pressure.csv,-0.07831800304254315,-0.3440261608637072,-0.7803764730148325,-1.2487376235694665,1.514206327127245,within_normal_range,Normal
subject4,trendelenburg,trial5,right,0.23017543859649123,20.0,0.3377234242709313,0.40228571428571425,Mild flat foot,subject4_trendelenburg_trial5_pressure.csv,-0.5315762994303678,0.31178260943981934,-1.423613493998713,0.16906196892441921,1.5604611777602837,within_normal_range,Normal
subject4,trendelenburg,trial5,left,0.2076749435665914,13.0,0.8586956521739131,0.16778523489932884,Normal,subject4_trendelenburg_trial5_pressure.csv,-0.7517412190447842,-0.8358827385913521,0.13345426861210496,-0.8850587866129228,1.436994749697245,within_normal_range,Normal
subject4,trendelenburg,trial6,right,0.3620933521923621,21.0,1.3512396694214877,0.1890909090909091,Severe flat foot,subject4_trendelenburg_trial6_pressure.csv,0.7592262719771363,0.47573480201570095,1.6055565609167264,-0.7892860468947416,2.0008829221208053,borderline,Normal
subject4,trendelenburg,trial6,left,0.23378839590443687,16.0,0.7741935483870968,0.4873417721518988,Mild flat foot,subject4_trendelenburg_trial6_pressure.csv,-0.49622390144013956,-0.3440261608637072,-0.11910334316091249,0.5514038567343754,0.8263316400167334,within_normal_range,Normal
subject4,trendelenburg,trial7,right,0.3920353982300885,19.0,1.2057142857142857,0.05738396624472575,Severe flat foot,subject4_trendelenburg_trial7_pressure.csv,1.0522059664339536,0.14783041686393772,1.1706142137514357,-1.3813318391499227,2.0993824128146774,borderline,Normal
subject4,trendelenburg,trial7,left,0.2421875,15.0,0.9855421686746988,0.1685144124168514,Mild flat foot,subject4_trendelenburg_trial7_pressure.csv,-0.41403957280312614,-0.5079783534395889,0.5125697205774941,-0.8817810058693483,1.2123267860502964,within_normal_range,Normal
subject4,trendelenburg,trial8,right,0.22131704005431094,17.0,0.6368421052631579,0.30489510489510485,Mild flat foot,subject4_trendelenburg_trial8_pressure.csv,-0.6182547747421294,-0.18007396828782554,-0.5296156368722497,-0.26872588985396945,0.8759976753643656,within_normal_range,Normal
subject4,trendelenburg,trial8,left,0.25339366515837103,14.0,0.7432675044883303,0.11990407673860914,Mild flat foot,subject4_trendelenburg_trial8_pressure.csv,-0.3043884541055116,-0.6719305460154704,-0.21153427018687987,-1.100292984634401,1.3414672523623399,within_normal_range,Normal
subject4,trendelenburg,trial9,right,0.2975801177240026,21.0,0.46135552913198574,0.08328075709779181,Severe flat foot,subject4_trendelenburg_trial9_pressure.csv,0.1279712235029601,0.47573480201570095,-1.0541051889634645,-1.2649212253573292,1.7186807998150648,within_normal_range,Normal
subject4,trendelenburg,trial9,left,0.28555555555555556,16.0,1.1196808510638299,0.09272918861959956,Severe flat foot,subject4_trendelenburg_trial9_pressure.csv,0.010312178237657541,-0.3440261608637072,0.9134798015388598,-1.2224488696484093,1.5643806848407373,within_normal_range,Normal
subject5,antalgic,trial10,right,0.274582560296846,15.0,1.1851179673321235,0.39927184466019416,Severe flat foot,subject5_antalgic_trial10_pressure.csv,-0.09705739811401064,-0.5079783534395889,1.1090564921231234,0.1555140967193924,1.2335530321355275,within_normal_range,Normal
subject5,antalgic,trial10,left,0.08524590163934426,6.0,0.5950196592398427,0.3739591218773657,Normal,subject5_antalgic_trial10_pressure.csv,-1.9496962035268481,-1.9835480866225235,-0.6546134370785252,0.04172897127162077,2.8576280998474988,borderline,Normal
subject5,antalgic,trial11,right,0.2570332480818414,14.0,0.6302083333333334,0.3242542153047989,Mild flat foot,subject5_antalgic_trial11_pressure.csv,-0.26877552733607646,-0.6719305460154704,-0.5494424757385353,-0.18170329550791153,0.9266250938257395,within_normal_range,Normal
subject5,antalgic,trial11,left,0.3315467075038285,12.0,0.5016129032258064,0.3386484434320425,Severe flat foot,subject5_antalgic_trial11_pressure.csv,0.4603306448629673,-0.9998349311672337,-0.9337850335855749,-0.11699871721207813,1.4481772615808561,within_normal_range,Normal
subject5,antalgic,trial12,right,0.23510971786833856,13.0,0.8913308913308914,0.5362681340670334,Mild flat foot,subject5_antalgic_trial12_pressure.csv,-0.4832949083855154,-0.8358827385913521,0.2309935923894336,0.7713364288239039,1.2572159111712402,within_normal_range,Normal
subject5,antalgic,trial12,left,0.20723226703755215,10.0,0.889589905362776,0.37434750186428034,Normal,subject5_antalgic_trial12_pressure.csv,-0.756072761186484,-1.327739316318997,0.225790180420581,0.04347480738382544,1.545124259326353,within_normal_range,Normal
subject5,antalgic,trial13,right,0.25127877237851665,13.0,0.6394904458598726,0.36309523809523814,Mild flat foot,subject5_antalgic_trial13_pressure.csv,-0.32508245209315595,-0.8358827385913521,-0.5217003478286159,-0.0071060904325261675,1.037593515197359,within_normal_range,Normal
subject5,antalgic,trial13,left,0.21114599686028257,10.0,0.8404255319148937,0.3259372609028309,Mild flat foot,subject5_antalgic_trial13_pressure.csv,-0.7177773365449834,-1.327739316318997,0.07884902527917313,-0.1741377105588161,1.5213931470803295,within_normal_range,Normal
subject5,antalgic,trial14,right,0.254050550874919,12.0,0.5515643105446119,0.3714103382259094,Mild flat foot,subject5_antalgic_trial14_pressure.csv,-0.29796089814341103,-0.9998349311672337,-0.7844916128091449,0.03027174203522586,1.3056776230518603,within_normal_range,Normal
subject5,antalgic,trial14,left,0.24447421299397187,12.0,0.7585692995529061,0.36116504854368936,Mild flat foot,subject5_antalgic_trial14_pressure.csv,-0.3916643325326324,-0.9998349311672337,-0.16580067724463726,-0.015782630769385745,1.0866507235396303,within_normal_range,Normal
subject5,antalgic,trial15,left,0.15373665480427046,8.0,0.6246786632390745,0.3716216216216216,Normal,subject5_antalgic_trial15_pressure.csv,-1.2795215631534378,-1.6556437014707601,-0.565969404777154,0.031221497930409594,2.1678624600908702,borderline,Normal
subject5,antalgic,trial15,right,0.25235531628532976,13.0,1.1853281853281854,0.4341801385681293,Mild flat foot,subject5_antalgic_trial15_pressure.csv,-0.3145485859542138,-0.8358827385913521,1.1096847860076289,0.31243299618194326,1.458305683661967,within_normal_range,Normal
subject5,antalgic,trial16,left,0.2661290322580645,13.0,0.7397820163487738,0.30642085187539736,Severe flat foot,subject5_antalgic_trial16_pressure.csv,-0.17977425917165982,-0.8358827385913521,-0.221951603258378,-0.2618673897612053,0.9213336968465927,within_normal_range,Normal
subject5,antalgic,trial16,right,0.23196881091617932,10.0,0.8086330935251799,0.3159851301115242,Mild flat foot,subject5_antalgic_trial16_pressure.csv,-0.5140283445041242,-1.327739316318997,-0.01617135826540355,-0.218874282767068,1.4405847061307553,within_normal_range,Normal
subject5,antalgic,trial17,right,0.25741324921135644,14.0,1.3365570599613152,0.38948116560056856,Mild flat foot,subject5_antalgic_trial17_pressure.csv,-0.265057257225935,-0.6719305460154704,1.561673573231447,0.11150327834255215,1.7242399307194451,within_normal_range,Normal
subject5,antalgic,trial17,left,0.17205998421468036,10.0,1.3522975929978118,0.24190800681431002,Normal,subject5_antalgic_trial17_pressure.csv,-1.1002297590686576,-1.327739316318997,1.6087184544069628,-0.5518639354211673,2.4219673993692767,borderline,Normal
subject5,antalgic,trial18,left,0.2542857142857143,12.0,0.773955773955774,0.3546850185283219,Mild flat foot,subject5_antalgic_trial18_pressure.csv,-0.2956598495058059,-0.9998349311672337,-0.11981399697690585,-0.044911501437700355,1.050455650194216,within_normal_range,Normal
subject5,antalgic,trial18,right,0.10947204968944099,9.0,0.6725304465493911,0.3064633260711692,Normal,subject5_antalgic_trial18_pressure.csv,-1.712645955035482,-1.4916915088948786,-0.4229512836848955,-0.2616764608067954,2.325007974936763,borderline,Normal
subject5,antalgic,trial19,right,0.24182242990654207,13.0,0.8538251366120219,0.37154150197628455,Mild flat foot,subject5_antalgic_trial19_pressure.csv,-0.4176117443341518,-0.8358827385913521,0.11889740288580485,0.030861346082118834,0.9424375505972697,within_normal_range,Normal
subject5,antalgic,trial19,left,0.2509307520476545,10.0,0.6728971962616822,0.34727143869596033,Mild flat foot,subject5_antalgic_trial19_pressure.csv,-0.3284877935341608,-1.327739316318997,-0.42185515202303336,-0.07823684215586987,1.4334848082065879,within_normal_range,Normal
subject5,antalgic,trial1,right,0.23646071700991608,12.0,0.8093158660844251,0.6111951588502269,Mild flat foot,subject5_antalgic_trial1_pressure.csv,-0.47007552734481817,-0.9998349311672337,-0.014130706030494069,1.108146537618976,1.5648735784978098,within_normal_range,Normal
subject5,antalgic,trial1,left,0.2774914089347079,10.0,0.6678635547576302,0.21884984025559107,Severe flat foot,subject5_antalgic_trial1_pressure.csv,-0.06859462759832478,-1.327739316318997,-0.43689956417154213,-0.6555144354874535,1.5453728738852344,within_normal_range,Normal
subject5,antalgic,trial20,right,0.1720226843100189,12.0,1.0238095238095237,0.3484224965706447,Normal,subject5_antalgic_trial20_pressure.csv,-1.1005947346169955,-0.9998349311672337,0.626942160890976,-0.07306263526424864,1.6153554659031693,within_normal_range,Normal
subject5,antalgic,trial20,left,0.21398834304746045,11.0,0.33540372670807456,0.4265791632485644,Mild flat foot,subject5_antalgic_trial20_pressure.csv,-0.6899652853441194,-1.1637871237431152,-1.4305465435946,0.2782652799041502,1.9885541339779658,within_normal_range,Normal
subject5,antalgic,trial2,right,0.24720982142857142,15.0,0.9365517241379311,0.4060638873849486,Mild flat foot,subject5_antalgic_trial2_pressure.csv,-0.3648966987405855,-0.5079783534395889,0.36614839948093114,0.18604551920259824,0.7482440737973041,within_normal_range,Normal
subject5,antalgic,trial2,left,0.23198733174980204,10.0,1.2121212121212122,0.4486692015209125,Mild flat foot,subject5_antalgic_trial2_pressure.csv,-0.5138471201426015,-1.327739316318997,1.1897630628288627,0.37756387364019484,1.893415215774973,within_normal_range,Normal
subject5,antalgic,trial3,right,0.27232142857142855,15.0,0.48554913294797686,0.48948598130841126,Severe flat foot,subject5_antalgic_trial3_pressure.csv,-0.11918232842788212,-0.5079783534395889,-0.9817959975217412,0.5610424527065773,1.2453667931422494,within_normal_range,Normal
subject5,antalgic,trial3,left,0.25998598458304134,11.0,0.6991017964071856,0.597061098221191,Mild flat foot,subject5_antalgic_trial3_pressure.csv,-0.23988331880620353,-1.1637871237431152,-0.3435355489169182,1.0446114578269179,1.6190040911698398,within_normal_range,Normal
subject5,antalgic,trial4,left,0.29633740288568255,15.0,1.0030211480362539,0.43870967741935485,Severe flat foot,subject5_antalgic_trial4_pressure.csv,0.11581139270284654,-0.5079783534395889,0.564810423305098,0.3327940672065461,0.8373870023381829,within_normal_range,Normal
subject5,antalgic,trial4,right,0.26639621365787697,13.0,0.9383561643835616,0.5743034055727554,Severe flat foot,subject5_antalgic_trial4_pressure.csv,-0.17715991796121044,-0.8358827385913521,0.37154146188530957,0.9423116406511566,1.3251716399069025,within_normal_range,Normal
subject5,antalgic,trial5,left,0.2776203966005666,14.0,0.8140495867768595,0.336104513064133,Severe flat foot,subject5_antalgic_trial5_pressure.csv,-0.0673324971853144,-0.6719305460154704,1.731087447990522e-05,-0.12843413008829926,0.6874006473062585,within_normal_range,Normal
subject5,antalgic,trial5,right,0.18226256983240224,10.0,0.7602836879432624,0.2951289398280802,Normal,subject5_antalgic_trial5_pressure.csv,-1.0003985580484132,-1.327739316318997,-0.16067675939979742,-0.3126265135375222,1.6991884312878394,within_normal_range,Normal
subject5,antalgic,trial6,right,0.222447599729547,12.0,0.9983633387888707,0.3035075161059413,Mild flat foot,subject5_antalgic_trial6_pressure.csv,-0.6071923701289471,-0.9998349311672337,0.5508892884824537,-0.2749633446627427,1.3219063177842147,within_normal_range,Normal
subject5,antalgic,trial6,left,0.1913109756097561,11.0,0.4472361809045226,0.34153846153846157,Normal,subject5_antalgic_trial6_pressure.csv,-0.9118608824122784,-1.1637871237431152,-1.0963047166476028,-0.10400757929275856,1.843527148310567,within_normal_range,Normal
subject5,antalgic,trial7,right,0.21822690638561687,12.0,0.7065351418002466,0.3533980582524272,Mild flat foot,subject5_antalgic_trial7_pressure.csv,-0.6484913997524575,-0.9998349311672337,-0.32131896641985225,-0.05069661344225785,1.2353246577036843,within_normal_range,Normal
subject5,antalgic,trial7,left,0.18292682926829268,10.0,0.9556962025316456,0.5843293492695882,Normal,subject5_antalgic_trial7_pressure.csv,-0.9938988510370076,-1.327739316318997,0.4233669008564082,0.9873800148068722,1.9760782992008945,within_normal_range,Normal
subject5,antalgic,trial8,left,0.2477632484514797,13.0,0.7883435582822086,0.35648754914809966,Mild flat foot,subject5_antalgic_trial8_pressure.csv,-0.3594814749488808,-0.8358827385913521,-0.07681217471036364,-0.03680881037382173,0.9138828602240403,within_normal_range,Normal
subject5,antalgic,trial8,right,0.2308265078183172,10.0,0.7145085803432137,0.3740095087163233,Mild flat foot,subject5_antalgic_trial8_pressure.csv,-0.5252056572424401,-1.327739316318997,-0.29748816806350536,0.0419554689439929,1.4591066259909835,within_normal_range,Normal
subject5,antalgic,trial9,left,0.2477632484514797,13.0,0.7883435582822086,0.35648754914809966,Mild flat foot,subject5_antalgic_trial9_pressure.csv,-0.3594814749488808,-0.8358827385913521,-0.07681217471036364,-0.03680881037382173,0.9138828602240403,within_normal_range,Normal
subject5,antalgic,trial9,right,0.2308265078183172,10.0,0.7145085803432137,0.3740095087163233,Mild flat foot,subject5_antalgic_trial9_pressure.csv,-0.5252056572424401,-1.327739316318997,-0.29748816806350536,0.0419554689439929,1.4591066259909835,within_normal_range,Normal
subject5,lurching,trial10,right,0.23291492329149233,27.0,1.2433281004709575,0.6165413533834587,Mild flat foot,subject5_lurching_trial10_pressure.csv,-0.5047707368479286,1.4594479574709907,1.2830333701855008,1.13217861906873,2.30494791520984,borderline,Normal
subject5,lurching,trial10,left,0.18365627632687448,7.0,0.6521084337349398,0.5657794676806084,Normal,subject5_lurching_trial10_pressure.csv,-0.9867612901610259,-1.819595894046642,-0.4839880455272731,0.9039950458427579,2.3099953533531643,borderline,Normal
subject5,lurching,trial11,right,0.20111287758346583,20.0,0.8818342151675485,0.4407951598962835,Normal,subject5_lurching_trial11_pressure.csv,-0.8159503276781499,0.31178260943981934,0.20261018246100726,0.34216867646104443,0.9597466446803389,within_normal_range,Normal
subject5,lurching,trial11,left,0.26440922190201727,10.0,0.7835616438356164,0.4865188735769922,Severe flat foot,subject5_lurching_trial11_pressure.csv,-0.1966024182094064,-1.327739316318997,-0.09110423180968791,0.5477047834114512,1.4525235673717798,within_normal_range,Normal
subject5,lurching,trial12,right,0.25944055944055944,22.0,0.8296409472880061,0.5555963302752294,Mild flat foot,subject5_lurching_trial12_pressure.csv,-0.24522024506007647,0.6396869945915826,0.046616349224122396,0.8582200584159224,1.0991119926192008,within_normal_range,Normal
subject5,lurching,trial12,left,0.2402123424021234,13.0,1.0266666666666666,0.3786127167630058,Mild flat foot,subject5_lurching_trial12_pressure.csv,-0.43336627709049574,-0.8358827385913521,0.6354815125065854,0.06264769591411057,1.137658898499572,within_normal_range,Normal
subject5,lurching,trial13,right,0.2235016238559197,23.0,1.1061493411420205,0.4600438733939204,Mild flat foot,subject5_lurching_trial13_pressure.csv,-0.5968788576152834,0.8036391871674642,0.873037189149507,0.4286950173382344,1.3957340955024382,within_normal_range,Normal
subject5,lurching,trial13,left,0.24022346368715083,11.0,0.9169811320754717,0.4677296886864085,Mild flat foot,subject5_lurching_trial13_pressure.csv,-0.4332574565147343,-1.1637871237431152,0.30765634104948353,0.4632441041641457,1.3606469113060478,within_normal_range,Normal
subject5,lurching,trial14,right,0.13241379310344828,15.0,0.6906645569620253,0.5386819484240688,Normal,subject5_lurching_trial14_pressure.csv,-1.488163467523652,-0.5079783534395889,-0.36875254291747744,0.7821869474259256,1.7945660679581594,within_normal_range,Normal
subject5,lurching,trial14,left,0.22551724137931034,13.0,0.801641586867305,0.27766323024054984,Mild flat foot,subject5_lurching_trial14_pressure.csv,-0.5771562573160007,-0.8358827385913521,-0.037067385051466936,-0.3911379393332351,1.0891153183453053,within_normal_range,Normal
subject5,lurching,trial15,right,0.1480797636632201,12.0,0.9613302397525135,0.7054817841334695,Normal,subject5_lurching_trial15_pressure.csv,-1.3348736334826392,-0.9998349311672337,0.4402057595519559,1.53198144380215,2.3070123020578293,borderline,Normal
subject5,lurching,trial15,left,0.27345454545454545,14.0,0.6192592592592593,0.46751188589540416,Severe flat foot,subject5_lurching_trial15_pressure.csv,-0.10809490181110508,-0.6719305460154704,-0.58216677342289,0.46226504244447486,1.007860252222505,within_normal_range,Normal
subject5,lurching,trial16,right,0.28412576687116564,24.0,1.4187358916478556,0.5143769968051118,Severe flat foot,subject5_lurching_trial16_pressure.csv,-0.0036781499904992607,0.9675913797433459,1.8072874519274176,0.672931929990934,2.157631090626154,borderline,Normal
subject5,lurching,trial16,left,0.33402777777777776,17.0,0.3650615901455767,0.2032786885245902,Severe flat foot,subject5_lurching_trial16_pressure.csv,0.48460765017755636,-0.18007396828782554,-1.3419059201734063,-0.7255094916605548,1.610697591030523,within_normal_range,Normal
subject5,lurching,trial17,right,0.21666666666666667,17.0,0.8396305625524769,0.43584167029143106,Mild flat foot,subject5_lurching_trial17_pressure.csv,-0.6637581772987033,-0.18007396828782554,0.07647304226091348,0.319901872493408,0.7623561413166748,within_normal_range,Normal
subject5,lurching,trial17,left,0.2181122448979592,11.0,1.1708967851099832,0.47261538461538466,Mild flat foot,subject5_lurching_trial17_pressure.csv,-0.6496133500553054,-1.1637871237431152,1.0665526057385455,0.4852061636765794,1.7746429094434109,within_normal_range,Normal
subject5,lurching,trial18,right,0.27105052125100243,25.0,0.8293153326904532,0.4921418949259093,Severe flat foot,subject5_lurching_trial18_pressure.csv,-0.13161801962788305,1.1315435723192275,0.04564316108523472,0.5729812499169062,1.2759721666470307,within_normal_range,Normal
subject5,lurching,trial18,left,0.13305613305613306,9.0,1.3904235727440146,0.4560311284046693,Normal,subject5_lurching_trial18_pressure.csv,-1.48187824029376,-1.4916915088948786,1.7226683557668114,0.4106570253012185,2.7490602272694544,borderline,Normal
subject5,lurching,trial19,right,0.3174846625766871,26.0,0.6359223300970874,0.5873684210526315,Severe flat foot,subject5_lurching_trial19_pressure.csv,0.32273505032674454,1.295495764895109,-0.532364636114883,1.0010411751271262,1.751560084512147,within_normal_range,Normal
subject5,lurching,trial19,left,0.19635343618513323,9.0,0.7422818791946308,0.5513307984790874,Normal,subject5_lurching_trial19_pressure.csv,-0.8625209489680801,-1.4916915088948786,-0.21448008051732825,0.8390457453762076,1.9284930419606165,within_normal_range,Normal
subject5,lurching,trial1,right,0.24377283294586516,20.0,0.8604166666666667,0.47336884154460723,Mild flat foot,subject5_lurching_trial1_pressure.csv,-0.3985272607351173,0.31178260943981934,0.13859799037331896,0.4885930846311771,0.7169135083000392,within_normal_range,Normal
subject5,lurching,trial1,left,0.2647754137115839,15.0,0.8730385164051355,0.5530948324815446,Severe flat foot,subject5_lurching_trial1_pressure.csv,-0.19301927080711306,-0.5079783534395889,0.17632183490797898,0.8469753873979615,1.02164335400831,within_normal_range,Normal
subject5,lurching,trial20,right,0.16229508196721312,15.0,0.7092511013215859,0.45458316051430947,Normal,subject5_lurching_trial20_pressure.csv,-1.1957782754679358,-0.5079783534395889,-0.3132015797555849,0.4041481558499753,1.3961943464584707,within_normal_range,Normal
subject5,lurching,trial20,left,0.20014245014245013,9.0,1.156140350877193,0.5576158940397351,Normal,subject5_lurching_trial20_pressure.csv,-0.8254458556324873,-1.4916915088948786,1.0224489725613022,0.8672983515045642,2.168896666580528,borderline,Normal
subject5,lurching,trial2,right,0.26842105263157895,28.0,1.1249112845990064,0.5862366829830118,Severe flat foot,subject5_lurching_trial2_pressure.csv,-0.1573470867641708,1.6234001500468724,0.9291123804094911,0.995953814145436,2.1249376386676415,borderline,Normal
subject5,lurching,trial2,left,0.29286239882266374,13.0,0.5435356200527705,0.21301020408163263,Severe flat foot,subject5_lurching_trial2_pressure.csv,0.08180885235083925,-0.8358827385913521,-0.8084875467021014,-0.6817646235973617,1.3504990766968985,within_normal_range,Normal
subject5,lurching,trial3,right,0.24194952132288947,23.0,0.6015384615384616,0.5766995198382613,Mild flat foot,subject5_lurching_trial3_pressure.csv,-0.41636816851830316,0.8036391871674642,-0.635130216349333,0.9530825942394738,1.459779167569076,within_normal_range,Normal
subject5,lurching,trial3,left,0.21949404761904762,10.0,0.7140695915279879,0.43925985518905875,Mild flat foot,subject5_lurching_trial3_pressure.csv,-0.6360925593079397,-1.327739316318997,-0.298800206010492,0.3352672127105454,1.5392176919256004,within_normal_range,Normal
subject5,lurching,trial4,right,0.2471583399418451,24.0,1.0593047034764826,0.666329625884732,Mild flat foot,subject5_lurching_trial4_pressure.csv,-0.36540043954147317,0.9675913797433459,0.7330291978333618,1.3559856303092719,1.8562810654241424,within_normal_range,Normal
subject5,lurching,trial4,left,0.2868654311039484,11.0,0.6191904047976012,0.3147632311977716,Severe flat foot,subject5_lurching_trial4_pressure.csv,0.023129169349789747,-1.1637871237431152,-0.5823725637833306,-0.22436693254554815,1.3207701356907462,within_normal_range,Normal
subject5,lurching,trial5,right,0.14683053040103494,18.0,1.2923336141533277,0.536231884057971,Normal,subject5_lurching_trial5_pressure.csv,-1.3470972463579631,-0.016121775711943915,1.4294997295385599,0.7711734786796604,2.1102390655485026,borderline,Normal
subject5,lurching,trial5,left,0.2452248921749846,12.0,0.8610421836228288,0.5426765015806112,Mild flat foot,subject5_lurching_trial5_pressure.csv,-0.3843190176262598,-0.9998349311672337,0.14046751860388676,0.8001431639864494,1.3443701884333719,within_normal_range,Normal
subject5,lurching,trial6,right,0.24343675417661098,21.0,0.8870056497175142,0.642055522740697,Mild flat foot,subject5_lurching_trial6_pressure.csv,-0.4018157552823987,0.47573480201570095,0.2180664267537509,1.2468692821758398,1.410679083403779,within_normal_range,Normal
subject5,lurching,trial6,left,0.19477124183006536,9.0,0.9567164179104478,0.5453216374269005,Normal,subject5_lurching_trial6_pressure.csv,-0.8780025502632962,-1.4916915088948786,0.4264160931015438,0.8120335132261844,1.958892837047595,within_normal_range,Normal
subject5,lurching,trial7,right,0.2861454046639232,30.0,1.471243042671614,0.5007756748371083,Severe flat foot,subject5_lurching_trial7_pressure.csv,0.01608378821138581,1.9513045351986356,1.9642194106514386,0.6117916038528588,2.835541383414238,borderline,Normal
subject5,lurching,trial7,left,0.30580357142857145,11.0,0.6854304635761589,0.5135356849876949,Severe flat foot,subject5_lurching_trial7_pressure.csv,0.2084368319890564,-1.1637871237431152,-0.38439606025127443,0.6691500859156524,1.411867044355641,within_normal_range,Normal
subject5,lurching,trial8,right,0.16549789621318373,16.0,1.3462230215827338,0.5803310613437196,Normal,subject5_lurching_trial8_pressure.csv,-1.1644390831494116,-0.3440261608637072,1.5905629389773444,0.9694070098036374,2.2234911268608966,borderline,Normal
subject5,lurching,trial8,left,0.24492753623188407,10.0,0.5751724137931035,0.5945945945945945,Mild flat foot,subject5_lurching_trial8_pressure.csv,-0.38722861349171095,-1.327739316318997,-0.7139323496933776,1.033524091723416,1.8683439563734965,within_normal_range,Normal
subject5,lurching,trial9,right,0.2655134541460736,26.0,1.1950113378684808,0.6577111857401188,Severe flat foot,subject5_lurching_trial9_pressure.csv,-0.18579762467374225,1.295495764895109,1.1386255315088358,1.3172442313127097,2.1781713661064317,borderline,Normal
subject5,lurching,trial9,left,0.20905707196029777,11.0,1.4469565217391305,0.47247706422018354,Normal,subject5_lurching_trial9_pressure.csv,-0.7382172416259408,-1.1637871237431152,1.8916325110346217,0.48458438925685476,2.3900754700089855,borderline,Normal
subject5,normal,trial10,right,0.17958656330749354,13.0,0.7490683229813665,0.6117969821673526,Normal,subject5_normal_trial10_pressure.csv,-1.0265829935757769,-0.8358827385913521,-0.19419694011725225,1.1108518389105064,1.7390448110775465,within_normal_range,Normal
subject5,normal,trial10,left,0.23076923076923078,12.0,0.8051075268817204,0.5067290813341135,Mild flat foot,subject5_normal_trial10_pressure.csv,-0.5257661069965947,-0.9998349311672337,-0.026708476889870974,0.6385532095052883,1.2979073283389007,within_normal_range,Normal
subject5,normal,trial11,left,0.1627450980392157,9.0,0.6042553191489362,0.6089926010244735,Normal,subject5_normal_trial11_pressure.csv,-1.1913749166891185,-1.4916915088948786,-0.6270101455004476,1.0982456541518155,2.2899351495727833,borderline,Normal
subject5,normal,trial11,right,0.21191604603926878,13.0,0.736,0.49164086687306496,Mild flat foot,subject5_normal_trial11_pressure.csv,-0.7102424882954069,-0.8358827385913521,-0.23325519185473498,0.5707290410046187,1.2582861231167857,within_normal_range,Normal
subject5,normal,trial12,left,0.18626784500339905,9.0,0.5802047781569966,0.5561719833564494,Normal,subject5_normal_trial12_pressure.csv,-0.9612073720374246,-1.4916915088948786,-0.6988917546269767,0.8608077199102223,2.0924872245991804,borderline,Normal
subject5,normal,trial12,right,0.2729948491537896,15.0,1.0957264957264958,0.40944881889763785,Severe flat foot,subject5_normal_trial12_pressure.csv,-0.11259298058530404,-0.5079783534395889,0.8418856695060998,0.2012613796261455,1.0099489146927343,within_normal_range,Normal
subject5,normal,trial13,left,0.26430348258706465,13.0,0.7965194109772423,0.4765138653084323,Severe flat foot,subject5_normal_trial13_pressure.csv,-0.19763706601362982,-0.8358827385913521,-0.05237640638825162,0.5027305176751569,0.9966150831115959,within_normal_range,Normal
subject5,normal,trial13,right,0.2049062049062049,12.0,0.8398835516739447,0.524547803617571,Normal,subject5_normal_trial13_pressure.csv,-0.7788330285266327,-0.9998349311672337,0.07722916933301154,0.7186514892414225,1.458997972408096,within_normal_range,Normal
subject5,normal,trial14,left,0.26267605633802815,13.0,0.6453804347826086,0.4883381924198251,Severe flat foot,subject5_normal_trial14_pressure.csv,-0.2135612565179446,-0.8358827385913521,-0.5040965075804653,0.5558829404804201,1.1434279581296245,within_normal_range,Normal
subject5,normal,trial14,right,0.16151202749140894,9.0,0.512987012987013,0.4882154882154882,Normal,subject5_normal_trial14_pressure.csv,-1.2034403791456567,-1.4916915088948786,-0.8997904006876579,0.5553313635756663,2.1889330717058906,borderline,Normal
subject5,normal,trial15,left,0.22590361445783133,13.0,0.6384180790960452,0.4720496894409938,Mild flat foot,subject5_normal_trial15_pressure.csv,-0.5733756383713638,-0.8358827385913521,-0.5249054087286411,0.4826632647187901,1.2393341319330837,within_normal_range,Normal
subject5,normal,trial15,right,0.17387820512820512,12.0,0.8292682926829268,0.4100486223662885,Normal,subject5_normal_trial15_pressure.csv,-1.0824386633289649,-0.9998349311672337,0.04550256917774056,0.20395760134476357,1.4882918182935991,within_normal_range,Normal
subject5,normal,trial16,right,0.21986754966887417,14.0,0.5502283105022832,0.4853333333333333,Mild flat foot,subject5_normal_trial16_pressure.csv,-0.6324378819923248,-0.6719305460154704,-0.7884846137511147,0.5423755722275946,1.3294162556246412,within_normal_range,Normal
subject5,normal,trial16,left,0.21915708812260537,9.0,0.4839901477832512,0.6049631120053656,Mild flat foot,subject5_normal_trial16_pressure.csv,-0.6393896716758649,-1.4916915088948786,-0.9864554503915299,1.0801323947658816,2.184889712499165,borderline,Normal
subject5,normal,trial17,left,0.22518518518518518,10.0,0.45261984392419174,0.5895788722341184,Mild flat foot,subject5_normal_trial17_pressure.csv,-0.5804053913990459,-1.327739316318997,-1.080214169620885,1.0109775406117703,2.0709177555700946,borderline,Normal
subject5,normal,trial17,right,0.2275618374558304,13.0,0.7635036496350365,0.5320261437908497,Mild flat foot,subject5_normal_trial17_pressure.csv,-0.5571501049965604,-0.8358827385913521,-0.15105302462359954,0.752267939042503,1.2640570637957171,within_normal_range,Normal
subject5,normal,trial18,left,0.23560555923229648,11.0,0.7321668909825033,0.44060773480662985,Mild flat foot,subject5_normal_trial18_pressure.csv,-0.4784431540622336,-1.1637871237431152,-0.24471148484321337,0.3413261678332185,1.3265351803556407,within_normal_range,Normal
subject5,normal,trial18,right,0.1991111111111111,12.0,1.3752665245202558,0.38144329896907214,Normal,subject5_normal_trial18_pressure.csv,-0.835537396935389,-0.9998349311672337,1.6773673782837133,0.07537165904406593,2.1253317011650643,borderline,Normal
subject5,normal,trial19,left,0.23144654088050315,11.0,0.672289156626506,0.48473034437946716,Mild flat foot,subject5_normal_trial19_pressure.csv,-0.5191387005326856,-1.1637871237431152,-0.4236724445073821,0.5396650311946156,1.4472878586895506,within_normal_range,Normal
subject5,normal,trial19,right,0.1274658573596358,6.0,0.65625,0.531082118188795,Normal,subject5_normal_trial19_pressure.csv,-1.5365784856753046,-1.9835480866225235,-0.4716098438254298,0.7480243785027193,2.660355760083886,borderline,Normal
subject5,normal,trial1,right,0.28771733034212005,19.0,0.802547770700637,0.31016597510373445,Severe flat foot,subject5_normal_trial1_pressure.csv,0.031464911609789106,0.14783041686393772,-0.03435900721804611,-0.24503240444533161,0.289940154890708,within_normal_range,Normal
subject5,normal,trial1,left,0.3023027927486526,20.0,1.0749665327978581,0.3047120418848167,Severe flat foot,subject5_normal_trial1_pressure.csv,0.1741820897876968,0.31178260943981934,0.7798388514649717,-0.2695487901705096,0.8990845235507637,within_normal_range,Normal
subject5,normal,trial20,right,0.1590909090909091,11.0,0.8365650969529086,0.5006451612903227,Normal,subject5_normal_trial20_pressure.csv,-1.2271307618378906,-1.1637871237431152,0.06731106124381947,0.6112049225850614,1.79954233414974,within_normal_range,Normal
subject5,normal,trial20,left,0.25,12.0,0.6780072904009721,0.5237297599106645,Mild flat foot,subject5_normal_trial20_pressure.csv,-0.3375951020391739,-0.9998349311672337,-0.4065822402975422,0.7149742394010671,1.337960247404806,within_normal_range,Normal
subject5,normal,trial2,left,0.28001921229586935,16.0,0.8276595744680851,0.46066927422859627,Severe flat foot,subject5_normal_trial2_pressure.csv,-0.04386034406049118,-0.3440261608637072,0.04069447550730169,0.43150630370356413,0.5550959012751336,within_normal_range,Normal
subject5,normal,trial2,right,0.5517578125,20.0,0.71280276816609,0.6217948717948718,Severe flat foot,subject5_normal_trial2_pressure.csv,2.6150725812184805,0.31178260943981934,-0.302586453553232,1.155794105107645,2.891925236907983,borderline,Normal
subject5,normal,trial3,left,0.25056689342403626,15.0,0.8518987341772152,0.43569553805774275,Mild flat foot,subject5_normal_trial3_pressure.csv,-0.33204811096333176,-0.5079783534395889,0.1131398231754118,0.31924498249050925,0.6949934776607921,within_normal_range,Normal
subject5,normal,trial3,right,0.27884615384615385,15.0,1.307992202729045,0.4638052530429212,Severe flat foot,subject5_normal_trial3_pressure.csv,-0.0553385946030426,-0.5079783534395889,1.4762996973168343,0.44560307811424027,1.624539093755056,within_normal_range,Normal
subject5,normal,trial4,right,0.1807988787666433,12.0,1.5817120622568093,0.4591836734693877,Normal,subject5_normal_trial4_pressure.csv,-1.0147206174255483,-0.9998349311672337,2.294386240955803,0.4248282679109657,2.7338644993697483,borderline,Normal
subject5,normal,trial4,left,0.24394673123486682,12.0,0.75,0.6376496191512513,Mild flat foot,subject5_normal_trial4_pressure.csv,-0.3968256847134227,-0.9998349311672337,-0.1914123689382493,1.2270639733223825,1.6430049309843013,within_normal_range,Normal
subject5,normal,trial5,left,0.2677946324387398,15.0,0.7616645649432535,0.3955637707948244,Severe flat foot,subject5_normal_trial5_pressure.csv,-0.16347654085920335,-0.5079783534395889,-0.15654963141550624,0.13884565478366656,0.5731949842096689,within_normal_range,Normal
subject5,normal,trial5,right,0.1875,11.0,0.5926892950391645,0.44065484311050473,Normal,subject5_normal_trial5_pressure.csv,-0.9491508681507916,-1.1637871237431152,-0.661578366834232,0.34153792791576765,1.676192689272245,within_normal_range,Normal
subject5,normal,trial6,left,0.19319562575941676,10.0,0.7052752293577982,0.5054105665181413,Normal,subject5_normal_trial6_pressure.csv,-0.8934197837542287,-1.327739316318997,-0.325084558792684,0.6326262543125455,1.751281402320497,within_normal_range,Normal
subject5,normal,trial6,right,0.22764227642276422,12.0,0.7103746397694525,0.49765886287625416,Mild flat foot,subject5_normal_trial6_pressure.csv,-0.5563630183717853,-0.9998349311672337,-0.30984357830458875,0.5977809878078917,1.3276124623530472,within_normal_range,Normal
subject5,normal,trial7,left,0.2679521276595745,12.0,0.614321608040201,0.47346938775510206,Severe flat foot,subject5_normal_trial7_pressure.csv,-0.1619354670922197,-0.9998349311672337,-0.5969242923930633,0.4890450574699984,1.2733328960524641,within_normal_range,Normal
subject5,normal,trial7,right,0.138353765323993,6.0,0.5755494505494505,0.5088122605363985,Normal,subject5_normal_trial7_pressure.csv,-1.4300414793313807,-1.9835480866225235,-0.7128054723913179,0.6479174651365703,2.6281876507685227,borderline,Normal
subject5,normal,trial8,left,0.25286697247706424,15.0,0.8573232323232324,0.4117994100294985,Mild flat foot,subject5_normal_trial8_pressure.csv,-0.30954208524506277,-0.5079783534395889,0.12935241712788337,0.21182769874992713,0.6445628998597215,within_normal_range,Normal
subject5,normal,trial8,right,0.16019818331957061,8.0,0.790519877675841,0.4981684981684982,Normal,subject5_normal_trial8_pressure.csv,-1.2162962028106146,-1.6556437014707601,-0.07030764992482984,0.600071887769864,2.141392527146987,borderline,Normal
subject5,normal,trial9,right,0.18763636363636363,12.0,0.618020304568528,0.5609915198956295,Normal,subject5_normal_trial9_pressure.csv,-0.9478165646610937,-0.9998349311672337,-0.5858697278318772,0.882472381369824,1.737822479915158,within_normal_range,Normal
subject5,normal,trial9,left,0.25780346820809247,13.0,0.8529411764705882,0.5868073878627968,Mild flat foot,subject5_normal_trial9_pressure.csv,-0.26123900638593167,-0.8358827385913521,0.11625544662414483,0.9985192326070189,1.3332298218568233,within_normal_range,Normal
subject5,steppage,trial10,right,0.21643210346139216,20.0,0.537334263782275,0.48917748917748916,Mild flat foot,subject5_steppage_trial10_pressure.csv,-0.6660533529899554,0.31178260943981934,-0.8270219932927,0.5596557265089344,1.2401674782795826,within_normal_range,Normal
subject5,steppage,trial10,left,0.23770491803278687,14.0,0.5877777777777777,0.5885558583106267,Mild flat foot,subject5_steppage_trial10_pressure.csv,-0.45790115438900053,-0.6719305460154704,-0.6762577773356225,1.0063789137229124,1.4598928814308443,within_normal_range,Normal
subject5,steppage,trial11,right,0.21011513157894737,16.0,0.5055230669265757,0.5790118415679869,Mild flat foot,subject5_steppage_trial11_pressure.csv,-0.7278642422551405,-0.3440261608637072,-0.9220984416351636,0.9634768856932135,1.557784837467409,within_normal_range,Normal
subject5,steppage,trial11,left,0.2591160220994475,13.0,0.8422982885085575,0.5657894736842105,Mild flat foot,subject5_steppage_trial11_pressure.csv,-0.248395807976485,-0.8358827385913521,0.08444626974448426,0.9040400245826931,1.2588963295746414,within_normal_range,Normal
subject5,steppage,trial12,left,0.1960352422907489,12.0,0.9089820359281438,0.5784615384615385,Normal,subject5_steppage_trial12_pressure.csv,-0.8656344419417161,-0.9998349311672337,0.2837488579362988,0.9610031767785798,1.6592267466553838,within_normal_range,Normal
subject5,steppage,trial12,right,0.1247492980344966,17.0,0.8440944881889764,0.5450433471541651,Normal,subject5_steppage_trial12_pressure.csv,-1.5631597259836756,-0.18007396828782554,0.08981470296951394,0.8107825496745441,1.7723797524002978,within_normal_range,Normal
subject5,steppage,trial13,right,0.268,21.0,0.9448275862068966,0.5763993948562784,Severe flat foot,subject5_steppage_trial13_pressure.csv,-0.16146704139902787,0.47573480201570095,0.3908830731261441,0.9517334798428158,1.14498096089731,within_normal_range,Normal
subject5,steppage,trial13,left,0.26084538375973304,14.0,0.7948717948717948,0.5992779783393503,Severe flat foot,subject5_steppage_trial13_pressure.csv,-0.23147419045584536,-0.6719305460154704,-0.05730075702643658,1.0545767225086982,1.2729832677332518,within_normal_range,Normal
subject5,steppage,trial14,left,0.20030503304524658,14.0,0.8046958377801494,0.5851318944844125,Normal,subject5_steppage_trial14_pressure.csv,-0.823854999445666,-0.6719305460154704,-0.027938922187991048,0.9909875962089107,1.4536384412890324,within_normal_range,Normal
subject5,steppage,trial14,right,0.22155963302752293,25.0,0.43925985518905875,0.5440140845070423,Mild flat foot,subject5_steppage_trial14_pressure.csv,-0.6158810286367541,1.1315435723192275,-1.120144144107343,0.8061558336777558,1.8879381423241266,within_normal_range,Normal
subject5,steppage,trial15,right,0.15063593004769477,15.0,0.6037863421230562,0.5282861896838602,Normal,subject5_steppage_trial15_pressure.csv,-1.3098618208175803,-0.5079783534395889,-0.6284118114037189,0.7354561898330744,1.7057482842067375,within_normal_range,Normal
subject5,steppage,trial15,left,0.23628048780487804,17.0,0.9128878281622912,0.4816694867456289,Mild flat foot,subject5_steppage_trial15_pressure.csv,-0.47183905069782184,-0.18007396828782554,0.29542238456501424,0.5259059396566513,0.7867084380420557,within_normal_range,Normal
subject5,steppage,trial16,right,0.22056003068661298,21.0,0.641906096706377,0.5848460931333859,Mild flat foot,subject5_steppage_trial16_pressure.csv,-0.6256620298431886,0.47573480201570095,-0.51448051564302,0.9897028690438913,1.3645433475732585,within_normal_range,Normal
subject5,steppage,trial16,left,0.20339805825242718,14.0,0.9953650057937428,0.554880896777207,Normal,subject5_steppage_trial16_pressure.csv,-0.7935900810427879,-0.6719305460154704,0.5419279515853254,0.8550040594489033,1.4512042315889648,within_normal_range,Normal
subject5,steppage,trial17,left,0.1960093896713615,12.0,0.7540045766590389,0.5214723926380368,Normal,subject5_steppage_trial17_pressure.csv,-0.8658874070370034,-0.9998349311672337,-0.17944359808113114,0.7048269778638024,1.509440944477251,within_normal_range,Normal
subject5,steppage,trial17,right,0.4263721552878179,24.0,0.539543057996485,0.6986706056129985,Severe flat foot,subject5_steppage_trial17_pressure.csv,1.3881874347256051,0.9675913797433459,-0.8204204086381179,1.501364002563284,2.4063418184427725,borderline,Normal
subject5,steppage,trial18,right,0.27336534909493904,26.0,0.7190146266358738,0.4894117647058823,Severe flat foot,subject5_steppage_trial18_pressure.csv,-0.10896767857964056,1.295495764895109,-0.28402061827227243,0.5607088360703303,1.4440378604064743,within_normal_range,Normal
subject5,steppage,trial18,left,0.2426470588235294,18.0,0.7363445378151261,0.4692737430167597,Mild flat foot,subject5_steppage_trial18_pressure.csv,-0.40954283922877605,-0.016121775711943915,-0.23222544651285248,0.470184899004137,0.6655732462135912,within_normal_range,Normal
subject5,steppage,trial19,left,0.26025236593059936,13.0,0.6971307120085016,0.5674778761061947,Severe flat foot,subject5_steppage_trial19_pressure.csv,-0.23727680602086448,-0.8358827385913521,-0.34942667287745977,0.9116296893943395,1.3069689841973575,within_normal_range,Normal
subject5,steppage,trial19,right,0.10224839400428265,7.0,0.8431568431568431,0.6093928980526919,Normal,subject5_steppage_trial19_pressure.csv,-1.7833286476220989,-1.819595894046642,0.08701229475250873,1.1000450594533702,2.7764834873139312,borderline,Normal
subject5,steppage,trial1,right,0.26187473728457333,21.0,0.5753317720530835,0.528615115771079,Severe flat foot,subject5_steppage_trial1_pressure.csv,-0.22140207712011095,0.47573480201570095,-0.7134560640181902,0.7369347702457127,1.1521436075782596,within_normal_range,Normal
subject5,steppage,trial1,left,0.2546728971962617,13.0,0.9161290322580645,0.41332639250390424,Mild flat foot,subject5_steppage_trial1_pressure.csv,-0.2918713064420436,-0.8358827385913521,0.30510960806613074,0.21869175260527424,0.9616687411946997,within_normal_range,Normal
subject5,steppage,trial20,right,0.1699291961682632,15.0,0.6335447498238196,0.6603081438004402,Normal,subject5_steppage_trial20_pressure.csv,-1.1210792905270275,-0.5079783534395889,-0.5394706839966027,1.3289180129604405,1.889950392807776,within_normal_range,Normal
subject5,steppage,trial20,left,0.2696732627703636,17.0,0.8310160427807487,0.5932377049180328,Severe flat foot,subject5_steppage_trial20_pressure.csv,-0.14509434547205613,-0.18007396828782554,0.05072619759527146,1.0274246348063953,1.0543498140903798,within_normal_range,Normal
subject5,steppage,trial2,right,0.15410813111962537,12.0,0.8263829787234043,0.5925039872408293,Normal,subject5_steppage_trial2_pressure.csv,-1.2758867074313707,-0.9998349311672337,0.03687902053011451,1.0241264452493046,1.9177465468086465,within_normal_range,Normal
subject5,steppage,trial2,left,0.2568306010928962,12.0,0.7821011673151751,0.6132442960489706,Mild flat foot,subject5_steppage_trial2_pressure.csv,-0.2707584062892703,-0.9998349311672337,-0.0954692646967245,1.1173577684778275,1.5266246321339034,within_normal_range,Normal
subject5,steppage,trial3,right,0.2046232876712329,18.0,0.38765117759388923,0.5487646293888166,Normal,subject5_steppage_trial3_pressure.csv,-0.7816013431887044,-0.016121775711943915,-1.2743907696479628,0.827510365545211,1.7088024491365843,within_normal_range,Normal
subject5,steppage,trial3,left,0.24856486796785304,16.0,0.7285886610373945,0.5391211146838156,Mild flat foot,subject5_steppage_trial3_pressure.csv,-0.3516377143494292,-0.3440261608637072,-0.25540600212518866,0.784161076735777,0.9602832403517709,within_normal_range,Normal
subject5,steppage,trial4,right,0.2909871244635193,25.0,0.5399835119538334,0.5632364493322859,Severe flat foot,subject5_steppage_trial4_pressure.csv,0.06345949479282263,1.1315435723192275,-0.8191039917138183,0.8925637326544291,1.6589211342399124,within_normal_range,Normal
subject5,steppage,trial4,left,0.2568690095846645,11.0,0.7428198433420365,0.5223184543637576,Mild flat foot,subject5_steppage_trial4_pressure.csv,-0.27038258333553306,-1.1637871237431152,-0.2128722277633772,0.7086301736094218,1.4053392896607324,within_normal_range,Normal
subject5,steppage,trial5,right,0.23686405337781485,19.0,0.48614958448753465,0.5596291613990729,Mild flat foot,subject5_steppage_trial5_pressure.csv,-0.466128924441282,0.14783041686393772,-0.9800013841331949,0.8763483411484109,1.4026828345308504,within_normal_range,Normal
subject5,steppage,trial5,left,0.25906735751295334,12.0,0.7616511318242344,0.5850261172373767,Mild flat foot,subject5_steppage_trial5_pressure.csv,-0.2488719857121001,-0.9998349311672337,-0.1565897799598158,0.9905121089439987,1.4377905800244422,within_normal_range,Normal
subject5,steppage,trial6,right,0.22190082644628098,21.0,0.8727583262169086,0.5269048643994834,Mild flat foot,subject5_steppage_trial6_pressure.csv,-0.612542487795141,0.47573480201570095,0.17548441002019938,0.7292468905761165,1.0789474995467807,within_normal_range,Normal
subject5,steppage,trial6,left,0.2669709070165431,18.0,0.7352185089974294,0.49064906490649063,Severe flat foot,subject5_steppage_trial6_pressure.csv,-0.17153660536539744,-0.016121775711943915,-0.23559089111411996,0.566270717332597,0.6370638209133442,within_normal_range,Normal
subject5,steppage,trial7,right,0.23696145124716553,23.0,0.6989992301770592,0.5906845448129852,Mild flat foot,subject5_steppage_trial7_pressure.csv,-0.46517589678354776,0.8036391871674642,-0.3438420961029461,1.0159477326440498,1.4186619543135053,within_normal_range,Normal
subject5,steppage,trial7,left,0.28257093225246094,14.0,0.8134034165571616,0.5706638115631691,Severe flat foot,subject5_steppage_trial7_pressure.csv,-0.01889203921320038,-0.6719305460154704,-0.0019139452738574064,0.9259510276695826,1.1442187451021544,within_normal_range,Normal
subject5,steppage,trial8,right,0.25272727272727274,22.0,0.78359375,0.5460040295500336,Mild flat foot,subject5_steppage_trial8_pressure.csv,-0.31090903224521227,0.6396869945915826,-0.09100827377034305,0.8151009854219428,1.0856039792261936,within_normal_range,Normal
subject5,steppage,trial8,left,0.22743870631194574,17.0,0.9020310633213859,0.5355029585798816,Mild flat foot,subject5_steppage_trial8_pressure.csv,-0.5583549299730496,-0.18007396828782554,0.2629739782304481,0.7678968308975128,1.0015027299058776,within_normal_range,Normal
subject5,steppage,trial9,right,0.27509142624949207,23.0,0.8775100401606426,0.42351860358291227,Severe flat foot,subject5_steppage_trial9_pressure.csv,-0.09207819959371354,0.8036391871674642,0.18968620467001768,0.2645075277854071,0.8719285673086219,within_normal_range,Normal
subject5,steppage,trial9,left,0.2855369335816263,13.0,0.6056818181818182,0.5638013881473571,Severe flat foot,subject5_steppage_trial9_pressure.csv,0.010129964229132366,-0.8358827385913521,-0.6227466636130604,0.8951032316445102,1.3739817215639756,within_normal_range,Normal
subject5,stiff-legged,trial10,right,0.3008274231678487,16.0,1.2735042735042734,0.40222772277227725,Severe flat foot,subject5_stiff-legged_trial10_pressure.csv,0.1597457573991158,-0.3440261608637072,1.373223103366234,0.16880128690739768,1.4346108435551512,within_normal_range,Normal
subject5,stiff-legged,trial10,left,0.23679525222551928,14.0,0.4351297405189621,0.5678391959798995,Mild flat foot,subject5_stiff-legged_trial10_pressure.csv,-0.4668021363037057,-0.6719305460154704,-1.1324881195906027,0.9132538855548633,1.6691185978297844,within_normal_range,Normal
subject5,stiff-legged,trial11,right,0.21565430085609458,16.0,0.567238912732475,0.4556016597510374,Mild flat foot,subject5_stiff-legged_trial11_pressure.csv,-0.6736640676806174,-0.3440261608637072,-0.7376437839782083,0.40872648843054477,1.1328516980739671,within_normal_range,Normal
subject5,stiff-legged,trial11,left,0.18345323741007194,10.0,0.35694050991501414,0.5668233713901948,Normal,subject5_stiff-legged_trial11_pressure.csv,-0.9887480040860763,-1.327739316318997,-1.3661779860289778,0.9086875759814461,2.3308088098204593,borderline,Normal
subject5,stiff-legged,trial12,left,0.2915296052631579,17.0,0.7767857142857143,0.6135605779918488,Severe flat foot,subject5_stiff-legged_trial12_pressure.csv,0.06876761096920377,-0.18007396828782554,-0.111355947541912,1.118779511245527,1.1407117778865412,within_normal_range,Normal
subject5,stiff-legged,trial12,right,0.2340637450199203,13.0,0.5528673835125448,0.6327734906945075,Mild flat foot,subject5_stiff-legged_trial12_pressure.csv,-0.49352964001185745,-0.8358827385913521,-0.7805970234202536,1.2051449212745156,1.7331986188811512,within_normal_range,Normal
subject5,stiff-legged,trial13,left,0.2645308924485126,21.0,0.7214076246334311,0.5575032064985037,Severe flat foot,subject5_stiff-legged_trial13_pressure.csv,-0.19541188502100384,0.47573480201570095,-0.2768684903114656,0.8667918012560816,1.045224183756046,within_normal_range,Normal
subject5,stiff-legged,trial13,right,0.31688672689367614,16.0,0.8699186991869918,0.2524271844660194,Severe flat foot,subject5_stiff-legged_trial13_pressure.csv,0.31688431409139656,-0.3440261608637072,0.16699740923722262,-0.5045783881895942,0.7079951641047765,within_normal_range,Normal
subject5,stiff-legged,trial14,left,0.2219178082191781,15.0,0.8249286393910561,0.5948419301164726,Mild flat foot,subject5_stiff-legged_trial14_pressure.csv,-0.6123763229769966,-0.5079783534395889,0.03253233030554847,1.0346359082445402,1.3055943411527704,within_normal_range,Normal
subject5,stiff-legged,trial14,right,0.33715925394548063,17.0,1.2367256637168142,0.12857142857142856,Severe flat foot,subject5_stiff-legged_trial14_pressure.csv,0.5152488070863532,-0.18007396828782554,1.2633001850482928,-1.061331719026643,1.7378896232540013,within_normal_range,Normal
subject5,stiff-legged,trial15,left,0.18594436310395315,13.0,0.9606382978723405,0.6326852338413032,Normal,subject5_stiff-legged_trial15_pressure.csv,-0.9643726075708465,-0.8358827385913521,0.4381377022976286,1.20474819125066,1.8088939519508473,within_normal_range,Normal
subject5,stiff-legged,trial15,right,0.3568075117370892,19.0,0.881326352530541,0.24860335195530725,Severe flat foot,subject5_stiff-legged_trial15_pressure.csv,0.7075048926304449,0.14783041686393772,0.20109229629056435,-0.5217671855250515,0.9138359331763709,within_normal_range,Normal
subject5,stiff-legged,trial16,left,0.25,16.0,1.001100110011001,0.5114244044725328,Mild flat foot,subject5_stiff-legged_trial16_pressure.csv,-0.3375951020391739,-0.3440261608637072,0.5590688765974918,0.6596595099576951,0.9899662267658779,within_normal_range,Normal
subject5,stiff-legged,trial16,right,0.18634064080944351,9.0,0.9766081871345029,0.3433198380566802,Normal,subject5_stiff-legged_trial16_pressure.csv,-0.9604950729184607,-1.4916915088948786,0.4858680771828107,-0.09599997962304918,1.8420038347741479,within_normal_range,Normal
subject5,stiff-legged,trial17,left,0.274434280211844,16.0,0.6216955332725616,0.5600393700787402,Severe flat foot,subject5_stiff-legged_trial17_pressure.csv,-0.0985083027697306,-0.3440261608637072,-0.5748853032718442,0.8781923010604344,1.1089511777499383,within_normal_range,Normal
subject5,stiff-legged,trial17,right,0.17260061919504643,10.0,1.0649819494584838,0.4330651060716898,Normal,subject5_stiff-legged_trial17_pressure.csv,-1.0949397040349853,-1.327739316318997,0.7499971977103764,0.30742072967966955,1.9023112124943322,within_normal_range,Normal
subject5,stiff-legged,trial18,left,0.25526315789473686,18.0,0.8776119402985074,0.6099635479951397,Mild flat foot,subject5_stiff-legged_trial18_pressure.csv,-0.2860956691034586,-0.016121775711943915,0.18999076105743504,1.1026102309619934,1.1549703261301156,within_normal_range,Normal
subject5,stiff-legged,trial18,right,0.32089016511127066,19.0,0.4703656998738966,0.10614886731391582,Severe flat foot,subject5_stiff-legged_trial18_pressure.csv,0.3560575257112613,0.14783041686393772,-1.0271758333348162,-1.1621250618620176,1.5982038811618071,within_normal_range,Normal
subject5,stiff-legged,trial19,left,0.14961439588688946,13.0,0.6729559748427673,0.5880167208546214,Normal,subject5_stiff-legged_trial19_pressure.csv,-1.319857422518708,-0.8358827385913521,-0.42167947618306023,1.0039553963640144,1.9043275944477493,within_normal_range,Normal
subject5,stiff-legged,trial19,right,0.275243081525804,15.0,1.236,0.16117216117216115,Severe flat foot,subject5_stiff-legged_trial19_pressure.csv,-0.0905942690546764,-0.5079783534395889,1.2611313408768943,-0.9147857120842354,1.64119910039098,within_normal_range,Normal
subject5,stiff-legged,trial1,right,0.259927797833935,15.0,0.9081920903954802,0.5047672462142456,Mild flat foot,subject5_stiff-legged_trial1_pressure.csv,-0.24045266987703998,-0.5079783534395889,0.28138789000509096,0.6297344167923429,0.8897213464610715,within_normal_range,Normal
subject5,stiff-legged,trial1,left,0.2986111111111111,19.0,0.41430192962542567,0.41199478487614083,Severe flat foot,subject5_stiff-legged_trial1_pressure.csv,0.13805938271430646,0.14783041686393772,-1.1947377198017666,0.21270594292876427,1.230266744482659,within_normal_range,Normal
subject5,stiff-legged,trial20,left,0.22986081822016027,18.0,0.6962962962962963,0.5506742061765986,Mild flat foot,subject5_stiff-legged_trial20_pressure.csv,-0.5346548259148702,-0.016121775711943915,-0.3519205520834984,0.8360942478961573,1.0530989321378887,within_normal_range,Normal
subject5,stiff-legged,trial20,right,0.28697355533790403,12.0,0.6294227188081937,0.06300630063006296,Severe flat foot,subject5_stiff-legged_trial20_pressure.csv,0.024187153329501124,-0.9998349311672337,-0.5517904992711096,-1.3560584606661628,1.7730262862683437,within_normal_range,Normal
subject5,stiff-legged,trial2,left,0.2984090027163368,17.0,0.7315329626687848,0.5505661850839516,Severe flat foot,subject5_stiff-legged_trial2_pressure.csv,0.13608177384704584,-0.18007396828782554,-0.24660615271268993,0.835608674151946,0.9000007411674786,within_normal_range,Normal
subject5,stiff-legged,trial2,right,0.25316455696202533,16.0,0.8257686676427526,0.2888752304855562,Mild flat foot,subject5_stiff-legged_trial2_pressure.csv,-0.3066302531221298,-0.3440261608637072,0.035042984118447126,-0.34073803311437756,0.5742007744987315,within_normal_range,Normal
subject5,stiff-legged,trial3,left,0.23524874662553028,18.0,0.6296572280178837,0.5091169109760458,Mild flat foot,subject5_stiff-legged_trial3_pressure.csv,-0.48193452697566064,-0.016121775711943915,-0.551089604461585,0.6492869222586033,0.9786695353923284,within_normal_range,Normal
subject5,stiff-legged,trial3,right,0.3251572327044025,20.0,0.7359009628610729,0.1694290976058932,Severe flat foot,subject5_stiff-legged_trial3_pressure.csv,0.39781032236674607,0.31178260943981934,-0.2335511913880409,-0.8776693356285259,1.039380137308785,within_normal_range,Normal
subject5,stiff-legged,trial4,right,0.2591715976331361,16.0,0.7015663643858203,0.36696501220504474,Mild flat foot,subject5_stiff-legged_trial4_pressure.csv,-0.24785200736717342,-0.3440261608637072,-0.3361695145243716,0.010289222443004821,0.5412027600711142,within_normal_range,Normal
subject5,stiff-legged,trial4,left,0.22001419446415899,11.0,0.21893491124260356,0.6415525114155252,Mild flat foot,subject5_stiff-legged_trial4_pressure.csv,-0.6310029784702977,-1.1637871237431152,-1.7786454022242106,1.244608158106834,2.5426746080275526,borderline,Normal
subject5,stiff-legged,trial5,right,0.28642964446670005,18.0,0.9770408163265306,0.17436380772855797,Severe flat foot,subject5_stiff-legged_trial5_pressure.csv,0.018865044056931738,-0.016121775711943915,0.4871611076592762,-0.8554869487247865,0.9847840706437299,within_normal_range,Normal
subject5,stiff-legged,trial5,left,0.24451097804391217,15.0,0.7537634408602151,0.5021739130434782,Mild flat foot,subject5_stiff-legged_trial5_pressure.csv,-0.39130459048011446,-0.5079783534395889,-0.18016429826177463,0.618076929658489,0.9086471017057328,within_normal_range,Normal
subject5,stiff-legged,trial6,left,0.22870331514897188,14.0,0.7018683996750609,0.6904761904761905,Mild flat foot,subject5_stiff-legged_trial6_pressure.csv,-0.5459808687545049,-0.6719305460154704,-0.33526679958707,1.464528670295301,1.7340224395136448,within_normal_range,Normal
subject5,stiff-legged,trial6,right,0.23732119635890767,14.0,1.0940766550522647,0.3090252707581227,Mild flat foot,subject5_stiff-legged_trial6_pressure.csv,-0.46165582962488577,-0.6719305460154704,0.836954670136652,-0.2501600704091173,1.1948598011423501,within_normal_range,Normal
subject5,stiff-legged,trial7,left,0.2629528632645111,17.0,0.9663236669784846,0.6611451206337775,Severe flat foot,subject5_stiff-legged_trial7_pressure.csv,-0.21085273056609993,-0.18007396828782554,0.45512998034928914,1.332680370522495,1.4352929237722953,within_normal_range,Normal
subject5,stiff-legged,trial7,right,0.2687400318979266,13.0,1.1013916500994037,0.12937595129375956,Severe flat foot,subject5_stiff-legged_trial7_pressure.csv,-0.15422590901049132,-0.8358827385913521,0.858817530307538,-1.0577152483817656,1.6058688242530677,within_normal_range,Normal
subject5,stiff-legged,trial8,left,0.23084431429965838,14.0,0.7188405797101449,0.5426287744227354,Mild flat foot,subject5_stiff-legged_trial8_pressure.csv,-0.5250314227410264,-0.6719305460154704,-0.28454080503601753,0.7999286220467,1.2033278537598104,within_normal_range,Normal
subject5,stiff-legged,trial8,right,0.35276532137518685,19.0,0.8488805970149254,0.14501076812634606,Severe flat foot,subject5_stiff-legged_trial8_pressure.csv,0.66795249545377,0.14783041686393772,0.10411929611688625,-0.9874340064185098,1.2057699254786005,within_normal_range,Normal
subject5,stiff-legged,trial9,left,0.24891961970613655,16.0,0.7732718894009216,0.582830626450116,Mild flat foot,subject5_stiff-legged_trial9_pressure.csv,-0.3481665068120629,-0.3440261608637072,-0.12185797271433489,0.9806429930534963,1.1027619694037798,within_normal_range,Normal
subject5,stiff-legged,trial9,right,0.30513176144244103,14.0,0.7643312101910829,0.17183462532299743,Severe flat foot,subject5_stiff-legged_trial9_pressure.csv,0.2018632436570656,-0.6719305460154704,-0.1485796339236483,-0.8668560669253867,1.125057676828453,within_normal_range,Normal
subject5,trendelenburg,trial10,right,0.2037914691943128,18.0,0.7873042044517725,0.43323442136498513,Normal,subject5_trendelenburg_trial10_pressure.csv,-0.7897405973634032,-0.016121775711943915,-0.07991856744425704,0.3081818315987766,0.8516531814805427,within_normal_range,Normal
subject5,trendelenburg,trial10,left,0.19217491369390102,15.0,0.5410714285714285,0.5825242718446602,Normal,subject5_trendelenburg_trial10_pressure.csv,-0.9034073413415223,-0.5079783534395889,-0.8158524558296802,0.9792658754074666,1.642791440315485,within_normal_range,Normal
subject5,trendelenburg,trial11,left,0.12443584784010316,8.0,1.0630026809651474,0.4677740863787375,Normal,subject5_trendelenburg_trial11_pressure.csv,-1.5662268023639974,-1.6556437014707601,0.7440816133481726,0.46344367957270954,2.441855842207288,borderline,Normal
subject5,trendelenburg,trial11,right,0.16820903647250954,17.0,0.6669758812615956,0.6040494938132733,Normal,subject5_trendelenburg_trial11_pressure.csv,-1.137910867816163,-0.18007396828782554,-0.43955261880741586,1.0760255208633591,1.6365528416151978,within_normal_range,Normal
subject5,trendelenburg,trial12,right,0.2183742183742184,15.0,0.6133928571428572,0.6174259177355153,Mild flat foot,subject5_trendelenburg_trial12_pressure.csv,-0.6470499678157114,-0.5079783534395889,-0.5997001180595694,1.1361548908680503,1.5255175633395905,within_normal_range,Normal
subject5,trendelenburg,trial12,left,0.20485494375370042,15.0,1.077247191011236,0.21502748930971294,Normal,subject5_trendelenburg_trial12_pressure.csv,-0.7793346133808989,-0.5079783534395889,0.786655221304643,-0.6726965729293092,1.3916722184528385,within_normal_range,Normal
subject5,trendelenburg,trial13,right,0.1761633428300095,14.0,1.16,0.7222473946533756,Normal,subject5_trendelenburg_trial13_pressure.csv,-1.0600788371226044,-0.6719305460154704,1.0339845879016865,1.6073458015831357,2.286469429812919,borderline,Normal
subject5,trendelenburg,trial13,left,0.22948248823836906,15.0,1.0899328859060402,0.4709418837675351,Mild flat foot,subject5_trendelenburg_trial13_pressure.csv,-0.5383567440245873,-0.5079783534395889,0.8245698845229186,0.4776834840524542,1.2066345746739489,within_normal_range,Normal
subject5,trendelenburg,trial14,right,0.22877640494220805,16.0,1.062015503875969,0.6683937823834196,Mild flat foot,subject5_trendelenburg_trial14_pressure.csv,-0.5452656930025451,-0.3440261608637072,0.7411311650531941,1.3652643755537912,1.6819307043673217,within_normal_range,Normal
subject5,trendelenburg,trial14,left,0.15876398508257858,11.0,1.1194209891435465,0.4711807498601007,Normal,subject5_trendelenburg_trial14_pressure.csv,-1.230329678035888,-1.1637871237431152,0.9127031332307772,0.47875722900438944,1.9825102975216558,within_normal_range,Normal
subject5,trendelenburg,trial15,right,0.13616792249730894,11.0,1.150753768844221,0.48588235294117643,Normal,subject5_trendelenburg_trial15_pressure.csv,-1.4514297158829383,-1.1637871237431152,1.0063497012662475,0.5448435115910398,2.184180135176543,borderline,Normal
subject5,trendelenburg,trial15,left,0.29506378258458127,16.0,1.4570895522388059,0.4034613304488913,Severe flat foot,subject5_trendelenburg_trial15_pressure.csv,0.10334915527924166,-0.3440261608637072,1.9219178396635694,0.17434656962712497,1.962956941966222,within_normal_range,Normal
subject5,trendelenburg,trial16,right,0.2115677321156773,18.0,1.3867713004484306,0.6060078363082282,Mild flat foot,subject5_trendelenburg_trial16_pressure.csv,-0.7136507025096361,-0.016121775711943915,1.7117525427020321,1.084828613615171,2.1486058561796972,borderline,Normal
subject5,trendelenburg,trial16,left,0.23119777158774374,14.0,0.6637362637362637,0.4949071300179748,Mild flat foot,subject5_trendelenburg_trial16_pressure.csv,-0.521572881259382,-0.6719305460154704,-0.44923510040953046,0.5854114663160958,1.1260762360818133,within_normal_range,Normal
subject5,trendelenburg,trial17,right,0.2997245179063361,18.0,0.7972789115646258,0.535423197492163,Severe flat foot,subject5_trendelenburg_trial17_pressure.csv,0.14895394824466957,-0.016121775711943915,-0.05010643148947629,0.7675382908285612,0.7836280193525628,within_normal_range,Normal
subject5,trendelenburg,trial17,left,0.2304751501911524,18.0,0.9749058971141782,0.24649859943977592,Mild flat foot,subject5_trendelenburg_trial17_pressure.csv,-0.5286436537681991,-0.016121775711943915,0.4807803186204572,-0.5312284169805119,0.8905489150529052,within_normal_range,Normal
subject5,trendelenburg,trial18,left,0.2445874780573435,11.0,0.9436813186813187,0.495929868503444,Mild flat foot,subject5_trendelenburg_trial18_pressure.csv,-0.39055604609096983,-1.1637871237431152,0.3874571396198817,0.5900088550627667,1.416039539922308,within_normal_range,Normal
subject5,trendelenburg,trial18,right,0.11892177589852009,9.0,1.3688524590163935,0.5829504849412965,Normal,subject5_trendelenburg_trial18_pressure.csv,-1.6201814022140677,-1.4916915088948786,1.6581971920656526,0.9811817779788466,2.926169329174504,borderline,Normal
subject5,trendelenburg,trial19,right,0.2502078137988362,16.0,0.8921658986175115,0.45197740112994356,Mild flat foot,subject5_trendelenburg_trial19_pressure.csv,-0.3355616664078803,-0.3440261608637072,0.23348923967714935,0.39243481070806435,0.6629313214968369,within_normal_range,Normal
subject5,trendelenburg,trial19,left,0.19036827195467423,12.0,1.0051150895140666,0.5882352941176471,Normal,subject5_trendelenburg_trial19_pressure.csv,-0.9210851361082754,-0.9998349311672337,0.5710687391946411,1.004937921490461,1.7844011456162856,within_normal_range,Normal
subject5,trendelenburg,trial1,right,0.22061191626409019,19.0,0.8731277533039647,0.6282722513089005,Mild flat foot,subject5_trendelenburg_trial1_pressure.csv,-0.6251543350578411,0.14783041686393772,0.17658854374764527,1.184911061307891,1.3593636422181092,within_normal_range,Normal
subject5,trendelenburg,trial1,left,0.25533211456429006,12.0,0.7211538461538461,0.5244055068836044,Mild flat foot,subject5_trendelenburg_trial1_pressure.csv,-0.2854209355214248,-0.9998349311672337,-0.27762697659584334,0.7180118404820176,1.2937359627150493,within_normal_range,Normal
subject5,trendelenburg,trial20,right,0.22839774207555363,16.0,0.7977422389463782,0.6352072219942553,Mild flat foot,subject5_trendelenburg_trial20_pressure.csv,-0.5489708683547829,-0.3440261608637072,-0.04872165109040321,1.2160849700248548,1.3787528666393236,within_normal_range,Normal
subject5,trendelenburg,trial20,left,0.16841455891425047,10.0,1.0472972972972974,0.5436241610738255,Normal,subject5_trendelenburg_trial20_pressure.csv,-1.1358998528671709,-1.327739316318997,0.6971417856589358,0.8044030595039047,2.046028132576351,borderline,Normal
subject5,trendelenburg,trial2,right,0.239450441609421,15.0,0.6594948550046773,0.6445623342175066,Mild flat foot,subject5_trendelenburg_trial2_pressure.csv,-0.4408213942582105,-0.5079783534395889,-0.46191170858611663,1.2581378391307716,1.4995461840105295,within_normal_range,Normal
subject5,trendelenburg,trial2,left,0.20451527224435592,11.0,0.995475113122172,0.5454545454545454,Normal,subject5_trendelenburg_trial2_pressure.csv,-0.7826582625028744,-1.1637871237431152,0.5422570374028447,0.8126309581051228,1.70920045458046,within_normal_range,Normal
subject5,trendelenburg,trial3,right,0.28074534161490683,19.0,0.8863858961802155,0.5967885816235504,Severe flat foot,subject5_trendelenburg_trial3_pressure.csv,-0.036755246908489976,0.14783041686393772,0.21621412407424695,1.0433864479567758,1.076386829887156,within_normal_range,Normal
subject5,trendelenburg,trial3,left,0.2202562538133008,11.0,0.9688385269121813,0.5265562535693888,Mild flat foot,subject5_trendelenburg_trial3_pressure.csv,-0.6286344538189553,-1.1637871237431152,0.4626463259825346,0.7276798237941239,1.5789684274299831,within_normal_range,Normal
subject5,trendelenburg,trial4,right,0.2743002544529262,16.0,1.0059880239520957,0.5727190605239385,Severe flat foot,subject5_trendelenburg_trial4_pressure.csv,-0.09981973038050926,-0.3440261608637072,0.5736777421309379,0.9351897319699428,1.15412476124998,within_normal_range,Normal
subject5,trendelenburg,trial4,left,0.261406333870102,14.0,1.0527045769764216,0.5227138643067847,Severe flat foot,subject5_trendelenburg_trial4_pressure.csv,-0.22598535406389217,-0.6719305460154704,0.7133029175213292,0.7104076106064863,1.2312757872516167,within_normal_range,Normal
subject5,trendelenburg,trial5,right,0.24760244115082825,19.0,0.8735868448098664,0.5459882583170255,Mild flat foot,subject5_trendelenburg_trial5_pressure.csv,-0.36105495706002066,0.14783041686393772,0.177960664075067,0.8150300909653609,0.920955243920584,within_normal_range,Normal
subject5,trendelenburg,trial5,left,0.2021640091116173,12.0,0.966711051930759,0.5480349344978166,Normal,subject5_trendelenburg_trial5_pressure.csv,-0.8056651189264259,-0.9998349311672337,0.4562877860606127,0.8242302591171753,1.5925828823610344,within_normal_range,Normal
subject5,trendelenburg,trial6,right,0.21393961982855014,22.0,0.9898336414048059,0.6402640264026402,Mild flat foot,subject5_trendelenburg_trial6_pressure.csv,-0.6904420367916092,0.6396869945915826,0.5253959586844082,1.238816192142266,1.6421376703962216,within_normal_range,Normal
subject5,trendelenburg,trial6,left,0.2211779448621554,13.0,0.9614791987673343,0.37166900420757365,Mild flat foot,subject5_trendelenburg_trial6_pressure.csv,-0.6196158062109475,-0.8358827385913521,0.4406509642433103,0.03143449095896878,1.1303915690997655,within_normal_range,Normal
subject5,trendelenburg,trial7,right,0.2020790020790021,16.0,0.9990079365079365,0.7293082766893243,Normal,subject5_trendelenburg_trial7_pressure.csv,-0.8064969035817198,-0.3440261608637072,0.5528158447832565,1.6390857038893925,1.9393294093019715,within_normal_range,Normal
subject5,trendelenburg,trial7,left,0.2832125603864734,14.0,0.8489010989010989,0.5176621708413616,Severe flat foot,subject5_trendelenburg_trial7_pressure.csv,-0.01261377705232413,-0.6719305460154704,0.10418057160207289,0.6876993630734791,0.9671782521909689,within_normal_range,Normal
subject5,trendelenburg,trial8,right,0.2148203592814371,19.0,0.517438173747622,0.5326170376055257,Mild flat foot,subject5_trendelenburg_trial8_pressure.csv,-0.6818240961379289,0.14783041686393772,-0.8864868912963028,0.7549241103049179,1.3573899038169999,within_normal_range,Normal
subject5,trendelenburg,trial8,left,0.20024345709068778,11.0,1.1993817619783618,0.35009797517962116,Normal,subject5_trendelenburg_trial8_pressure.csv,-0.8244575135266942,-1.1637871237431152,1.1516877373730994,-0.06553106525721764,1.8343417418600623,within_normal_range,Normal
subject5,trendelenburg,trial9,left,0.15326340326340326,10.0,0.9911727616645649,0.5635179153094463,Normal,subject5_trendelenburg_trial9_pressure.csv,-1.2841522784916546,-1.327739316318997,0.5293982852481922,0.8938289715540626,2.119228996891951,borderline,Normal
subject5,trendelenburg,trial9,right,0.20357007216103304,22.0,1.056640625,0.5798764342453663,Normal,subject5_trendelenburg_trial9_pressure.csv,-0.791906943480239,0.6396869945915826,0.7250668718385702,0.9673633813144421,1.5804524473478176,within_normal_range,Normal
subject6,antalgic,trial10,right,0.24932395889670092,15.0,0.7673160173160173,0.25692454632282713,Mild flat foot,subject6_antalgic_trial10_pressure.csv,-0.34421009139679015,-0.5079783534395889,-0.13965872278304148,-0.48436195839453344,0.7941244613860983,within_normal_range,Normal
subject6,antalgic,trial10,left,0.19759277833500502,10.0,1.1647331786542923,0.062385321100917435,Normal,subject6_antalgic_trial10_pressure.csv,-0.8503941195610519,-1.327739316318997,1.048130984777661,-1.3588498724882152,2.3304749275406254,borderline,Normal
subject6,antalgic,trial11,right,0.31799884991374355,19.0,0.8514056224899599,0.12561983471074378,Severe flat foot,subject6_antalgic_trial11_pressure.csv,0.32776631802015965,0.14783041686393772,0.11166602424627801,-1.0745996507537157,1.1386475757448553,within_normal_range,Normal
subject6,antalgic,trial11,left,0.3775700934579439,12.0,0.12794612794612795,0.7858472998137802,Severe flat foot,subject6_antalgic_trial11_pressure.csv,0.9106645177624829,-0.9998349311672337,-2.05059022699999,1.8932385223793444,3.1013307039370623,outside_normal_range,Normal
subject6,antalgic,trial12,right,0.2654911838790932,19.0,1.2095357590966123,0.159965034965035,Severe flat foot,subject6_antalgic_trial12_pressure.csv,-0.18601553683669733,0.14783041686393772,1.182035730466918,-0.9202119559572304,1.5167248016967028,within_normal_range,Normal
subject6,antalgic,trial12,left,0.32386363636363635,13.0,1.1456953642384107,0.11820330969267134,Severe flat foot,subject6_antalgic_trial12_pressure.csv,0.38515262154728325,-0.8358827385913521,0.9912312778261859,-1.1079382305978558,1.748459054001827,within_normal_range,Normal
subject6,antalgic,trial13,right,0.2717788210745957,20.0,0.6930379746835443,0.11094452773613195,Severe flat foot,subject6_antalgic_trial13_pressure.csv,-0.12449168432265822,0.31178260943981934,-0.3616589359583083,-1.1405677277329151,1.2427383081400991,within_normal_range,Normal
subject6,antalgic,trial13,left,0.19773519163763068,12.0,0.7322314049586777,0.11450980392156862,Normal,subject6_antalgic_trial13_pressure.csv,-0.8490006207387845,-0.9998349311672337,-0.24451866720887752,-1.124541186396514,1.7449510600910025,within_normal_range,Normal
subject6,antalgic,trial14,right,0.31632080762759396,20.0,0.6024844720496895,0.16924664602683182,Severe flat foot,subject6_antalgic_trial14_pressure.csv,0.31134685504617715,0.31178260943981934,-0.6323028056137299,-0.8784894874545368,1.168629914580051,within_normal_range,Normal
subject6,antalgic,trial14,left,0.26549963530269877,13.0,0.8587479935794543,0.08130081300813008,Severe flat foot,subject6_antalgic_trial14_pressure.csv,-0.185932840567292,-0.8358827385913521,0.13361070519519508,-1.2738214210634413,1.5406958840664315,within_normal_range,Normal
subject6,antalgic,trial15,right,0.32867132867132864,23.0,0.8844953173777316,0.31319554848966613,Severe flat foot,subject6_antalgic_trial15_pressure.csv,0.43219537278663833,0.8036391871674642,0.21056361307124732,-0.2314139410848702,0.9646337287734725,within_normal_range,Normal
subject6,antalgic,trial15,left,0.26997476871320436,12.0,1.4154929577464788,0.1466666666666666,Severe flat foot,subject6_antalgic_trial15_pressure.csv,-0.1421441423062769,-0.9998349311672337,1.7975950584299047,-0.9799904522518685,2.2828938055394974,borderline,Normal
subject6,antalgic,trial16,right,0.3272896327289633,24.0,1.057919621749409,0.15350488021295472,Severe flat foot,subject6_antalgic_trial16_pressure.csv,0.41867562685757326,0.9675913797433459,0.7288895028740185,-0.949251483833549,1.5949547472070618,within_normal_range,Normal
subject6,antalgic,trial16,left,0.35847647498132934,15.0,0.8874773139745916,0.10131578947368425,Severe flat foot,subject6_antalgic_trial16_pressure.csv,0.7238355181575397,-0.5079783534395889,0.21947612418124574,-1.1838505938432178,1.493871434407309,within_normal_range,Normal
subject6,antalgic,trial17,right,0.1795204147764096,14.0,0.5204918032786885,0.32595116411130043,Normal,subject6_antalgic_trial17_pressure.csv,-1.027230249825444,-0.6719305460154704,-0.8773602856019481,-0.17407521319994243,1.5188008083442772,within_normal_range,Normal
subject6,antalgic,trial17,left,0.4344059405940594,14.0,1.146788990825688,0.3316195372750642,Severe flat foot,subject6_antalgic_trial17_pressure.csv,1.4667971583693615,-0.6719305460154704,0.9944998795139152,-0.14859488233797838,1.9010773292739334,within_normal_range,Normal
subject6,antalgic,trial18,right,0.3064949006977992,20.0,0.8803827751196173,0.19318712085860945,Severe flat foot,subject6_antalgic_trial18_pressure.csv,0.21520141440310397,0.31178260943981934,0.19827215753961586,-0.7708728570594463,0.8815196279814801,within_normal_range,Normal
subject6,antalgic,trial18,left,0.305111821086262,14.0,0.9567779960707269,0.11611030478955009,Severe flat foot,subject6_antalgic_trial18_pressure.csv,0.20166812942027193,-0.6719305460154704,0.4266001362484067,-1.117346654476539,1.3865828195998944,within_normal_range,Normal
subject6,antalgic,trial19,right,0.3082085699535364,21.0,0.9441860465116279,0.21154693697664173,Severe flat foot,subject6_antalgic_trial19_pressure.csv,0.23196948343597243,0.47573480201570095,0.38896565656449955,-0.6883422656998515,0.9514424837213898,within_normal_range,Normal
subject6,antalgic,trial19,left,0.26973684210526316,14.0,0.964406779661017,0.06433949349760437,Severe flat foot,subject6_antalgic_trial19_pressure.csv,-0.14447222853024197,-0.6719305460154704,0.44940083916531376,-1.3500655250590072,1.5801901530133908,within_normal_range,Normal
subject6,antalgic,trial1,right,0.3495702005730659,21.0,1.0389048991354466,0.3218908272369162,Severe flat foot,subject6_antalgic_trial1_pressure.csv,0.6366885826544064,0.47573480201570095,0.6720588120781529,-0.19232713910202023,1.058465270312853,within_normal_range,Normal
subject6,antalgic,trial1,left,0.3426294820717131,16.0,1.33,0.7996164908916586,Severe flat foot,subject6_antalgic_trial1_pressure.csv,0.568774399927048,-0.3440261608637072,1.5420760090304408,1.9551334495885804,2.577286080492111,borderline,Normal
subject6,antalgic,trial20,right,0.2797720797720798,20.0,0.8082191780821918,0.1456058242329693,Severe flat foot,subject6_antalgic_trial20_pressure.csv,-0.046278509179166635,0.31178260943981934,-0.01740845759278561,-0.9847591249242708,1.034119763121431,within_normal_range,Normal
subject6,antalgic,trial20,left,0.2634584013050571,13.0,1.4790123456790123,0.08741522230595333,Severe flat foot,subject6_antalgic_trial20_pressure.csv,-0.2059060953071453,-0.8358827385913521,1.9874400942173729,-1.2463360796025138,2.4988735510588245,borderline,Normal
subject6,antalgic,trial2,right,0.31486880466472306,20.0,0.7585470085470085,0.14905660377358487,Severe flat foot,subject6_antalgic_trial2_pressure.csv,0.2971391624964995,0.31178260943981934,-0.165867300002666,-0.9692472660740681,1.073523312015372,within_normal_range,Normal
subject6,antalgic,trial2,left,0.3260643821391485,10.0,0.8677685950413223,0.15120967741935487,Severe flat foot,subject6_antalgic_trial2_pressure.csv,0.40668668184744716,-1.327739316318997,0.16057123587870467,-0.9595688226689822,1.6955356665435486,within_normal_range,Normal
subject6,antalgic,trial3,right,0.14150943396226415,11.0,0.8804780876494024,0.14649286157666042,Normal,subject6_antalgic_trial3_pressure.csv,-1.3991636017046236,-1.1637871237431152,0.19855702506143877,-0.9807717365941137,2.076872009833155,borderline,Normal
subject6,antalgic,trial3,left,0.26595744680851063,14.0,1.4608695652173913,0.09252669039145911,Severe flat foot,subject6_antalgic_trial3_pressure.csv,-0.1814532043085482,-0.6719305460154704,1.933215440641067,-1.2233591346755892,2.391306219694527,borderline,Normal
subject6,antalgic,trial4,right,0.2957950700821653,20.0,0.9638854296388543,0.12918892666342885,Severe flat foot,subject6_antalgic_trial4_pressure.csv,0.11050472465256747,0.31178260943981934,0.4478426422613952,-1.0585559568747467,1.1960449137813853,within_normal_range,Normal
subject6,antalgic,trial4,left,0.21585482330468003,11.0,0.6972972972972973,0.05821917808219179,Mild flat foot,subject6_antalgic_trial4_pressure.csv,-0.6717019771259413,-1.1637871237431152,-0.34892878725320486,-1.3775774155536589,1.9557747441570723,within_normal_range,Normal
subject6,antalgic,trial5,right,0.3085745494265429,19.0,0.8858560794044665,0.1515587529976019,Severe flat foot,subject6_antalgic_trial5_pressure.csv,0.23555055314790213,0.14783041686393772,0.21463062196525798,-0.9579996667625882,1.020376185845628,within_normal_range,Normal
subject6,antalgic,trial5,left,0.22797927461139897,11.0,1.0626262626262626,0.0593900481540931,Mild flat foot,subject6_antalgic_trial5_pressure.csv,-0.5530655274049252,-1.1637871237431152,0.7429565843555672,-1.3723141493630808,2.0237372748885583,borderline,Normal
subject6,antalgic,trial6,right,0.26091319618665326,20.0,0.8588621444201313,0.15944881889763785,Severe flat foot,subject6_antalgic_trial6_pressure.csv,-0.23081065316469201,0.31178260943981934,0.1339518761532105,-0.9225324376569227,1.009698547497026,within_normal_range,Normal
subject6,antalgic,trial6,left,0.26419558359621453,10.0,0.8734177215189873,0.09336250911743249,Severe flat foot,subject6_antalgic_trial6_pressure.csv,-0.19869284601382206,-1.327739316318997,0.17745519293854523,-1.219601983009116,1.8224406387086889,within_normal_range,Normal
subject6,antalgic,trial7,right,0.23982637004883342,17.0,1.0659630606860158,0.1281366791243994,Mild flat foot,subject6_antalgic_trial7_pressure.csv,-0.4371429749819224,-0.18007396828782554,0.7529295165214476,-1.0632859939891972,1.386001650970801,within_normal_range,Normal
subject6,antalgic,trial7,left,0.2403035413153457,11.0,0.973384030418251,0.08853754940711467,Mild flat foot,subject6_antalgic_trial7_pressure.csv,-0.43247390555058846,-1.1637871237431152,0.4762318044304443,-1.2412910225734963,1.8190751173728603,within_normal_range,Normal
subject6,antalgic,trial8,right,0.21912832929782083,16.0,0.9880159786950732,0.20592991913746628,Mild flat foot,subject6_antalgic_trial8_pressure.csv,-0.6396710736778422,-0.3440261608637072,0.5199633773354622,-0.7135917453767878,1.1432883165233412,within_normal_range,Normal
subject6,antalgic,trial8,left,0.28558951965065504,12.0,0.7784552845528455,0.11291702309666385,Severe flat foot,subject6_antalgic_trial8_pressure.csv,0.010644513248839159,-0.9998349311672337,-0.10636598089661192,-1.131701015369774,1.51388378197455,within_normal_range,Normal
subject6,antalgic,trial9,left,0.3173943173943174,15.0,1.146067415730337,0.0680628272251309,Severe flat foot,subject6_antalgic_trial9_pressure.csv,0.3218510324512468,-0.5079783534395889,0.9923432553042207,-1.3333284873683038,1.7675237158886317,within_normal_range,Normal
subject6,antalgic,trial9,right,0.28278041074249605,15.0,0.9875259875259875,0.19025875190258756,Severe flat foot,subject6_antalgic_trial9_pressure.csv,-0.016842314757883167,-0.5079783534395889,0.5184989049269841,-0.7840363887694506,1.0685877804161539,within_normal_range,Normal
subject6,lurching,trial10,right,0.3602015113350126,31.0,0.5851851851851851,0.18639222412807321,Severe flat foot,subject6_lurching_trial10_pressure.csv,0.7407148130190941,2.115256727774517,-0.6840064482460828,-0.8014171087988605,2.476510379978048,borderline,Normal
subject6,lurching,trial10,left,0.231748158070998,15.0,1.0417335473515248,0.08549222797927458,Mild flat foot,subject6_lurching_trial10_pressure.csv,-0.5161874088205974,-0.5079783534395889,0.6805129996780381,-1.2549802761424818,1.6008013258445222,within_normal_range,Normal
subject6,lurching,trial11,right,0.27115384615384613,30.0,0.6526243093922652,0.2121705174096974,Severe flat foot,subject6_lurching_trial11_pressure.csv,-0.13060699658601121,1.9513045351986356,-0.4824462102575306,-0.6855391623588649,2.1277607632352677,borderline,Normal
subject6,lurching,trial11,left,0.17595628415300546,7.0,0.8978102189781022,0.07800650054171177,Normal,subject6_lurching_trial11_pressure.csv,-1.0621048839681286,-1.819595894046642,0.2503588323437287,-1.288629932991279,2.482386483067045,borderline,Normal
subject6,lurching,trial12,right,0.3395973154362416,31.0,0.8858885017421603,0.1636764242996538,Severe flat foot,subject6_lurching_trial12_pressure.csv,0.5391049760913063,2.115256727774517,0.21472752497487638,-0.9035286104061306,2.3722177512711675,borderline,Normal
subject6,lurching,trial12,left,0.3019145802650957,15.0,0.59254327563249,0.11706102117061024,Severe flat foot,subject6_lurching_trial12_pressure.csv,0.1703834724629649,-0.5079783534395889,-0.6620147857039356,-1.1130730177124384,1.401523333555969,within_normal_range,Normal
subject6,lurching,trial13,right,0.26975476839237056,30.0,0.6796482412060302,0.13085199185809826,Severe flat foot,subject6_lurching_trial13_pressure.csv,-0.14429682174231398,1.9513045351986356,-0.40167781072963427,-1.051080187340714,2.2571055769955555,borderline,Normal
subject6,lurching,trial13,left,0.27398119122257053,15.0,0.6887686062246279,0.07086133170433717,Severe flat foot,subject6_lurching_trial13_pressure.csv,-0.10294172971296077,-0.5079783534395889,-0.3744191094148561,-1.3207487192428198,1.4673806105288616,within_normal_range,Normal
subject6,lurching,trial14,right,0.24646693046919163,30.0,0.7667493796526055,0.13614893025840513,Mild flat foot,subject6_lurching_trial14_pressure.csv,-0.37216580673739996,1.9513045351986356,-0.14135227416932372,-1.0272695208415377,2.2408391086051016,borderline,Normal
subject6,lurching,trial14,left,0.26666666666666666,14.0,0.9901768172888016,0.1178225205070843,Severe flat foot,subject6_lurching_trial14_pressure.csv,-0.17451356440940924,-0.6719305460154704,0.5264216335232111,-1.1096499447276595,1.4108112485045152,within_normal_range,Normal
subject6,lurching,trial15,right,0.28860190903986527,34.0,0.6975235849056604,0.11261505143475903,Severe flat foot,subject6_lurching_trial15_pressure.csv,0.04012041886075862,2.6071133055021622,-0.34825246494428125,-1.1330584309163474,2.8642190249606188,borderline,Normal
subject6,lurching,trial15,left,0.3299373040752351,15.0,0.5965166908563135,0.09730440499671267,Severe flat foot,subject6_lurching_trial15_pressure.csv,0.4445828057148698,-0.5079783534395889,-0.6501391493050701,-1.2018824701390813,1.5241057260529012,within_normal_range,Normal
subject6,lurching,trial16,right,0.32597730138713743,33.0,0.7712765957446809,0.1392054203880505,Severe flat foot,subject6_lurching_trial16_pressure.csv,0.4058346060712918,2.4431611129262807,-0.12782145265179692,-1.0135300620004088,2.679051970667383,borderline,Normal
subject6,lurching,trial16,left,0.2904918032786885,16.0,0.6099476439790575,0.08846383741781227,Severe flat foot,subject6_lurching_trial16_pressure.csv,0.05861283036625431,-0.3440261608637072,-0.6099970783683132,-1.241622370884847,1.4267137101541258,within_normal_range,Normal
subject6,lurching,trial17,right,0.25759811153732665,30.0,1.1201272871917263,0.06850892343120318,Mild flat foot,subject6_lurching_trial17_pressure.csv,-0.26324839928379284,1.9513045351986356,0.9148140978133663,-1.331323206735114,2.5468010175829976,borderline,Normal
subject6,lurching,trial17,left,0.25537820957668284,14.0,0.6104575163398693,0.10124999999999995,Mild flat foot,subject6_lurching_trial17_pressure.csv,-0.28496990079154016,-0.6719305460154704,-0.6084731855894947,-1.1841463290582925,1.5182689647191785,within_normal_range,Normal
subject6,lurching,trial18,right,0.2673766816143498,32.0,0.5197649572649573,0.18267965254014218,Severe flat foot,subject6_lurching_trial18_pressure.csv,-0.1675661446449123,2.2792089203503987,-0.8795326633905272,-0.8181057687858113,2.5818106960672864,borderline,Normal
subject6,lurching,trial18,left,0.40268456375838924,16.0,0.8375796178343949,0.7321237993596585,Severe flat foot,subject6_lurching_trial18_pressure.csv,1.156406903763704,-0.3440261608637072,0.07034323392875591,1.6517419717667603,2.0466632938239937,borderline,Normal
subject6,lurching,trial19,right,0.36963285625388925,32.0,0.51931602279924,0.13716197379425699,Severe flat foot,subject6_lurching_trial19_pressure.csv,0.8329995068963185,2.2792089203503987,-0.8808744266298211,-1.022715712592622,2.7767910734098433,borderline,Normal
subject6,lurching,trial19,left,0.2885572139303483,16.0,0.5411311053984575,0.0548286604361371,Severe flat foot,subject6_lurching_trial19_pressure.csv,0.03968308202968494,-0.3440261608637072,-0.8156740953364237,-1.3928183866257604,1.6508167779265135,within_normal_range,Normal
subject6,lurching,trial1,right,0.23580034423407917,28.0,0.9868421052631579,0.08642373427926475,Mild flat foot,subject6_lurching_trial1_pressure.csv,-0.4765372038063574,1.6234001500468724,0.5164549360398907,-1.250792992059725,2.166500533978581,borderline,Normal
subject6,lurching,trial1,left,0.3161559888579387,11.0,0.7668918918918919,0.6524390243902439,Severe flat foot,subject6_lurching_trial1_pressure.csv,0.30973412114303983,-1.1637871237431152,-0.14092633742704563,1.2935449419978773,1.7729789747031455,within_normal_range,Normal
subject6,lurching,trial20,right,0.24611481129083412,29.0,0.764456981664316,0.12800499531689047,Mild flat foot,subject6_lurching_trial20_pressure.csv,-0.37561125495952824,1.787352342622754,-0.14820373153204555,-1.0638779357840566,2.1188470496521186,borderline,Normal
subject6,lurching,trial20,left,0.23962411902897415,14.0,0.6375739644970414,0.0424628450106157,Mild flat foot,subject6_lurching_trial20_pressure.csv,-0.43912197942027265,-0.6719305460154704,-0.527428275706308,-1.4484048943092185,1.7379229256074775,within_normal_range,Normal
subject6,lurching,trial2,left,0.2578723404255319,12.0,0.7716814159292036,0.07975460122699385,Mild flat foot,subject6_lurching_trial2_pressure.csv,-0.2605650991587318,-0.9998349311672337,-0.1266115369879396,-1.2807719140228457,1.6504457693392953,within_normal_range,Normal
subject6,lurching,trial2,right,0.34366628396479143,27.0,0.5524419535628503,0.18681706027493827,Severe flat foot,subject6_lurching_trial2_pressure.csv,0.5789193947434877,1.4594479574709907,-0.781868536995142,-0.7995073958580393,1.9276064150523675,within_normal_range,Normal
subject6,lurching,trial3,left,0.3513281919451585,13.0,0.7844202898550725,0.16344086021505377,Severe flat foot,subject6_lurching_trial3_pressure.csv,0.6538903388204496,-0.8358827385913521,-0.08853793371397037,-0.9045875122535204,1.3972795213947184,within_normal_range,Normal
subject6,lurching,trial3,right,0.29779158040027603,28.0,0.6516936671575847,0.15661446184605132,Severe flat foot,subject6_lurching_trial3_pressure.csv,0.1300403630068386,1.6234001500468724,-0.4852276887021263,-0.9352733693791051,1.9397218173068296,within_normal_range,Normal
subject6,lurching,trial4,right,0.34367622259696456,28.0,0.6536050156739812,0.18600191754554174,Severe flat foot,subject6_lurching_trial4_pressure.csv,0.5790166431884917,1.6234001500468724,-0.47951510173760725,-0.8031716052960356,1.9610475977420119,within_normal_range,Normal
subject6,lurching,trial4,left,0.3154929577464789,16.0,0.8569105691056911,0.11949685534591192,Severe flat foot,subject6_lurching_trial4_pressure.csv,0.3032464331538454,-0.3440261608637072,0.12811906041818855,-1.102123516167915,1.200584498114114,within_normal_range,Normal
subject6,lurching,trial5,right,0.19344842850818947,20.0,0.6012759170653907,0.16064598385040374,Normal,subject6_lurching_trial5_pressure.csv,-0.8909461360950157,0.31178260943981934,-0.6359149021989333,-0.9171509713681776,1.4616932236594695,within_normal_range,Normal
subject6,lurching,trial5,left,0.25205761316872427,10.0,0.5948905109489051,0.0464700625558534,Mild flat foot,subject6_lurching_trial5_pressure.csv,-0.31746157887500553,-1.327739316318997,-0.6549994320119299,-1.4303917491018332,2.0829590389625046,borderline,Normal
subject6,lurching,trial6,right,0.29698438341410877,35.0,0.6389870435806831,0.11937116973088191,Severe flat foot,subject6_lurching_trial6_pressure.csv,0.1221420274663824,2.771065498078044,-0.52320490300175,-1.1026884950362836,3.0304105261701046,outside_normal_range,Normal
subject6,lurching,trial6,left,0.24157844080846969,10.0,0.6889312977099237,0.035211267605633756,Mild flat foot,subject6_lurching_trial6_pressure.csv,-0.41999915137086447,-1.327739316318997,-0.3739328614856239,-1.481002005722292,2.0669987191829033,borderline,Normal
subject6,lurching,trial7,right,0.2651417525773196,31.0,0.7843567251461988,0.13054499366286443,Severe flat foot,subject6_lurching_trial7_pressure.csv,-0.18943468447605005,2.115256727774517,-0.08872791420376609,-1.0524601980355974,2.3718645904195244,borderline,Normal
subject6,lurching,trial7,left,0.4124872057318321,16.0,1.6909871244635193,0.7359223300970874,Severe flat foot,subject6_lurching_trial7_pressure.csv,1.2523246993154922,-0.3440261608637072,2.62098460360604,1.6688170331966894,3.3676671056536405,outside_normal_range,Normal
subject6,lurching,trial8,right,0.2948853615520282,26.0,0.713076923076923,0.1165829145728643,Severe flat foot,subject6_lurching_trial8_pressure.csv,0.10160332469918709,1.295495764895109,-0.3017670667399697,-1.1152221906666349,1.7387974032575575,within_normal_range,Normal
subject6,lurching,trial8,left,0.28690575479566305,13.0,0.8431372549019608,0.10436137071651086,Severe flat foot,subject6_lurching_trial8_pressure.csv,0.023523732328653662,-0.8358827385913521,0.08695374990391691,-1.1701601723603303,1.4408640124100398,within_normal_range,Normal
subject6,lurching,trial9,right,0.36324019482184056,37.0,0.4933757286698463,0.14275018717244825,Severe flat foot,subject6_lurching_trial9_pressure.csv,0.7704480035432189,3.098969883229807,-0.9584040790339478,-0.9975957140163426,3.480077592620857,outside_normal_range,Normal
subject6,lurching,trial9,left,0.464354527938343,13.0,0.94375,0.7381974248927039,Severe flat foot,subject6_lurching_trial9_pressure.csv,1.759840858806066,-0.8358827385913521,0.38766241249525696,1.6790439830568762,2.601001853920791,borderline,Normal
subject6,normal,trial10,right,0.28337874659400547,16.0,1.044189852700491,0.1442495126705653,Severe flat foot,subject6_normal_trial10_pressure.csv,-0.010987662916892882,-0.3440261608637072,0.6878543389455813,-0.9908559831168274,1.2543579628557686,within_normal_range,Normal
subject6,normal,trial10,left,0.5877551020408164,14.0,0.663594470046083,0.7213114754098361,Severe flat foot,subject6_normal_trial10_pressure.csv,2.967302180947691,-0.6719305460154704,-0.44965888957159533,1.6031386805456718,3.468230043950091,outside_normal_range,Normal
subject6,normal,trial11,right,0.2032967032967033,13.0,0.7459893048128342,0.1911966987620357,Normal,subject6_normal_trial11_pressure.csv,-0.7945818283643389,-0.8358827385913521,-0.20339942668743355,-0.779820153243099,1.4069651853626874,within_normal_range,Normal
subject6,normal,trial11,left,0.36542835481425323,16.0,0.8385964912280702,0.05970149253731338,Severe flat foot,subject6_normal_trial11_pressure.csv,0.7918589133117744,-0.3440261608637072,0.07338243773875883,-1.370914152273919,1.6217845519745606,within_normal_range,Normal
subject6,normal,trial12,right,0.27527322404371585,15.0,0.8835403726708074,0.2017326732673267,Severe flat foot,subject6_normal_trial12_pressure.csv,-0.0902993277645307,-0.5079783534395889,0.20770950005218575,-0.7324591012107069,0.9196931811839466,within_normal_range,Normal
subject6,normal,trial12,left,0.5463071512309496,14.0,1.019704433497537,0.7237442922374429,Severe flat foot,subject6_normal_trial12_pressure.csv,2.561738447967136,-0.6719305460154704,0.6146729775352157,1.6140746185834587,3.1618118663400994,outside_normal_range,Normal
subject6,normal,trial13,right,0.2698201199200533,16.0,0.9665071770334929,0.17704517704517708,Severe flat foot,subject6_normal_trial13_pressure.csv,-0.14365736408505683,-0.3440261608637072,0.45567845025893955,-0.8434337236853102,1.0285984317966583,within_normal_range,Normal
subject6,normal,trial13,left,0.23112480739599384,13.0,1.3771929824561404,0.0357142857142857,Mild flat foot,subject6_normal_trial13_pressure.csv,-0.5222868280143312,-0.8358827385913521,1.683125123874233,-1.478740851160354,2.447665861775122,borderline,Normal
subject6,normal,trial14,right,0.19896973599484868,13.0,0.6187717265353418,0.3743315508021391,Normal,subject6_normal_trial14_pressure.csv,-0.8369207372159487,-0.8358827385913521,-0.5836238980966665,0.0434031045637717,1.3197109368995878,within_normal_range,Normal
subject6,normal,trial14,left,0.28407224958949095,12.0,0.944547134935305,0.07153075822603716,Severe flat foot,subject6_normal_trial14_pressure.csv,-0.004201810825615647,-0.9998349311672337,0.39004486791943627,-1.3177395296979728,1.6994881617461555,within_normal_range,Normal
subject6,normal,trial15,right,0.25146198830409355,14.0,1.0713043478260869,0.28925081433224753,Mild flat foot,subject6_normal_trial15_pressure.csv,-0.32328970400147544,-0.6719305460154704,0.7688934116605973,-0.3390497178952451,1.1234583575201744,within_normal_range,Normal
subject6,normal,trial15,left,0.34239802224969096,14.0,0.8950819672131147,0.7158469945355191,Severe flat foot,subject6_normal_trial15_pressure.csv,0.5665095905065549,-0.6719305460154704,0.24220470695273155,1.578574881260796,1.8229057986144395,within_normal_range,Normal
subject6,normal,trial16,right,0.17556783302639656,12.0,0.8200734394124847,0.320360970107163,Normal,subject6_normal_trial16_pressure.csv,-1.0659058363894125,-0.9998349311672337,0.01802123938215641,-0.1992041150369924,1.4750702309204604,within_normal_range,Normal
subject6,normal,trial16,left,0.3455571227080395,12.0,0.5270655270655271,0.7095808383233533,Severe flat foot,subject6_normal_trial16_pressure.csv,0.5974210481230176,-0.9998349311672337,-0.8577129170080496,1.5504074108233485,2.1203811888104007,borderline,Normal
subject6,normal,trial17,right,0.28824362606232296,15.0,0.9312602291325696,0.16088765603328714,Severe flat foot,subject6_normal_trial17_pressure.csv,0.03661465852770838,-0.5079783534395889,0.35033332173287324,-0.916064612548443,1.1051201072563173,within_normal_range,Normal
subject6,normal,trial17,left,0.45992115637319314,15.0,0.629757785467128,0.7333333333333334,Severe flat foot,subject6_normal_trial17_pressure.csv,1.7164607957023434,-0.5079783534395889,-0.5507890610657519,1.6571790389723988,2.5007780044909014,borderline,Normal
subject6,normal,trial18,right,0.2485474499677211,15.0,1.050520059435364,0.2798866855524079,Mild flat foot,subject6_normal_trial18_pressure.csv,-0.35180814760406637,-0.5079783534395889,0.7067738903335844,-0.3811431180033499,1.0132178387407051,within_normal_range,Normal
subject6,normal,trial18,left,0.27297857636489287,14.0,0.880064829821718,0.10803858520900322,Severe flat foot,subject6_normal_trial18_pressure.csv,-0.11275220807139204,-0.6719305460154704,0.19732189119696372,-1.153630448714384,1.354253617325839,within_normal_range,Normal
subject6,normal,trial19,right,0.2997932460372157,16.0,0.9531502423263328,0.14531043593130777,Severe flat foot,subject6_normal_trial19_pressure.csv,0.14962644560040547,-0.3440261608637072,0.41575760356902824,-0.9860869471126907,1.134003494162659,within_normal_range,Normal
subject6,normal,trial19,left,0.21500386697602475,14.0,1.260377358490566,0.07859078590785906,Mild flat foot,subject6_normal_trial19_pressure.csv,-0.6800284931179142,-0.6719305460154704,1.33398973334064,-1.2860034678632577,2.085009097854354,borderline,Normal
subject6,normal,trial1,right,0.3174061433447099,15.0,0.7304878048780488,0.2579617834394905,Severe flat foot,subject6_normal_trial1_pressure.csv,0.3219667481016834,-0.5079783534395889,-0.24972989216680075,-0.4796993957594822,0.8088146411756052,within_normal_range,Normal
subject6,normal,trial1,left,0.4597222222222222,14.0,0.6692015209125475,0.7558441558441559,Severe flat foot,subject6_normal_trial1_pressure.csv,1.7145142464686987,-0.6719305460154704,-0.43290068696522377,1.758369131610874,2.5826952525975106,borderline,Normal
subject6,normal,trial20,right,0.32071428571428573,15.0,0.8024691358024691,0.13829787234042556,Severe flat foot,subject6_normal_trial20_pressure.csv,0.3543365647613994,-0.5079783534395889,-0.034594029083695604,-1.0176096495396418,1.1917728619055485,within_normal_range,Normal
subject6,normal,trial20,left,0.26758409785932724,12.0,0.7154213036565977,0.06656804733727806,Severe flat foot,subject6_normal_trial20_pressure.csv,-0.1655365990352935,-0.9998349311672337,-0.2947602452082429,-1.3400477849529762,1.7057795646902796,within_normal_range,Normal
subject6,normal,trial2,right,0.22394822006472492,13.0,0.8725490196078431,0.35973154362416104,Mild flat foot,subject6_normal_trial2_pressure.csv,-0.5925089618293886,-0.8358827385913521,0.174858840064601,-0.022226486631828885,1.039632845373717,within_normal_range,Normal
subject6,normal,trial2,left,0.4604409857328145,14.0,0.6156351791530945,0.7473560517038778,Severe flat foot,subject6_normal_trial2_pressure.csv,1.7215472699786722,-0.6719305460154704,-0.5929983264312766,1.7202136157976766,2.5934528259765357,borderline,Normal
subject6,normal,trial3,right,0.29955947136563876,14.0,1.1880998080614202,0.2713178294573644,Severe flat foot,subject6_normal_trial3_pressure.csv,0.14733898562642597,-0.6719305460154704,1.1179685373803467,-0.41966162800654294,1.3781033952311146,within_normal_range,Normal
subject6,normal,trial3,left,0.39679715302491103,14.0,0.9662921348314607,0.632016632016632,Severe flat foot,subject6_normal_trial3_pressure.csv,1.0987992240592876,-0.6719305460154704,0.4550357379175679,1.2017427088635018,1.8193662233180854,within_normal_range,Normal
subject6,normal,trial4,right,0.31696750902527077,15.0,0.8402457757296466,0.16891891891891897,Severe flat foot,subject6_normal_trial4_pressure.csv,0.3176747585454043,-0.5079783534395889,0.07831177483435643,-0.8799626782450508,1.067439135952016,within_normal_range,Normal
subject6,normal,trial4,left,0.26925608953258723,16.0,0.8833865814696485,0.06762028608582571,Severe flat foot,subject6_normal_trial4_pressure.csv,-0.14917634065652938,-0.3440261608637072,0.20724985305245683,-1.3353177873532822,1.4023671683202743,within_normal_range,Normal
subject6,normal,trial5,right,0.26201448321263987,16.0,1.14168039538715,0.11489898989898994,Severe flat foot,subject6_normal_trial5_pressure.csv,-0.2200346782705156,-0.3440261608637072,0.9792314470648639,-1.1227917272157166,1.5447733648095536,within_normal_range,Normal
subject6,normal,trial5,left,0.2515463917525773,12.0,0.861198738170347,0.08667529107373872,Mild flat foot,subject6_normal_trial5_pressure.csv,-0.32246382535187623,-0.9998349311672337,0.14093542461878486,-1.2496622001784234,1.6386492048971333,within_normal_range,Normal
subject6,normal,trial6,right,0.3361641896673744,17.0,1.08984375,0.08588957055214719,Severe flat foot,subject6_normal_trial6_pressure.csv,0.5055122103355121,-0.18007396828782554,0.8243034775277799,-1.2531941516355314,1.5930916588856745,within_normal_range,Normal
subject6,normal,trial6,left,0.44923504867872044,13.0,0.6928838951310862,0.7458064516129033,Severe flat foot,subject6_normal_trial6_pressure.csv,1.6118983832568312,-0.8358827385913521,-0.36211944477463387,1.713247891791683,2.5225513238849073,borderline,Normal
subject6,normal,trial7,right,0.2707509881422925,17.0,1.1951219512195121,0.1346278317152103,Severe flat foot,subject6_normal_trial7_pressure.csv,-0.13454891882424957,-0.18007396828782554,1.138956129713079,-1.0341071253948202,1.5547117603642913,within_normal_range,Normal
subject6,normal,trial7,left,0.3556701030927835,16.0,0.6744186046511628,0.7653213751868461,Severe flat foot,subject6_normal_trial7_pressure.csv,0.6963754715928396,-0.3440261608637072,-0.41730800760698405,1.800970893620277,2.005226902291883,borderline,Normal
subject6,normal,trial8,right,0.2631578947368421,14.0,1.0657193605683837,0.18708827404479578,Severe flat foot,subject6_normal_trial8_pressure.csv,-0.20884651969988613,-0.6719305460154704,0.7522011521738186,-0.7982882424271277,1.3031416725699534,within_normal_range,Normal
subject6,normal,trial8,left,0.31566455696202533,14.0,0.8385964912280702,0.08016586040082929,Severe flat foot,subject6_normal_trial8_pressure.csv,0.3049255129894879,-0.6719305460154704,0.07338243773875883,-1.278923231955417,1.4783436145038549,within_normal_range,Normal
subject6,normal,trial9,right,0.20463847203274216,12.0,0.7273954116059379,0.3556962025316456,Normal,subject6_normal_trial9_pressure.csv,-0.781452765847333,-0.9998349311672337,-0.25897235388630546,-0.04036605211341761,1.2957756029009306,within_normal_range,Normal
subject6,normal,trial9,left,0.25272331154684097,13.0,0.9032815198618307,0.06360424028268552,Mild flat foot,subject6_normal_trial9_pressure.csv,-0.31094779196895084,-0.8358827385913521,0.26671130905806173,-1.3533706171272604,1.6426002044588426,within_normal_range,Normal
subject6,steppage,trial10,left,0.22137060414788098,20.0,0.9342629482071713,0.03271812080536918,Mild flat foot,subject6_steppage_trial10_pressure.csv,-0.6177306558576606,0.31178260943981934,0.35930776762619554,-1.4922091375611575,1.6836239903354229,within_normal_range,Normal
subject6,steppage,trial10,right,0.26582969432314413,19.0,0.8281068524970964,0.13607594936708856,Severe flat foot,subject6_steppage_trial10_pressure.csv,-0.1827032486135238,0.14783041686393772,0.042031288033183956,-1.0275975827393031,1.054968118205232,within_normal_range,Normal
subject6,steppage,trial11,left,0.3357176919408679,21.0,0.6691943127962086,0.0818414322250639,Severe flat foot,subject6_steppage_trial11_pressure.csv,0.5011432781883001,0.47573480201570095,-0.43292223038919025,-1.2713912429294627,1.5104057525331098,within_normal_range,Normal
subject6,steppage,trial11,right,0.19849537037037038,17.0,0.9656488549618321,0.17478813559322037,Normal,subject6_steppage_trial11_pressure.csv,-0.8415623537422663,-0.18007396828782554,0.4531131203696671,-0.8535795206015524,1.2940491981113627,within_normal_range,Normal
subject6,steppage,trial12,left,0.2719056974459725,23.0,0.7064220183486238,0.06940777065258397,Severe flat foot,subject6_steppage_trial12_pressure.csv,-0.1232502126986778,0.8036391871674642,-0.3216570667451345,-1.3272827309348347,1.5893927376537142,within_normal_range,Normal
subject6,steppage,trial12,right,0.2509303561935141,19.0,0.9260143198090692,0.1024065540194572,Mild flat foot,subject6_steppage_trial12_pressure.csv,-0.3284916669242745,0.14783041686393772,0.33465448924293284,-1.1789474160326128,1.2773688755912587,within_normal_range,Normal
subject6,steppage,trial13,left,0.28445378151260503,23.0,0.5764119601328903,0.1149514563106796,Severe flat foot,subject6_steppage_trial13_pressure.csv,-0.0004685620650385688,0.8036391871674642,-0.710227626979629,-1.1225558814994292,1.5525434460638023,within_normal_range,Normal
subject6,steppage,trial13,right,0.34617854849068724,19.0,0.6775,0.14668218859138538,Severe flat foot,subject6_steppage_trial13_pressure.csv,0.6035016324524358,0.14783041686393772,-0.40809841618433557,-0.9799206784797434,1.2299824819595133,within_normal_range,Normal
subject6,steppage,trial14,left,0.3683737646001797,25.0,0.5560235888795282,0.10123734533183348,Severe flat foot,subject6_steppage_trial14_pressure.csv,0.8206794307220928,1.1315435723192275,-0.7711638418303431,-1.1842032140096737,1.9876962813983108,within_normal_range,Normal
subject6,steppage,trial14,right,0.18814905314599878,15.0,0.915,0.16195652173913044,Normal,subject6_steppage_trial14_pressure.csv,-0.9427999530476167,-0.5079783534395889,0.30173518686318845,-0.9112598738615125,1.4381767762452733,within_normal_range,Normal
subject6,steppage,trial15,left,0.22762008733624453,19.0,0.5896452540747843,0.04017638412542868,Mild flat foot,subject6_steppage_trial15_pressure.csv,-0.5565801361926791,0.14783041686393772,-0.6706763144787382,-1.4586829367341496,1.70563709764902,within_normal_range,Normal
subject6,steppage,trial15,right,0.19143730886850152,15.0,1.1275659824046922,0.13308687615526804,Normal,subject6_steppage_trial15_pressure.csv,-0.9106247250868794,-0.5079783534395889,0.9370466697080693,-1.0410339907187045,1.7461636889322392,within_normal_range,Normal
subject6,steppage,trial16,left,0.23156801661474558,19.0,0.7082452431289641,0.019617459538989745,Mild flat foot,subject6_steppage_trial16_pressure.csv,-0.517950073561188,0.14783041686393772,-0.31620786162936837,-1.5510989060950653,1.6721307781084982,within_normal_range,Normal
subject6,steppage,trial16,right,0.23342776203966006,18.0,0.7801578354002254,0.14899401848830884,Mild flat foot,subject6_steppage_trial16_pressure.csv,-0.4997526649514895,-0.016121775711943915,-0.10127744278138119,-0.9695285979006525,1.0955617099651498,within_normal_range,Normal
subject6,steppage,trial17,left,0.3186946011281225,24.0,0.8484018264840183,0.12007104795737122,Severe flat foot,subject6_steppage_trial17_pressure.csv,0.33457416869108114,0.9675913797433459,0.1026883596495737,-1.0995424197411647,1.505892222081891,within_normal_range,Normal
subject6,steppage,trial17,right,0.2851985559566787,18.0,0.6390101892285298,0.14933705512909978,Severe flat foot,subject6_steppage_trial17_pressure.csv,0.006818975626574674,-0.016121775711943915,-0.5231357259128833,-0.9679865880765628,1.1004432890899951,within_normal_range,Normal
subject6,steppage,trial18,left,0.3005654632448891,21.0,0.8347260909935005,0.11848518935133112,Severe flat foot,subject6_steppage_trial18_pressure.csv,0.15718250777709794,0.47573480201570095,0.06181468976511408,-1.1066711321273768,1.2163765836100524,within_normal_range,Normal
subject6,steppage,trial18,right,0.1777205408886027,14.0,0.9102564102564102,0.18238213399503722,Normal,subject6_steppage_trial18_pressure.csv,-1.0448418218952367,-0.6719305460154704,0.28755767360393947,-0.8194431667918752,1.5157049880172633,within_normal_range,Normal
subject6,steppage,trial19,left,0.22992125984251968,21.0,1.0,0.10845986984815614,Mild flat foot,subject6_steppage_trial19_pressure.csv,-0.5340634111521976,0.47573480201570095,0.5557808974275653,-1.1517367004231984,1.4652430385528352,within_normal_range,Normal
subject6,steppage,trial19,right,0.21666666666666667,16.0,1.1082706766917294,0.3057897695334457,Mild flat foot,subject6_steppage_trial19_pressure.csv,-0.6637581772987033,-0.3440261608637072,0.8793773797032868,-0.2647042154975324,1.1841882514725017,within_normal_range,Normal
subject6,steppage,trial1,left,0.28728270814272644,22.0,1.0887640449438203,0.06915963007639725,Severe flat foot,subject6_steppage_trial1_pressure.csv,0.027212180215880715,0.6396869945915826,0.8210764841372254,-1.3283981663161775,1.6878235200627592,within_normal_range,Normal
subject6,steppage,trial1,right,0.32992465016146394,22.0,0.7779056386651323,0.27062094531974046,Severe flat foot,subject6_steppage_trial1_pressure.csv,0.44445898853197985,0.6396869945915826,-0.10800874772135184,-0.42279424434744056,0.8928404707304324,within_normal_range,Normal
subject6,steppage,trial20,left,0.2590870667793745,21.0,0.6554276315789473,0.09596344249809596,Mild flat foot,subject6_steppage_trial20_pressure.csv,-0.2486791326636892,0.47573480201570095,-0.4740677164121595,-1.207910331599697,1.4042622553500512,within_normal_range,Normal
subject6,steppage,trial20,right,0.15497448979591838,15.0,1.0,0.1614123581336696,Normal,subject6_steppage_trial20_pressure.csv,-1.2674094811272456,-0.5079783534395889,0.5557808974275653,-0.9137059846431419,1.7343932174488323,within_normal_range,Normal
subject6,steppage,trial2,left,0.2603648424543947,20.0,0.86331569664903,0.08749516066589236,Severe flat foot,subject6_steppage_trial2_pressure.csv,-0.23617623535399707,0.31178260943981934,0.14726253310057666,-1.2459767426638608,1.3142039060243023,within_normal_range,Normal
subject6,steppage,trial2,right,0.17380808690404345,12.0,1.0816901408450703,0.31032298923369217,Normal,subject6_steppage_trial2_pressure.csv,-1.083124762597694,-0.9998349311672337,0.7999341900992114,-0.24432659841144136,1.6948213286702185,within_normal_range,Normal
subject6,steppage,trial3,left,0.26766063187788425,25.0,0.6378227494766224,0.11609158336020642,Severe flat foot,subject6_steppage_trial3_pressure.csv,-0.1647877219096578,1.1315435723192275,-0.5266847138602444,-1.1174308105827273,1.6833283261451855,within_normal_range,Normal
subject6,steppage,trial3,right,0.4910505836575875,20.0,1.1428571428571428,0.4574829931972789,Severe flat foot,subject6_steppage_trial3_pressure.csv,2.021058887726723,0.31178260943981934,0.9827484782080306,0.41718341201108106,2.3068862117334024,borderline,Normal
subject6,steppage,trial4,left,0.25261834939254296,23.0,1.0274390243902438,0.03209393346379652,Mild flat foot,subject6_steppage_trial4_pressure.csv,-0.31197483533990195,0.8036391871674642,0.6377899144677154,-1.4950149690623002,1.8398396597947408,within_normal_range,Normal
subject6,steppage,trial4,right,0.32997676219984506,21.0,1.1884368308351179,0.27936507936507937,Severe flat foot,subject6_steppage_trial4_pressure.csv,0.44496889921287275,0.47573480201570095,1.118975821968822,-0.38348782923685554,1.3503668866049812,within_normal_range,Normal
subject6,steppage,trial5,left,0.2691182615963226,22.0,0.7221757322175733,0.05819295558958648,Severe flat foot,subject6_steppage_trial5_pressure.csv,-0.15052497216299146,0.6396869945915826,-0.2745727910526035,-1.3776952902539132,1.5509003026205495,within_normal_range,Normal
subject6,steppage,trial5,right,0.24878934624697335,16.0,1.315345699831366,0.15818516247700798,Mild flat foot,subject6_steppage_trial5_pressure.csv,-0.3494412185740238,-0.3440261608637072,1.4982776313932136,-0.9282127947476183,1.8294474623950157,within_normal_range,Normal
subject6,steppage,trial6,left,0.3064759036144578,25.0,0.5560504825538233,0.12302405498281788,Severe flat foot,subject6_steppage_trial6_pressure.csv,0.2150155299893961,1.1315435723192275,-0.7710834627409786,-1.086268135590803,1.761014112125771,within_normal_range,Normal
subject6,steppage,trial6,right,0.5051383399209486,20.0,0.8351063829787234,0.5307167235494881,Severe flat foot,subject6_steppage_trial6_pressure.csv,2.158906064917659,0.31178260943981934,0.06295129620755995,0.7463818655566331,2.3063244671150165,borderline,Normal
subject6,steppage,trial7,left,0.2688465031789282,23.0,0.6256544502617801,0.06030150753768848,Severe flat foot,subject6_steppage_trial7_pressure.csv,-0.15318409899734214,0.8036391871674642,-0.5630529988060629,-1.3682169796831245,1.6906648675283111,within_normal_range,Normal
subject6,steppage,trial7,right,0.2677165354330709,21.0,0.9533333333333334,0.14969048958919529,Severe flat foot,subject6_steppage_trial7_pressure.csv,-0.1642407116453293,0.47573480201570095,0.41630482103928,-0.9663978382322824,1.1664189208733104,within_normal_range,Normal
subject6,steppage,trial8,left,0.29108193752829337,21.0,0.6936936936936937,0.06500198176773686,Severe flat foot,subject6_steppage_trial8_pressure.csv,0.06438723041626715,0.47573480201570095,-0.35969914064226155,-1.3470875241710174,1.474617776525693,within_normal_range,Normal
subject6,steppage,trial8,right,0.34149403640929066,21.0,0.662962962962963,0.14912744579587522,Severe flat foot,subject6_steppage_trial8_pressure.csv,0.557664186455674,0.47573480201570095,-0.45154632093227365,-0.9689288187674532,1.2961597442019834,within_normal_range,Normal
subject6,steppage,trial9,left,0.24675324675324675,22.0,1.111932418162619,0.08497489378138279,Mild flat foot,subject6_steppage_trial9_pressure.csv,-0.36936423274627095,0.6396869945915826,0.890321493984171,-1.2573057840347213,1.7085431176002626,within_normal_range,Normal
subject6,steppage,trial9,right,0.2643547470153496,19.0,1.0279329608938548,0.1180973209404046,Severe flat foot,subject6_steppage_trial9_pressure.csv,-0.1971354491062045,0.14783041686393772,0.639266178585757,-1.1084146686158514,1.3030581499422407,within_normal_range,Normal
subject6,stiff-legged,trial10,left,0.259719222462203,22.0,0.29825949367088606,0.14797360980207352,Mild flat foot,subject6_stiff-legged_trial10_pressure.csv,-0.2424935574170649,0.6396869945915826,-1.5415622268334395,-0.9741155137914252,1.947644143535261,within_normal_range,Normal
subject6,stiff-legged,trial10,right,0.21719792438843588,14.0,0.9193798449612403,0.04572175048987592,Mild flat foot,subject6_stiff-legged_trial10_pressure.csv,-0.6585598777300748,-0.6719305460154704,0.3148255495142482,-1.4337555429944084,1.7435486385296624,within_normal_range,Normal
subject6,stiff-legged,trial11,left,0.21516164994425863,18.0,0.31142643764002986,0.4725158562367865,Mild flat foot,subject6_stiff-legged_trial11_pressure.csv,-0.6784846037736321,-0.016121775711943915,-1.5022092193439989,0.4847587661705281,1.7182039661434985,within_normal_range,Normal
subject6,stiff-legged,trial11,right,0.3482142857142857,16.0,1.1910112359550562,0.22807017543859653,Severe flat foot,subject6_stiff-legged_trial11_pressure.csv,0.6234211018505109,-0.3440261608637072,1.1266701346508845,-0.6140674127996971,1.4674713794033198,within_normal_range,Normal
subject6,stiff-legged,trial12,left,0.27232142857142855,19.0,1.541734860883797,0.14535809018567636,Severe flat foot,subject6_stiff-legged_trial12_pressure.csv,-0.11918232842788212,0.14783041686393772,2.1749034582595432,-0.9858727328869841,2.395455772448957,borderline,Normal
subject6,stiff-legged,trial12,right,0.2904761904761905,17.0,0.8835341365461847,0.2172164119066774,Severe flat foot,subject6_stiff-legged_trial12_pressure.csv,0.058460060775969186,-0.18007396828782554,0.20769086169088055,-0.6628569822053898,0.7199715866957471,within_normal_range,Normal
subject6,stiff-legged,trial13,left,0.2187028657616893,18.0,0.4630225080385852,0.13199426111908175,Mild flat foot,subject6_stiff-legged_trial13_pressure.csv,-0.6438341885385059,-0.016121775711943915,-1.0491229673067246,-1.045945486808051,1.6153771497355471,within_normal_range,Normal
subject6,stiff-legged,trial13,right,0.2863247863247863,18.0,0.9695431472081218,0.17914625612316304,Severe flat foot,subject6_stiff-legged_trial13_pressure.csv,0.017839018435954132,-0.016121775711943915,0.46475227614442044,-0.8339890049754565,0.9550447533138099,within_normal_range,Normal
subject6,stiff-legged,trial14,left,0.26153846153846155,21.0,0.3089500860585198,0.2628629648497198,Severe flat foot,subject6_stiff-legged_trial14_pressure.csv,-0.2246924990647213,0.47573480201570095,-1.5096104722514334,-0.45766772629468844,1.6628872020097494,within_normal_range,Normal
subject6,stiff-legged,trial14,right,0.3193818415969092,17.0,0.9689655172413794,0.1648351648351648,Severe flat foot,subject6_stiff-legged_trial14_pressure.csv,0.34129874263334936,-0.18007396828782554,0.46302587125801603,-0.8983198686075605,1.081796195947915,within_normal_range,Normal
subject6,stiff-legged,trial15,left,0.200561797752809,18.0,0.4202172096908939,0.23737916219119226,Normal,subject6_stiff-legged_trial15_pressure.csv,-0.8213425844465658,-0.016121775711943915,-1.1770582900674234,-0.5722218857687489,1.5452403235246808,within_normal_range,Normal
subject6,stiff-legged,trial15,right,0.3234782608695652,20.0,0.5238589211618258,0.18845584607794774,Severe flat foot,subject6_stiff-legged_trial15_pressure.csv,0.3813817638590062,0.31178260943981934,-0.8672967343645878,-0.792140766444946,1.273715456707963,within_normal_range,Normal
subject6,stiff-legged,trial16,left,0.32363505747126436,25.0,1.1337958374628345,0.11772950245269798,Severe flat foot,subject6_stiff-legged_trial16_pressure.csv,0.3829160017130193,1.1315435723192275,0.9556662927075851,-1.1100680771853197,1.890122937649352,within_normal_range,Normal
subject6,stiff-legged,trial16,right,0.25624082232011747,20.0,1.0718232044198894,0.31886024423337855,Mild flat foot,subject6_stiff-legged_trial16_pressure.csv,-0.2765293280368392,0.31178260943981934,0.7704441562729925,-0.20595014087057525,0.8998202727619676,within_normal_range,Normal
subject6,stiff-legged,trial17,left,0.2958651144118828,24.0,0.5175953079178885,0.11787365177195686,Severe flat foot,subject6_stiff-legged_trial17_pressure.csv,0.11119010087212172,0.9675913797433459,-0.8860172529205462,-1.109420100730325,1.7217537132420944,within_normal_range,Normal
subject6,stiff-legged,trial17,right,0.30460448642266824,21.0,0.9042709867452136,0.13510392609699773,Severe flat foot,subject6_stiff-legged_trial17_pressure.csv,0.19670391439836693,0.47573480201570095,0.2696686010282843,-1.0319669977040364,1.184353439864719,within_normal_range,Normal
subject6,stiff-legged,trial18,left,0.2606479796141245,23.0,0.5015933715742511,0.23502604166666663,Severe flat foot,subject6_stiff-legged_trial18_pressure.csv,-0.23340576875186517,0.8036391871674642,-0.9338434092596675,-0.5827995749558841,1.3827628334693949,within_normal_range,Normal
subject6,stiff-legged,trial18,right,0.4783950617283951,17.0,0.6762114537444934,0.3099203475742216,Severe flat foot,subject6_stiff-legged_trial18_pressure.csv,1.897225969183528,-0.18007396828782554,-0.4119495885263971,-0.24613654324141584,1.965242650057545,within_normal_range,Normal
subject6,stiff-legged,trial19,left,0.2708251085669167,22.0,1.011764705882353,0.07181054239877771,Severe flat foot,subject6_stiff-legged_trial19_pressure.csv,-0.13382365845520008,0.6396869945915826,0.5909429334918388,-1.3164818508039748,1.58412317600373,within_normal_range,Normal
subject6,stiff-legged,trial19,right,0.29905277401894453,18.0,0.7341389728096677,0.1337704918032787,Severe flat foot,subject6_stiff-legged_trial19_pressure.csv,0.14238100668171697,-0.016121775711943915,-0.238817379795295,-1.037961018564175,1.074676267378635,within_normal_range,Normal
subject6,stiff-legged,trial1,left,0.2852706299911269,21.0,0.6159860990443093,0.14483954900260188,Severe flat foot,subject6_stiff-legged_trial1_pressure.csv,0.007524212288234255,0.47573480201570095,-0.5919495065122784,-0.9882036663891671,1.2463269716027967,within_normal_range,Normal
subject6,stiff-legged,trial1,right,0.30747767857142855,17.0,0.7178649237472767,0.21118012422360244,Severe flat foot,subject6_stiff-legged_trial1_pressure.csv,0.22481779000990285,-0.18007396828782554,-0.28745681929899664,-0.689991153315716,0.8010548591546708,within_normal_range,Normal
subject6,stiff-legged,trial20,right,0.21588447653429602,16.0,0.6901041666666666,0.32185347526612396,Mild flat foot,subject6_stiff-legged_trial20_pressure.csv,-0.6714118234690535,-0.3440261608637072,-0.37042742233839254,-0.1924950427573789,0.8622172885990467,within_normal_range,Normal
subject6,stiff-legged,trial20,left,0.35461689587426326,18.0,0.8200514138817481,0.7947882736156352,Severe flat foot,subject6_stiff-legged_trial20_pressure.csv,0.6860699524344965,-0.016121775711943915,0.017955410069138318,1.9334297666954026,2.051688317162275,borderline,Normal
subject6,stiff-legged,trial2,right,0.27037444933920707,17.0,0.8273045507584598,0.30643402399127595,Severe flat foot,subject6_stiff-legged_trial2_pressure.csv,-0.138233310443316,-0.18007396828782554,0.03963339020637254,-0.26180817879166574,0.3487827551248805,within_normal_range,Normal
subject6,stiff-legged,trial2,left,0.23928377645143786,20.0,2.020952380952381,0.1401085347804637,Mild flat foot,subject6_stiff-legged_trial2_pressure.csv,-0.4424521948722024,0.31178260943981934,3.6071758747386253,-1.0094704045184357,3.7846691571643767,outside_normal_range,Normal
subject6,stiff-legged,trial3,left,0.14907786885245902,15.0,0.8921370967741935,0.2795202952029521,Normal,subject6_stiff-legged_trial3_pressure.csv,-1.3251072817439993,-0.5079783534395889,0.23340315750360482,-0.3827901068410725,1.4882730312419892,within_normal_range,Normal
subject6,stiff-legged,trial3,right,0.23198198198198197,17.0,0.9500609013398295,0.4208695652173913,Mild flat foot,subject6_stiff-legged_trial3_pressure.csv,-0.5138994670443251,-0.18007396828782554,0.4065242644385353,0.25259963603773455,0.7249743788486972,within_normal_range,Normal
subject6,stiff-legged,trial4,left,0.30210867802108676,25.0,0.6569717707442259,0.12274368231046928,Severe flat foot,subject6_stiff-legged_trial4_pressure.csv,0.17228269809281535,1.1315435723192275,-0.4694526348656482,-1.087528459893685,1.6471721560238106,within_normal_range,Normal
subject6,stiff-legged,trial4,right,0.2766624843161857,16.0,1.139767054908486,0.17834394904458595,Severe flat foot,subject6_stiff-legged_trial4_pressure.csv,-0.07670556568039118,-0.3440261608637072,0.9735129065771725,-0.837595515913326,1.3317399786427586,within_normal_range,Normal
subject6,stiff-legged,trial5,left,0.31574116567232674,22.0,0.4435674822415154,0.19308700834326575,Severe flat foot,subject6_stiff-legged_trial5_pressure.csv,0.3056751209657951,0.6396869945915826,-1.1072696243968998,-0.7713228803625499,1.5243430511239577,within_normal_range,Normal
subject6,stiff-legged,trial5,right,0.2238292011019284,17.0,0.8548850574712644,0.19059405940594054,Mild flat foot,subject6_stiff-legged_trial5_pressure.csv,-0.5936735495569861,-0.18007396828782554,0.12206526580143168,-0.7825291227728238,1.0060450658898414,within_normal_range,Normal
subject6,stiff-legged,trial6,left,0.15193798449612403,16.0,0.6557811120917917,0.1815415821501014,Normal,subject6_stiff-legged_trial6_pressure.csv,-1.2971213583259291,-0.3440261608637072,-0.4730112433762042,-0.8232215946576542,1.643870812398261,within_normal_range,Normal
subject6,stiff-legged,trial6,right,0.2772002772002772,16.0,0.838006230529595,0.10347085789129007,Severe flat foot,subject6_stiff-legged_trial6_pressure.csv,-0.07144332025255189,-0.3440261608637072,0.07161828246155452,-1.174163183589108,1.227699681292694,within_normal_range,Normal
subject6,stiff-legged,trial7,left,0.23599240265906932,20.0,0.36633663366336633,0.23013698630136992,Mild flat foot,subject6_stiff-legged_trial7_pressure.csv,-0.47465793281062874,0.31178260943981934,-1.338095104450143,-0.6047767357233843,1.5744084467998873,within_normal_range,Normal
subject6,stiff-legged,trial7,right,0.2757475083056478,17.0,1.096026490066225,0.1356335514574658,Severe flat foot,subject6_stiff-legged_trial7_pressure.csv,-0.0856585073619629,-0.18007396828782554,0.842782284508474,-1.0295862388817552,1.3453972708142399,within_normal_range,Normal
subject6,stiff-legged,trial8,right,0.3067669172932331,18.0,0.8900169204737732,0.19378163412870575,Severe flat foot,subject6_stiff-legged_trial8_pressure.csv,0.21786306748175396,-0.016121775711943915,0.22706643168287519,-0.7682004157105384,0.8303103461475736,within_normal_range,Normal
subject6,stiff-legged,trial8,left,0.3358147229114971,18.0,0.9742990654205608,0.7274180655475619,Severe flat foot,subject6_stiff-legged_trial8_pressure.csv,0.502092715781575,-0.016121775711943915,0.47896663639930404,1.6305888735115042,1.772169890302903,within_normal_range,Normal
subject6,stiff-legged,trial9,left,0.29265255292652553,22.0,1.2276785714285714,0.1480932987782303,Severe flat foot,subject6_stiff-legged_trial9_pressure.csv,0.07975553286638838,0.6396869945915826,1.236260479296432,-0.9735774908658175,1.7005156569297553,within_normal_range,Normal
subject6,stiff-legged,trial9,right,0.3723404255319149,19.0,0.933206106870229,0.1671159029649596,Severe flat foot,subject6_stiff-legged_trial9_pressure.csv,0.8594927805622904,0.14783041686393772,0.3561491087038743,-0.88806755097114,1.2946381095531312,within_normal_range,Normal
subject6,trendelenburg,trial10,left,0.27866473149492016,23.0,1.3328380386329866,0.2962962962962963,Severe flat foot,subject6_trendelenburg_trial10_pressure.csv,-0.0571137927630185,0.8036391871674642,1.550558262455455,-0.30737904161133567,1.7742070704869097,within_normal_range,Normal
subject6,trendelenburg,trial10,right,0.23828802776171198,17.0,0.7439903846153846,0.10777084515031199,Mild flat foot,subject6_trendelenburg_trial10_pressure.csv,-0.45219548851700153,-0.18007396828782554,-0.2093737455335815,-1.1548339872047688,1.270585021638489,within_normal_range,Normal
subject6,trendelenburg,trial11,right,0.24890829694323144,16.0,0.9159663865546218,0.13242784380305606,Mild flat foot,subject6_trendelenburg_trial11_pressure.csv,-0.3482772988271498,-0.3440261608637072,0.30462349696846786,-1.0439964566499258,1.192633704303151,within_normal_range,Normal
subject6,trendelenburg,trial11,left,0.29563492063492064,26.0,0.5225303292894281,0.19458946369245378,Severe flat foot,subject6_trendelenburg_trial11_pressure.csv,0.10893767956613427,1.295495764895109,-0.8712675939678033,-0.7645690802339045,1.7417949918513893,within_normal_range,Normal
subject6,trendelenburg,trial12,left,0.25790554414784395,22.0,1.33253873659118,0.3520309477756286,Mild flat foot,subject6_trendelenburg_trial12_pressure.csv,-0.2602402043133512,0.6396869945915826,1.5496637165744656,-0.05684201464773457,1.6975314618843638,within_normal_range,Normal
subject6,trendelenburg,trial12,right,0.2092078537576168,13.0,0.6819338422391857,0.12507664009809938,Normal,subject6_trendelenburg_trial12_pressure.csv,-0.7367418579847388,-0.8358827385913521,-0.39484666792334394,-1.0770414057428006,1.5991906074125055,within_normal_range,Normal
subject6,trendelenburg,trial13,right,0.21264367816091953,13.0,0.7117572692793932,0.09914320685434519,Mild flat foot,subject6_trendelenburg_trial13_pressure.csv,-0.7031226863817501,-0.8358827385913521,-0.3057112124657632,-1.1936167335038173,1.646590937879617,within_normal_range,Normal
subject6,trendelenburg,trial13,left,0.23670490093847757,22.0,1.2342857142857142,0.5034687809712587,Mild flat foot,subject6_trendelenburg_trial13_pressure.csv,-0.46768621391276116,0.6396869945915826,1.2560077299075285,0.6238975879442402,1.6108176382085493,within_normal_range,Normal
subject6,trendelenburg,trial14,left,0.2958214624881291,25.0,1.769090909090909,0.15800203873598373,Severe flat foot,subject6_trendelenburg_trial14_pressure.csv,0.11076297150134705,1.1315435723192275,2.854419091411126,-0.9290359680594615,3.2099027199080763,outside_normal_range,Normal
subject6,trendelenburg,trial14,right,0.14647887323943662,10.0,0.9337094499294781,0.0821192052980132,Normal,subject6_trendelenburg_trial14_pressure.csv,-1.3505381737958817,-1.327739316318997,0.357653486882046,-1.27014260428151,2.3082511351386907,borderline,Normal
subject6,trendelenburg,trial15,left,0.28080622995877236,25.0,2.0998116760828625,0.3168114460909556,Severe flat foot,subject6_trendelenburg_trial15_pressure.csv,-0.03615946102401076,1.1315435723192275,3.842868411986026,-0.21515984761183918,4.01193591107122,outside_normal_range,Normal
subject6,trendelenburg,trial15,right,0.2292817679558011,13.0,1.0395095367847411,0.12552301255230125,Mild flat foot,subject6_trendelenburg_trial15_pressure.csv,-0.5403207703634672,-0.8358827385913521,0.6738659367987294,-1.0750348833258505,1.612588536703087,within_normal_range,Normal
subject6,trendelenburg,trial16,right,0.24903154399557278,17.0,0.9533417402269861,0.13290460878885313,Mild flat foot,subject6_trendelenburg_trial16_pressure.csv,-0.3470713396989,-0.18007396828782554,0.4163299473365936,-1.0418533144765827,1.1881389240448468,within_normal_range,Normal
subject6,trendelenburg,trial16,left,0.20799595141700405,24.0,1.4382022471910112,0.3520518358531317,Normal,subject6_trendelenburg_trial16_pressure.csv,-0.748600191814593,0.9675913797433459,1.8654679710575324,-0.05674811907832287,2.2315524697839644,borderline,Normal
subject6,trendelenburg,trial17,right,0.2015065913370998,14.0,1.0682852807283763,0.12114014251781469,Normal,subject6_trendelenburg_trial17_pressure.csv,-0.8120978810184329,-0.6719305460154704,0.7598701052361335,-1.0947366523126956,1.6990716705812197,within_normal_range,Normal
subject6,trendelenburg,trial17,left,0.2432,24.0,1.056,0.3513513513513513,Mild flat foot,subject6_trendelenburg_trial17_pressure.csv,-0.40413236939211794,0.9675913797433459,0.7231521890935079,-0.05989691968713655,1.2751834298338647,within_normal_range,Normal
subject6,trendelenburg,trial18,right,0.20950468540829986,13.0,0.8333333333333334,0.0987179487179487,Normal,subject6_trendelenburg_trial18_pressure.csv,-0.7338373922641044,-0.8358827385913521,0.057652053183688996,-1.195528343361544,1.6339611531419749,within_normal_range,Normal
subject6,trendelenburg,trial18,left,0.22529644268774704,22.0,1.1218487394957983,0.34089515634580014,Mild flat foot,subject6_trendelenburg_trial18_pressure.csv,-0.5793167487236078,0.6396869945915826,0.9199591280932565,-0.10689934888531456,1.2659224362319803,within_normal_range,Normal
subject6,trendelenburg,trial19,right,0.2736231884057971,16.0,0.9852507374631269,0.10739030023094687,Severe flat foot,subject6_trendelenburg_trial19_pressure.csv,-0.10644474870307284,-0.3440261608637072,0.5116986988219125,-1.1565446033150928,1.3149583498036679,within_normal_range,Normal
subject6,trendelenburg,trial19,left,0.2702518720217835,18.0,0.39081632653061227,0.1467661691542289,Severe flat foot,subject6_trendelenburg_trial19_pressure.csv,-0.1394327162875538,-0.016121775711943915,-1.2649308577577054,-0.9795431711305613,1.606006317870385,within_normal_range,Normal
subject6,trendelenburg,trial1,right,0.23433088650479955,16.0,0.9844559585492227,0.14072932717000508,Mild flat foot,subject6_trendelenburg_trial1_pressure.csv,-0.4909156893647291,-0.3440261608637072,0.5093232850110379,-1.0066798339217038,1.2775628008446913,within_normal_range,Normal
subject6,trendelenburg,trial1,left,0.2226910454758556,26.0,1.7633228840125392,0.24189397838394233,Mild flat foot,subject6_trendelenburg_trial1_pressure.csv,-0.6048102797307011,1.295495764895109,2.8371797734159774,-0.5519269956744208,3.224642185819075,outside_normal_range,Normal
subject6,trendelenburg,trial20,right,0.23843843843843843,14.0,0.9050203527815468,0.11509101585437465,Mild flat foot,subject6_trendelenburg_trial20_pressure.csv,-0.45072373625081263,-0.6719305460154704,0.2719082860538501,-1.1219285368900398,1.409716390981359,within_normal_range,Normal
subject6,trendelenburg,trial20,left,0.2649524874231414,21.0,0.5906788247213779,0.4168297455968689,Severe flat foot,subject6_trendelenburg_trial20_pressure.csv,-0.1912866236178366,0.47573480201570095,-0.6675872063689459,0.2344399387878071,0.8738128731200715,within_normal_range,Normal
subject6,trendelenburg,trial2,left,0.2732818218788125,24.0,1.5283783783783784,0.2391789379741187,Severe flat foot,subject6_trendelenburg_trial2_pressure.csv,-0.10978498339003148,0.9675913797433459,2.134983963098017,-0.5641315781793547,2.4134387874807235,borderline,Normal
subject6,trendelenburg,trial2,right,0.21637426900584794,13.0,0.7705128205128206,0.10996978851963746,Mild flat foot,subject6_trendelenburg_trial2_pressure.csv,-0.6666192569062432,-0.8358827385913521,-0.13010420349284904,-1.1449493513527544,1.5719151717833926,within_normal_range,Normal
subject6,trendelenburg,trial3,right,0.22363335173937052,15.0,0.8414634146341463,0.13472584856396863,Mild flat foot,subject6_trendelenburg_trial3_pressure.csv,-0.595589914468371,-0.5079783534395889,0.08195102119558521,-1.0336665224803234,1.299211993229435,within_normal_range,Normal
subject6,trendelenburg,trial3,left,0.18505586592178772,14.0,0.3046181172291297,0.4319682959048877,Normal,subject6_trendelenburg_trial3_pressure.csv,-0.9730664567696816,-0.6719305460154704,-1.5225577440091411,0.302490375742928,1.951417817695189,within_normal_range,Normal
subject6,trendelenburg,trial4,left,0.34319833852544135,26.0,0.5538178472861086,0.31573754316724223,Severe flat foot,subject6_trendelenburg_trial4_pressure.csv,0.5743405990369249,1.295495764895109,-0.7777563028941276,-0.21998722947596425,1.6314029693448857,within_normal_range,Normal
subject6,trendelenburg,trial4,right,0.38796516231195566,17.0,1.047244094488189,0.3401574803149606,Severe flat foot,subject6_trendelenburg_trial4_pressure.csv,1.0123791465112537,-0.18007396828782554,0.6969827745360655,-0.11021533193577603,1.2471048784041718,within_normal_range,Normal
subject6,trendelenburg,trial5,left,0.24074074074074073,23.0,1.6756302521008404,0.48818137964302943,Mild flat foot,subject6_trendelenburg_trial5_pressure.csv,-0.4281959562779323,0.8036391871674642,2.575086397118708,0.5551780395642841,2.787199370042302,borderline,Normal
subject6,trendelenburg,trial5,right,0.22933730454207,12.0,0.744413407821229,0.09377007064868337,Mild flat foot,subject6_trendelenburg_trial5_pressure.csv,-0.5397773508504609,-0.9998349311672337,-0.20810942516988779,-1.2177699224931875,1.67848222958926,within_normal_range,Normal
subject6,trendelenburg,trial6,left,0.24266666666666667,20.0,0.44630281690140844,0.5331340308918784,Mild flat foot,subject6_trendelenburg_trial6_pressure.csv,-0.4093509785962704,0.31178260943981934,-1.0990943298403832,0.757248085740038,1.430457838760395,within_normal_range,Normal
subject6,trendelenburg,trial6,right,0.2286361063950198,15.0,0.6188925081433225,0.13931398416886542,Mild flat foot,subject6_trendelenburg_trial6_pressure.csv,-0.5466384991707061,-0.5079783534395889,-0.5832629092799304,-1.013042048777766,1.3868328919781,within_normal_range,Normal
subject6,trendelenburg,trial7,right,0.21779859484777517,13.0,0.7210965435041716,0.10622501427755571,Mild flat foot,subject6_trendelenburg_trial7_pressure.csv,-0.6526823820030052,-0.8358827385913521,-0.2777982412117702,-1.161782767914244,1.5973745043335739,within_normal_range,Normal
subject6,trendelenburg,trial7,left,0.22914521112255407,23.0,1.4370257966616085,0.5177961969770843,Mild flat foot,subject6_trendelenburg_trial7_pressure.csv,-0.5416569642638538,0.8036391871674642,1.8619518274024034,0.6883018340441975,2.209038757560055,borderline,Normal
subject6,trendelenburg,trial8,left,0.2546833184656557,23.0,1.1207502930832356,0.376011423131842,Mild flat foot,subject6_trendelenburg_trial8_pressure.csv,-0.2917693354438341,0.8036391871674642,0.9166761210415343,0.05095442511555181,1.2545344764426083,within_normal_range,Normal
subject6,trendelenburg,trial8,right,0.20517241379310344,16.0,0.8388625592417062,0.0929978118161926,Normal,subject6_trendelenburg_trial8_pressure.csv,-0.7762282032502653,-0.3440261608637072,0.07417765465149521,-1.221241361298369,1.4892336988784691,within_normal_range,Normal
subject6,trendelenburg,trial9,left,0.3325714285714286,20.0,0.3525535420098847,0.17874875868917572,Severe flat foot,subject6_trendelenburg_trial9_pressure.csv,0.4703574301037176,0.31178260943981934,-1.3792896375428805,-0.8357758256102598,1.708626829506829,within_normal_range,Normal
subject6,trendelenburg,trial9,right,0.20926143024618993,14.0,1.0480225988700564,0.1571665744327615,Normal,subject6_trendelenburg_trial9_pressure.csv,-0.7362176178165003,-0.6719305460154704,0.6993095474639363,-0.9327915265335489,1.5338321011763492,within_normal_range,Normal
subject7,antalgic,trial10,right,0.08837656099903939,5.0,0.4659400544959128,0.6523972602739726,Normal,subject7_antalgic_trial10_pressure.csv,-1.9190630389964023,-2.1475002791984052,-1.0404030830378261,1.2933572049752773,3.3241197077806044,outside_normal_range,Normal
subject7,antalgic,trial10,left,0.1859931113662457,8.0,0.6492985971943888,0.2098214285714286,Normal,subject7_antalgic_trial10_pressure.csv,-0.9638956110765597,-1.6556437014707601,-0.4923860092980264,-0.6960987284096455,2.0969616680136087,borderline,Normal
subject7,antalgic,trial11,left,0.2932584269662921,8.0,0.44569288389513106,0.25297297297297294,Severe flat foot,subject7_antalgic_trial11_pressure.csv,0.08568394506729389,-1.6556437014707601,-1.1009172811812822,-0.5021249731909602,2.0524731796950975,borderline,Normal
subject7,antalgic,trial11,right,0.1753875968992248,10.0,0.5148026315789473,0.5121693121693122,Normal,subject7_antalgic_trial11_pressure.csv,-1.0676694274747485,-1.327739316318997,-0.8943639287429302,0.663008000614044,2.0352582500454863,borderline,Normal
subject7,antalgic,trial12,left,0.21331828442437922,9.0,0.3643410852713178,0.44676409185803756,Mild flat foot,subject7_antalgic_trial12_pressure.csv,-0.6965217367773695,-1.4916915088948786,-1.3440593457351262,0.3690000717986545,2.1570680715632946,borderline,Normal
subject7,antalgic,trial12,right,0.5492957746478874,13.0,1.0391061452513966,0.6864406779661016,Severe flat foot,subject7_antalgic_trial12_pressure.csv,2.5909818061009675,-0.8358827385913521,0.6726602910490332,1.446388334261676,3.155376008158718,outside_normal_range,Normal
subject7,antalgic,trial13,right,0.1557454890788224,8.0,0.385752688172043,0.5556485355648535,Normal,subject7_antalgic_trial13_pressure.csv,-1.2598653362131995,-1.6556437014707601,-1.2800649236970438,0.8584547303427587,2.5891943659251955,borderline,Normal
subject7,antalgic,trial13,left,0.17327293318233294,9.0,0.4728813559322034,0.2947598253275109,Normal,subject7_antalgic_trial13_pressure.csv,-1.0883611841059844,-1.4916915088948786,-1.0196571082657795,-0.3142857479119595,2.1326391571372714,borderline,Normal
subject7,antalgic,trial14,left,0.3006134969325153,10.0,0.6262833675564682,0.34611398963730566,Severe flat foot,subject7_antalgic_trial14_pressure.csv,0.1576525122352648,-1.327739316318997,-0.5611733077352952,-0.08343977853961478,1.452454365779056,within_normal_range,Normal
subject7,antalgic,trial14,right,0.14482758620689656,6.0,0.9826839826839827,0.49670743179680155,Normal,subject7_antalgic_trial14_pressure.csv,-1.366695839495965,-1.9835480866225235,0.5040272512723575,0.5935041383492525,2.5315234863422282,borderline,Normal
subject7,antalgic,trial15,left,0.20925553319919518,9.0,0.424597364568082,0.5436071126164268,Normal,subject7_antalgic_trial15_pressure.csv,-0.7362753197859829,-1.4916915088948786,-1.163967001147926,0.8043264236998292,2.183805183586229,borderline,Normal
subject7,antalgic,trial15,right,0.4160756501182033,11.0,0.2346723044397463,0.6068376068376069,Severe flat foot,subject7_antalgic_trial15_pressure.csv,1.2874372410091908,-1.1637871237431152,-1.7316099053159857,1.088558577577889,2.6824108111798357,borderline,Normal
subject7,antalgic,trial16,left,0.20853540252182348,10.0,0.4108416547788873,0.5730897009966778,Normal,subject7_antalgic_trial16_pressure.csv,-0.7433217208755915,-1.327739316318997,-1.2050796960622003,0.9368558258567399,2.1553038730368783,borderline,Normal
subject7,antalgic,trial16,right,0.13707451701931922,7.0,0.4090909090909091,0.6086956521739131,Normal,subject7_antalgic_trial16_pressure.csv,-1.442558786163569,-1.819595894046642,-1.2103122776189055,1.0969108170225792,2.839009372831536,borderline,Normal
subject7,antalgic,trial17,left,0.23898678414096916,9.0,0.5427509293680297,0.49786324786324787,Mild flat foot,subject7_antalgic_trial17_pressure.csv,-0.4453582326315295,-1.4916915088948786,-0.8108328090853746,0.5986997341468078,1.8545562081097722,within_normal_range,Normal
subject7,antalgic,trial17,right,0.16303317535545023,11.0,0.6895973154362416,0.4817642069550466,Normal,subject7_antalgic_trial17_pressure.csv,-1.1885561111878515,-1.1637871237431152,-0.37194228564408377,0.5263317235995127,1.7839372875607598,within_normal_range,Normal
subject7,antalgic,trial18,left,0.2492753623188406,9.0,0.5595432300163132,0.5502471169686984,Mild flat foot,subject7_antalgic_trial18_pressure.csv,-0.34468560367525053,-1.4916915088948786,-0.7606444332006236,0.8341744070510912,1.9022036216525793,within_normal_range,Normal
subject7,antalgic,trial18,right,0.14058577405857742,8.0,0.9762340036563071,0.6068855084067254,Normal,subject7_antalgic_trial18_pressure.csv,-1.408201514345035,-1.6556437014707601,0.4847497276816376,1.0887739035267432,2.4788300632983566,borderline,Normal
subject7,antalgic,trial19,right,0.12266666666666666,10.0,0.5610795454545454,0.6452223273415326,Normal,subject7_antalgic_trial19_pressure.csv,-1.5835380495305766,-1.327739316318997,-0.7560527349987798,1.2611046238996904,2.5362344246797566,borderline,Normal
subject7,antalgic,trial19,left,0.21928934010152284,10.0,0.3795731707317073,0.5495093666369313,Mild flat foot,subject7_antalgic_trial19_pressure.csv,-0.6380956003112784,-1.327739316318997,-1.2985340989802796,0.8308580900049375,2.1322696028356796,borderline,Normal
subject7,antalgic,trial1,left,0.22158438576349024,8.0,0.6292372881355932,0.4656964656964657,Mild flat foot,subject7_antalgic_trial1_pressure.csv,-0.6156388257822286,-1.6556437014707601,-0.5523447094708887,0.4541044104631236,1.9056397150859505,within_normal_range,Normal
subject7,antalgic,trial1,right,0.15153970826580226,9.0,0.75642965204236,0.672106824925816,Normal,subject7_antalgic_trial1_pressure.csv,-1.3010184483284648,-1.4916915088948786,-0.17219559809374288,1.3819551525636073,2.420174359070034,borderline,Normal
subject7,antalgic,trial20,right,0.09508881922675026,8.0,0.45050215208034433,0.6642468239564429,Normal,subject7_antalgic_trial20_pressure.csv,-1.8533843154318146,-1.6556437014707601,-1.0865434699647274,1.3466230705907256,3.0282271865364794,outside_normal_range,Normal
subject7,antalgic,trial20,left,0.19622093023255813,7.0,0.4802494802494803,0.3801652892561983,Normal,subject7_antalgic_trial20_pressure.csv,-0.8638175054375428,-1.819595894046642,-0.9976354567633174,0.06962678138904461,2.2488295385843915,borderline,Normal
subject7,antalgic,trial2,left,0.22929936305732485,9.0,0.21739130434782608,0.45080946450809467,Mild flat foot,subject7_antalgic_trial2_pressure.csv,-0.5401486041907925,-1.4916915088948786,-1.7832588929349849,0.3871847308896153,2.4180215812486274,borderline,Normal
subject7,antalgic,trial2,right,0.43820224719101125,13.0,0.2871536523929471,0.6745718050065876,Severe flat foot,subject7_antalgic_trial2_pressure.csv,1.5039436093980572,-0.8358827385913521,-1.5747550661142538,1.3930356700615958,2.7167900598391297,borderline,Normal
subject7,antalgic,trial3,left,0.24942263279445728,7.0,0.46153846153846156,0.4383259911894273,Mild flat foot,subject7_antalgic_trial3_pressure.csv,-0.34324457793858837,-1.819595894046642,-1.053558445514189,0.33106933035466907,2.156000546737269,borderline,Normal
subject7,antalgic,trial3,right,0.4342857142857143,14.0,0.6126482213438735,0.7696629213483146,Severe flat foot,subject7_antalgic_trial3_pressure.csv,1.465620756895653,-0.6719305460154704,-0.6019256654791514,1.8204869045551064,2.5051989817440026,borderline,Normal
subject7,antalgic,trial4,left,0.1952941176470588,8.0,0.2403598971722365,0.591715976331361,Normal,subject7_antalgic_trial4_pressure.csv,-0.8728862667298135,-1.6556437014707601,-1.7146109813497943,1.0205841980972563,2.7357941120699185,borderline,Normal
subject7,antalgic,trial4,right,0.2585139318885449,9.0,0.9411764705882353,0.13237410071942446,Mild flat foot,subject7_antalgic_trial4_pressure.csv,-0.2542871958196348,-1.4916915088948786,0.3799707171061971,-1.0442380412303536,1.8773961671095678,within_normal_range,Normal
subject7,antalgic,trial5,left,0.2558886509635974,9.0,0.5310734463276836,0.30418250950570347,Mild flat foot,subject7_antalgic_trial5_pressure.csv,-0.27997528681666617,-1.4916915088948786,-0.845734155868765,-0.27192913102530425,1.7586191838031289,within_normal_range,Normal
subject7,antalgic,trial5,right,0.0675818373812038,3.0,0.5594900849858357,0.4482071713147411,Normal,subject7_antalgic_trial5_pressure.csv,-2.122537169127359,-2.4754046643501684,-0.7608032716362779,0.37548696688382105,3.369362605456087,outside_normal_range,Normal
subject7,antalgic,trial6,left,0.22526817640047675,9.0,0.1933534743202417,0.48831775700934577,Mild flat foot,subject7_antalgic_trial6_pressure.csv,-0.5795933312990752,-1.4916915088948786,-1.8551025118736129,0.5557910797286187,2.5122462142992936,borderline,Normal
subject7,antalgic,trial6,right,0.44794520547945205,16.0,0.6954732510288066,0.6553323029366306,Severe flat foot,subject7_antalgic_trial6_pressure.csv,1.5992774065225521,-0.3440261608637072,-0.3543804476106285,1.3065507361663056,2.123370563561044,borderline,Normal
subject7,antalgic,trial7,left,0.2703349282296651,9.0,0.2515151515151515,0.49786324786324787,Severe flat foot,subject7_antalgic_trial7_pressure.csv,-0.13862002024209236,-1.4916915088948786,-1.6812704576312976,0.5986997341468078,2.3301224841394514,borderline,Normal
subject7,antalgic,trial7,right,0.62853470437018,16.0,0.8734177215189873,0.7220630372492837,Severe flat foot,subject7_antalgic_trial7_pressure.csv,3.3663261960558684,-0.3440261608637072,0.17745519293854523,1.6065170827395803,3.7500524716656356,outside_normal_range,Normal
subject7,antalgic,trial8,left,0.2128654970760234,9.0,0.3030769230769231,0.547486033519553,Mild flat foot,subject7_antalgic_trial8_pressure.csv,-0.7009522121967199,-1.4916915088948786,-1.5271640235799055,0.8217628530144825,2.3924886003916135,borderline,Normal
subject7,antalgic,trial8,right,0.5006765899864682,15.0,0.4198473282442748,0.6684636118598383,Severe flat foot,subject7_antalgic_trial8_pressure.csv,2.1152483225275853,-0.5079783534395889,-1.178163781772493,1.3655782712892448,2.8258080941947816,borderline,Normal
subject7,antalgic,trial9,left,0.21553610503282275,9.0,0.35962145110410093,0.35106382978723405,Mild flat foot,subject7_antalgic_trial9_pressure.csv,-0.6748206010766525,-1.4916915088948786,-1.358165261212944,-0.06118937951149871,2.1281173412848178,borderline,Normal
subject7,antalgic,trial9,right,0.28914405010438415,11.0,0.3684210526315789,0.3893985728848114,Severe flat foot,subject7_antalgic_trial9_pressure.csv,0.045425210765597274,-1.1637871237431152,-1.3318652491808085,0.11113200960927005,1.7727603573801576,within_normal_range,Normal
subject7,lurching,trial10,right,0.1365920511649155,14.0,0.6031746031746031,0.5529551765172551,Normal,subject7_lurching_trial10_pressure.csv,-1.44727966256697,-0.6719305460154704,-0.6302401602959501,0.8463476093611008,1.9130122884784944,within_normal_range,Normal
subject7,lurching,trial10,left,0.12324929971988796,10.0,1.0492307692307692,0.5027152831652444,Normal,subject7_lurching_trial10_pressure.csv,-1.5778370478789812,-1.327739316318997,0.7029204944965256,0.6205104832412992,2.2653017289434727,borderline,Normal
subject7,lurching,trial11,left,0.17526377491207504,12.0,1.1807580174927115,0.43733681462140994,Normal,subject7_lurching_trial11_pressure.csv,-1.068881012278154,-0.9998349311672337,1.096025591476318,0.3266228083093124,1.8574528430272013,within_normal_range,Normal
subject7,lurching,trial11,right,0.5123350545037292,31.0,1.7588424437299035,0.8338092518560822,Severe flat foot,subject7_lurching_trial11_pressure.csv,2.2293251417202034,2.115256727774517,2.8237887541778193,2.1088359030592088,4.676021108394811,outside_normal_range,Normal
subject7,lurching,trial12,left,0.16431637032495403,14.0,1.4768211920529801,0.23469387755102045,Normal,subject7_lurching_trial12_pressure.csv,-1.176000186665524,-0.6719305460154704,1.9808912332775959,-0.58429271087383,2.4697763355741995,borderline,Normal
subject7,lurching,trial12,right,0.07042253521126761,6.0,0.7611386138613861,0.19161676646706582,Normal,subject7_lurching_trial12_pressure.csv,-2.0947412469232587,-1.9835480866225235,-0.1581215798427427,-0.7779318752840865,2.9920869539671577,borderline,Normal
subject7,lurching,trial13,right,0.14078073089700996,18.0,0.4166666666666667,0.5697473174108688,Normal,subject7_lurching_trial13_pressure.csv,-1.406293882686054,-0.016121775711943915,-1.1876700574260022,0.9218312258218578,2.058702351079154,borderline,Normal
subject7,lurching,trial13,left,0.13426219126029132,12.0,0.9327296248382924,0.43542934415145373,Normal,subject7_lurching_trial13_pressure.csv,-1.4700770907094527,-0.9998349311672337,0.35472501204064494,0.31804839422616515,1.8405926103969974,within_normal_range,Normal
subject7,lurching,trial14,left,0.15059445178335534,9.0,0.849931787175989,0.505050505050505,Normal,subject7_lurching_trial14_pressure.csv,-1.3102676811651817,-1.4916915088948786,0.10726106495695342,0.6310077149078591,2.0860538407107327,borderline,Normal
subject7,lurching,trial14,right,0.47380812242495585,30.0,0.6898496240601504,0.8039906103286385,Severe flat foot,subject7_lurching_trial14_pressure.csv,1.8523432623063716,1.9513045351986356,-0.3711881924247611,1.974795883105923,3.3580298397462522,outside_normal_range,Normal
subject7,lurching,trial15,right,0.46691449814126396,25.0,0.5157232704402516,0.7648054145516074,Severe flat foot,subject7_lurching_trial15_pressure.csv,1.7848898914247902,1.1315435723192275,-0.8916123481112455,1.7986515601329065,2.9148486743980975,borderline,Normal
subject7,lurching,trial15,left,0.5568862275449101,16.0,2.6470588235294117,0.8493150684931507,Severe flat foot,subject7_lurching_trial15_pressure.csv,2.665253569886134,-0.3440261608637072,5.478465946425873,2.178537266533859,6.479316656791374,outside_normal_range,Normal
subject7,lurching,trial16,left,0.20510894064613072,15.0,0.5354691075514875,0.1747709654686399,Normal,subject7_lurching_trial16_pressure.csv,-0.776849281154656,-0.5079783534395889,-0.8325965219981587,-0.8536567033209345,1.5111199650464215,within_normal_range,Normal
subject7,lurching,trial16,right,0.4109375,22.0,1.1294765840220387,0.7005388760585065,Severe flat foot,subject7_lurching_trial16_pressure.csv,1.237160995698242,0.6396869945915826,0.9427570243608249,1.509762205665982,2.260075110469952,borderline,Normal
subject7,lurching,trial17,left,0.3042725173210162,20.0,1.0015503875968992,0.23238566131025962,Severe flat foot,subject7_lurching_trial17_pressure.csv,0.1934556325057875,0.31178260943981934,0.5604146541182059,-0.5946685474351074,0.8957280520092726,within_normal_range,Normal
subject7,lurching,trial17,right,0.2311483489403647,28.0,0.3405044510385757,0.5590631364562118,Mild flat foot,subject7_lurching_trial17_pressure.csv,-0.5220564765390804,1.6234001500468724,-1.4153016361012454,0.8738039598235493,2.38213834468588,borderline,Normal
subject7,lurching,trial18,left,0.06153846153846154,4.0,0.7376586741889986,0.7469325153374233,Normal,subject7_lurching_trial18_pressure.csv,-2.181670950621898,-2.311452471774287,-0.22829779111427695,1.7183097455976126,3.6203879528722203,outside_normal_range,Normal
subject7,lurching,trial18,right,0.43184183142559834,31.0,0.317907444668008,0.6121495327102804,Severe flat foot,subject7_lurching_trial18_pressure.csv,1.4417076264187692,2.115256727774517,-1.4828389601016996,1.1124366153921947,3.1605630051195197,outside_normal_range,Normal
subject7,lurching,trial19,left,0.0890924229808493,9.0,1.858910891089109,0.10008481764206956,Normal,subject7_lurching_trial19_pressure.csv,-1.9120584066329473,-1.4916915088948786,3.1228706343477404,-1.1893840279776906,4.1289304030177965,outside_normal_range,Normal
subject7,lurching,trial19,right,0.4511742892459827,27.0,0.4991624790619765,0.7486111111111111,Severe flat foot,subject7_lurching_trial19_pressure.csv,1.63087364326942,1.4594479574709907,-0.94110879532539,1.7258553278063637,2.9417681006553758,borderline,Normal
subject7,lurching,trial1,right,0.26031584309730005,21.0,0.6005802707930368,0.3444136657433057,Severe flat foot,subject7_lurching_trial1_pressure.csv,-0.23665568878386875,0.47573480201570095,-0.6379940310408347,-0.0910830324574382,0.8352616472268207,within_normal_range,Normal
subject7,lurching,trial1,left,0.4184873949579832,17.0,0.29818181818181816,0.563894523326572,Severe flat foot,subject7_lurching_trial1_pressure.csv,1.3110359044197082,-0.18007396828782554,-1.5417943812430124,0.8955218905988029,2.2204349004883492,borderline,Normal
subject7,lurching,trial20,right,0.2546583850931677,30.0,0.6103491271820449,0.4343127321850726,Mild flat foot,subject7_lurching_trial20_pressure.csv,-0.2920133058072523,1.9513045351986356,-0.6087971361849885,0.31302902772967156,2.088416214523262,borderline,Normal
subject7,lurching,trial20,left,0.22061378112333527,14.0,0.7535596933187295,0.42078708375378404,Mild flat foot,subject7_lurching_trial20_pressure.csv,-0.6251360876110521,-0.6719305460154704,-0.18077325342592102,0.2522288674023655,0.9688055312639238,within_normal_range,Normal
subject7,lurching,trial2,left,0.28373524884556184,18.0,0.8610451306413301,0.3056603773584906,Severe flat foot,subject7_lurching_trial2_pressure.csv,-0.007499326795755744,-0.016121775711943915,0.140476326573407,-0.26528585600240984,0.300709719292519,within_normal_range,Normal
subject7,lurching,trial2,right,0.466824644549763,25.0,0.8788659793814433,0.5991341991341992,Severe flat foot,subject7_lurching_trial2_pressure.csv,1.7840106837129783,1.1315435723192275,0.193738799291552,1.0539304097814877,2.368837057856051,borderline,Normal
subject7,lurching,trial3,left,0.26391279403327594,18.0,1.0869565217391304,0.2136842105263158,Severe flat foot,subject7_lurching_trial3_pressure.csv,-0.2014599114188025,-0.016121775711943915,0.8156742074678485,-0.678734846495986,1.0802089668842831,within_normal_range,Normal
subject7,lurching,trial3,right,0.5657748049052397,28.0,0.8449438202247191,0.8126361655773421,Severe flat foot,subject7_lurching_trial3_pressure.csv,2.752227341681954,1.6234001500468724,0.09235316368157703,2.013659169247812,3.7780333169801064,outside_normal_range,Normal
subject7,lurching,trial4,right,0.20498220640569395,19.0,0.3928944618599791,0.6169031462060457,Normal,subject7_lurching_trial4_pressure.csv,-0.7780893620427022,0.14783041686393772,-1.258719782858906,1.1338049412173723,1.8700711280492743,within_normal_range,Normal
subject7,lurching,trial4,left,0.07545605306799337,6.0,0.8191330343796711,0.44306049822064053,Normal,subject7_lurching_trial4_pressure.csv,-2.045488817017556,-1.9835480866225235,0.015210582149457141,0.35235176927291173,2.871039993383379,borderline,Normal
subject7,lurching,trial5,left,0.15979043876882776,10.0,0.7141119221411192,0.520891364902507,Normal,subject7_lurching_trial5_pressure.csv,-1.2202859393083327,-1.327739316318997,-0.29867368941412065,0.7022151563563689,1.9581372690232164,within_normal_range,Normal
subject7,lurching,trial5,right,0.41480206540447506,27.0,0.7441077441077442,0.7606594656054576,Severe flat foot,subject7_lurching_trial5_pressure.csv,1.2749753518041969,1.4594479574709907,-0.20902298464384075,1.780014792963089,2.639638944922455,borderline,Normal
subject7,lurching,trial6,right,0.18716131721550647,24.0,0.5920223932820154,0.558735583084152,Normal,subject7_lurching_trial6_pressure.csv,-0.9524648427066278,0.9675913797433459,-0.663571584843309,0.8723315500061457,1.7449102945691446,within_normal_range,Normal
subject7,lurching,trial6,left,0.19952774498229045,15.0,0.866421568627451,0.3987103707684041,Normal,subject7_lurching_trial6_pressure.csv,-0.8314606793949548,-0.5079783534395889,0.15654527961445855,0.15299017316675423,0.9986397181157367,within_normal_range,Normal
subject7,lurching,trial7,right,0.510519801980198,27.0,1.2328767123287672,0.7311385459533608,Severe flat foot,subject7_lurching_trial7_pressure.csv,2.2115630913567768,1.4594479574709907,1.2517965428094202,1.6473130850209423,3.361790390891232,outside_normal_range,Normal
subject7,lurching,trial7,left,0.5341614906832298,16.0,0.5473251028806584,0.7667493796526055,Severe flat foot,subject7_lurching_trial7_pressure.csv,2.442894468108057,-0.3440261608637072,-0.7971616424940745,1.807390023978969,3.1604133850991896,outside_normal_range,Normal
subject7,lurching,trial8,right,0.5783521809369951,24.0,0.6158357771260997,0.8445146014206788,Severe flat foot,subject7_lurching_trial8_pressure.csv,2.8752956110383394,0.9675913797433459,-0.5923987846125721,2.156958325669399,3.769212579265722,outside_normal_range,Normal
subject7,lurching,trial8,left,0.35082872928176795,15.0,0.7240143369175627,0.7374149659863946,Severe flat foot,subject7_lurching_trial8_pressure.csv,0.6490031504723861,-0.5079783534395889,-0.26907761884724096,1.675526693132122,1.8865416934828245,within_normal_range,Normal
subject7,lurching,trial9,right,0.19227738376674547,26.0,0.6364261168384879,0.4092018124782154,Normal,subject7_lurching_trial9_pressure.csv,-0.9024046827190919,1.295495764895109,-0.5308589318714477,0.20015104247824086,1.6776516723108315,within_normal_range,Normal
subject7,lurching,trial9,left,0.1458966565349544,14.0,0.860431654676259,0.32986627043090644,Normal,subject7_lurching_trial9_pressure.csv,-1.3562351015199232,-0.6719305460154704,0.1386427861326934,-0.15647612409602601,1.527930269620363,within_normal_range,Normal
subject7,normal,trial10,left,0.2805084745762712,14.0,0.7575187969924813,0.40035429583702387,Severe flat foot,subject7_normal_trial10_pressure.csv,-0.03907296536096036,-0.6719305460154704,-0.1689403910024352,0.16037990447952039,0.7122358631546595,within_normal_range,Normal
subject7,normal,trial10,right,0.4156171284634761,15.0,0.4582043343653251,0.6751054852320675,Severe flat foot,subject7_normal_trial10_pressure.csv,1.2829506560198234,-0.5079783534395889,-1.0635233950060887,1.3954346562127977,2.232112068160982,borderline,Normal
subject7,normal,trial11,right,0.15095541401273885,15.0,0.6579234972677596,0.3829787234042553,Normal,subject7_normal_trial11_pressure.csv,-1.3067357046415338,-0.5079783534395889,-0.46660814026642367,0.08227366099272272,1.4798960508104066,within_normal_range,Normal
subject7,normal,trial11,left,0.15077424612876936,10.0,0.7084398976982097,0.4009042954031651,Normal,subject7_normal_trial11_pressure.csv,-1.3085084128667464,-1.327739316318997,-0.31562608329573777,0.16285224892727185,1.8976898160868036,within_normal_range,Normal
subject7,normal,trial12,left,0.44412607449856734,17.0,0.495,0.5871369294605809,Severe flat foot,subject7_normal_trial12_pressure.csv,1.5619076213562233,-0.18007396828782554,-0.9535495006313802,1.0000005798475282,2.093141147069477,borderline,Normal
subject7,normal,trial12,right,0.535475234270415,14.0,0.5560344827586207,0.7017082785808146,Severe flat foot,subject7_normal_trial12_pressure.csv,2.4557493075630212,-0.6719305460154704,-0.7711312824979332,1.5150188749639224,3.0613919981944098,outside_normal_range,Normal
subject7,normal,trial13,right,0.22522522522522523,19.0,0.8386206896551724,0.4741532976827094,Mild flat foot,subject7_normal_trial13_pressure.csv,-0.5800136039212566,0.14783041686393772,0.07345476134590852,0.49211935246289307,0.7783615303422771,within_normal_range,Normal
subject7,normal,trial13,left,0.137221269296741,10.0,0.7526717557251908,0.3853211009174312,Normal,subject7_normal_trial13_pressure.csv,-1.441122830940412,-1.327739316318997,-0.18342709738930166,0.09280305846092257,1.9702752634272478,within_normal_range,Normal
subject7,normal,trial14,left,0.1962540716612378,13.0,1.1795918367346938,0.4201680672268907,Normal,subject7_normal_trial14_pressure.csv,-0.8634932201286432,-0.8358827385913521,1.092540141837293,0.2494462796194904,1.6432248482252725,within_normal_range,Normal
subject7,normal,trial14,right,0.5463917525773195,20.0,0.5899053627760252,0.661139896373057,Severe flat foot,subject7_normal_trial14_pressure.csv,2.562566263026229,0.31178260943981934,-0.6698989085983766,1.3326568865549047,2.9813911472621006,borderline,Normal
subject7,normal,trial15,left,0.12544378698224853,7.0,0.9273422562141491,0.1655034895314058,Normal,subject7_normal_trial15_pressure.csv,-1.5563642264556996,-1.819595894046642,0.33862338980308376,-0.8953156319612675,2.5786536611143385,borderline,Normal
subject7,normal,trial15,right,0.3955094991364421,17.0,0.6896551724137931,0.418732782369146,Severe flat foot,subject7_normal_trial15_pressure.csv,1.0861996694953002,-0.18007396828782554,-0.37176936426792856,0.24299442262279644,1.1872300138139156,within_normal_range,Normal
subject7,normal,trial16,left,0.12996108949416343,12.0,0.7317415730337079,0.6357142857142857,Normal,subject7_normal_trial16_pressure.csv,-1.5121629080807868,-0.9998349311672337,-0.24598266367283117,1.2183643103190098,2.198004916656063,borderline,Normal
subject7,normal,trial16,right,0.3210332103321033,19.0,0.3333333333333333,0.592737978410206,Severe flat foot,subject7_normal_trial16_pressure.csv,0.3574572077850999,0.14783041686393772,-1.4367344795479404,1.0251782765670823,1.8068829378281897,within_normal_range,Normal
subject7,normal,trial17,right,0.1927877947295423,16.0,0.763758389261745,0.24947735191637632,Normal,subject7_normal_trial17_pressure.csv,-0.8974103664409322,-0.3440261608637072,-0.15029166568858696,-0.5178384025148313,1.1020179495129978,within_normal_range,Normal
subject7,normal,trial17,left,0.5790190735694822,17.0,0.8452380952380952,0.6462480857580398,Severe flat foot,subject7_normal_trial17_pressure.csv,2.881821083594737,-0.18007396828782554,0.09323268491539433,1.2657155877656778,3.1540525795483525,outside_normal_range,Normal
subject7,normal,trial18,right,0.22663080026899798,17.0,0.8620689655172413,0.4874464176362523,Mild flat foot,subject7_normal_trial18_pressure.csv,-0.5662602035577076,-0.18007396828782554,0.14353633667401225,0.5518742565276678,0.8235563897826927,within_normal_range,Normal
subject7,normal,trial18,left,0.060034305317324184,5.0,0.6126943005181347,0.6713780918727915,Normal,subject7_normal_trial18_pressure.csv,-2.1963889571846056,-2.1475002791984052,-0.6017879452842408,1.3786793697658526,3.42034902255707,outside_normal_range,Normal
subject7,normal,trial19,left,0.18864468864468864,9.0,0.4742785445420326,0.5908761766835626,Normal,subject7_normal_trial19_pressure.csv,-0.9379502130938023,-1.4916915088948786,-1.0154812285813497,1.016809151489447,2.273762770410661,borderline,Normal
subject7,normal,trial19,right,0.47117516629711753,15.0,0.6678200692041523,0.7563395810363837,Severe flat foot,subject7_normal_trial19_pressure.csv,1.8265800702759967,-0.5079783534395889,-0.4370295326225136,1.7605961546826816,2.6239531994607597,borderline,Normal
subject7,normal,trial1,right,0.2149966821499668,18.0,0.6710684273709484,0.3904428904428905,Mild flat foot,subject7_normal_trial1_pressure.csv,-0.6800987958667821,-0.016121775711943915,-0.4273209272266157,0.11582640006946783,0.8116730952732264,within_normal_range,Normal
subject7,normal,trial1,left,0.4798387096774194,14.0,0.20303030303030303,0.7241379310344828,Severe flat foot,subject7_normal_trial1_pressure.csv,1.9113519088229043,-0.6719305460154704,-1.8261806668658802,1.6158440939688834,3.170275183967228,outside_normal_range,Normal
subject7,normal,trial20,right,0.14083457526080476,12.0,0.4178010471204188,0.612639405204461,Normal,subject7_normal_trial20_pressure.csv,-1.405767021387633,-0.9998349311672337,-1.1842796516798397,1.1146386781130637,2.3708202133716942,borderline,Normal
subject7,normal,trial20,left,0.18201915991156964,10.0,0.615681233933162,0.5877659574468085,Normal,subject7_normal_trial20_pressure.csv,-1.0027802978982363,-1.327739316318997,-0.5928606791450751,1.0028281708948104,2.0311593101400747,borderline,Normal
subject7,normal,trial2,right,0.20773809523809525,16.0,0.611170784103115,0.560302866414278,Normal,subject7_normal_trial2_pressure.csv,-0.75112328674322,-0.3440261608637072,-0.6063413901102429,0.8793767632714509,1.3503679366710224,within_normal_range,Normal
subject7,normal,trial2,left,0.22052845528455284,12.0,0.5732217573221757,0.4386617100371747,Mild flat foot,subject7_normal_trial2_pressure.csv,-0.6259709917503433,-0.9998349311672337,-0.719762419213658,0.3325784454164448,1.4213289325708571,within_normal_range,Normal
subject7,normal,trial3,right,0.4398200224971879,16.0,0.36585365853658536,0.7240223463687151,Severe flat foot,subject7_normal_trial3_pressure.csv,1.519773366466302,-0.3440261608637072,-1.3395386075003548,1.6153245206378337,2.6137524888054675,borderline,Normal
subject7,normal,trial3,left,0.5,13.0,0.5211864406779662,0.7423014586709886,Severe flat foot,subject7_normal_trial3_pressure.csv,2.1086279624072968,-0.8358827385913521,-0.8752841720527236,1.697492334200705,2.9652342981688826,borderline,Normal
subject7,normal,trial4,right,0.19779286926994907,11.0,0.7203252032520325,0.30069930069930073,Normal,subject7_normal_trial4_pressure.csv,-0.8484362513208648,-1.1637871237431152,-0.2801036021816712,-0.28758676510906955,1.4951283280597425,within_normal_range,Normal
subject7,normal,trial4,left,0.20512820512820512,12.0,0.7837037037037037,0.41544401544401544,Normal,subject7_normal_trial4_pressure.csv,-0.776660780273156,-0.9998349311672337,-0.09067964710226549,0.22821083887500926,1.289641361997715,within_normal_range,Normal
subject7,normal,trial5,right,0.14841628959276018,10.0,0.6552262090483619,0.28362305580969804,Normal,subject7_normal_trial5_pressure.csv,-1.3315807635201382,-1.327739316318997,-0.47466972264635066,-0.3643474788264579,1.9733371361225813,within_normal_range,Normal
subject7,normal,trial5,left,0.2705798138869005,16.0,0.9590747330960854,0.5625422582826234,Severe flat foot,subject7_normal_trial5_pressure.csv,-0.13622384047056682,-0.3440261608637072,0.43346456200825034,0.8894432222159332,1.0563672212512267,within_normal_range,Normal
subject7,normal,trial6,left,0.22707100591715976,13.0,0.8288431061806656,0.5166402535657686,Mild flat foot,subject7_normal_trial6_pressure.csv,-0.5619528387191758,-0.8358827385913521,0.044231783211983754,0.6831056658091346,1.2178180270164223,within_normal_range,Normal
subject7,normal,trial6,right,0.22429906542056074,13.0,0.5238828967642527,0.4784377542717657,Mild flat foot,subject7_normal_trial6_pressure.csv,-0.5890759778233906,-0.8358827385913521,-0.8672250767298259,0.5113787357636898,1.4350254372044715,within_normal_range,Normal
subject7,normal,trial7,left,0.07590759075907591,5.0,1.0065252854812399,0.3948562783661119,Normal,subject7_normal_trial7_pressure.csv,-2.0410705693599835,-2.1475002791984052,0.5752834949183535,0.13566535231501986,3.021106205615577,outside_normal_range,Normal
subject7,normal,trial7,right,0.46277820414428245,19.0,1.0337078651685394,0.4387755102040817,Severe flat foot,subject7_normal_trial7_pressure.csv,1.7444167003177995,0.14783041686393772,0.656526056937563,0.3330899971123482,1.8991626749997204,within_normal_range,Normal
subject7,normal,trial8,left,0.28322981366459626,18.0,1.0081037277147489,0.37206085753803597,Severe flat foot,subject7_normal_trial8_pressure.csv,-0.0124449555847984,-0.016121775711943915,0.5800011005512549,0.03319594035919013,0.5813071784079495,within_normal_range,Normal
subject7,normal,trial8,right,0.16433021806853582,11.0,1.2191304347826086,0.141399416909621,Normal,subject7_normal_trial8_pressure.csv,-1.1758646879865629,-1.1637871237431152,1.210712038729079,-1.003667663096083,2.2825929668936347,borderline,Normal
subject7,normal,trial9,right,0.20600858369098712,13.0,0.7637362637362637,0.4516539440203562,Normal,subject7_normal_trial9_pressure.csv,-0.7680463708902697,-0.8358827385913521,-0.15035779386320472,0.3909808143084222,1.2099870428419386,within_normal_range,Normal
subject7,normal,trial9,left,0.6178571428571429,15.0,0.5318181818181819,0.7079439252336448,Severe flat foot,subject7_normal_trial9_pressure.csv,3.261847407074919,-0.5079783534395889,-0.8435083104938692,1.543049199584772,3.740347258853915,outside_normal_range,Normal
subject7,steppage,trial10,right,0.514479359211337,26.0,0.6659959758551308,0.639807576668671,Severe flat foot,subject7_steppage_trial10_pressure.csv,2.2503069322520095,1.295495764895109,-0.44248133369295956,1.2367643705865259,2.90990831560405,borderline,Normal
subject7,steppage,trial10,left,0.5255255255255256,13.0,0.9567901234567902,0.830584707646177,Severe flat foot,subject7_steppage_trial10_pressure.csv,2.358392479497928,-0.8358827385913521,0.4266363822532271,2.094341011672619,3.290744279925648,outside_normal_range,Normal
subject7,steppage,trial11,right,0.3324238290131878,30.0,0.4619124797406807,0.3104982206405694,Severe flat foot,subject7_steppage_trial11_pressure.csv,0.4689131843290347,1.9513045351986356,-1.0524405899854035,-0.24353890252487148,2.2791251295214576,borderline,Normal
subject7,steppage,trial11,left,0.18574766355140188,13.0,1.0466666666666666,0.3594132029339854,Normal,subject7_steppage_trial11_pressure.csv,-0.9662972914997154,-0.8358827385913521,0.6952569738158506,-0.023657483829465042,1.4547757024419194,within_normal_range,Normal
subject7,steppage,trial12,right,0.42022116903633494,23.0,0.4446601941747573,0.7446428571428572,Severe flat foot,subject7_steppage_trial12_pressure.csv,1.3280006969757219,0.8036391871674642,-1.104003756402516,1.7080173307066326,2.558431021244126,borderline,Normal
subject7,steppage,trial12,left,0.6554621848739496,13.0,0.4742857142857143,0.7386541471048513,Severe flat foot,subject7_steppage_trial12_pressure.csv,3.629808691558884,-0.8358827385913521,-1.0154597998445476,1.6810970294497847,4.210873652523502,outside_normal_range,Normal
subject7,steppage,trial13,right,0.4522700814901048,27.0,0.7635009310986964,0.7262180974477959,Severe flat foot,subject7_steppage_trial13_pressure.csv,1.641595852315072,1.4594479574709907,-0.15106114971179013,1.625194806585688,2.7365859959463426,borderline,Normal
subject7,steppage,trial13,left,0.48233995584988965,17.0,0.44108761329305135,0.8468271334792122,Severe flat foot,subject7_steppage_trial13_pressure.csv,1.9358263331307253,-0.18007396828782554,-1.1146813899159478,2.1673535625879943,3.1176571800608697,outside_normal_range,Normal
subject7,steppage,trial14,right,0.20243619489559164,18.0,0.672650475184794,0.41355140186915884,Normal,subject7_steppage_trial14_pressure.csv,-0.8030018103561359,-0.016121775711943915,-0.4225925453323188,0.21970320913928987,0.9337696603359356,within_normal_range,Normal
subject7,steppage,trial14,left,0.5664794007490637,17.0,0.6462585034013606,0.7750229568411386,Severe flat foot,subject7_steppage_trial14_pressure.csv,2.759121736099055,-0.18007396828782554,-0.501472159743111,1.8445812035441205,3.3614183810015206,outside_normal_range,Normal
subject7,steppage,trial15,left,0.21350613915416097,12.0,0.6266666666666667,0.5280966767371601,Mild flat foot,subject7_steppage_trial15_pressure.csv,-0.6946835984863396,-0.9998349311672337,-0.5600277136787177,0.7346042959218876,1.5282439933672962,within_normal_range,Normal
subject7,steppage,trial15,right,0.2959953569355775,25.0,0.3324607329842932,0.5576828669612175,Severe flat foot,subject7_steppage_trial15_pressure.csv,0.1124645099338565,1.1315435723192275,-1.4393424839680653,0.8675994065249134,2.029156139484925,borderline,Normal
subject7,steppage,trial16,left,0.0839802399435427,9.0,0.8562005277044855,0.4744429882044561,Normal,subject7_steppage_trial16_pressure.csv,-1.962080566855073,-1.4916915088948786,0.12599690780290157,0.49342156213195065,2.5167923568089665,borderline,Normal
subject7,steppage,trial16,right,0.1889908256880734,9.0,0.5578144853875476,0.2011173184357542,Normal,subject7_steppage_trial16_pressure.csv,-0.9345632994178539,-1.4916915088948786,-0.7658112585841425,-0.7352252290313326,2.0556203782571987,borderline,Normal
subject7,steppage,trial17,left,0.16341463414634147,13.0,0.6841025641025641,0.562303664921466,Normal,subject7_steppage_trial17_pressure.csv,-1.1848235780181955,-0.8358827385913521,-0.3883648504315974,0.8883707032394793,1.74428685345266,within_normal_range,Normal
subject7,steppage,trial17,right,0.48058252427184467,21.0,0.6328358208955224,0.7255278310940498,Severe flat foot,subject7_steppage_trial17_pressure.csv,1.9186300544891246,0.47573480201570095,-0.5415895116828252,1.6220919383432149,2.6138030422051215,borderline,Normal
subject7,steppage,trial18,right,0.24756229685807152,25.0,0.5242805755395683,0.4332627118644068,Mild flat foot,subject7_steppage_trial18_pressure.csv,-0.36144776463941025,1.1315435723192275,-0.8660365051174561,0.3083090023521282,1.5020349568992086,within_normal_range,Normal
subject7,steppage,trial18,left,0.21846661170651277,11.0,0.5645863570391872,0.4914370811615786,Mild flat foot,subject7_steppage_trial18_pressure.csv,-0.6461459090138731,-1.1637871237431152,-0.7455716709889477,0.5698129885141426,1.6286402191970784,within_normal_range,Normal
subject7,steppage,trial19,left,0.08082292432035268,7.0,1.09478672985782,0.5793871866295265,Normal,subject7_steppage_trial19_pressure.csv,-1.9929745600518114,-1.819595894046642,0.8390769225899597,0.9651641275312371,2.9863805333113995,borderline,Normal
subject7,steppage,trial19,right,0.42449286250939144,23.0,0.6292372881355932,0.7042965459140691,Severe flat foot,subject7_steppage_trial19_pressure.csv,1.3697987573678672,0.8036391871674642,-0.5523447094708887,1.5266535902702707,2.271109958060887,borderline,Normal
subject7,steppage,trial1,right,0.2320865254619198,22.0,0.8525641025641025,0.48999555357936864,Mild flat foot,subject7_steppage_trial1_pressure.csv,-0.5128765203568795,0.6396869945915826,0.11512845828875146,0.5633330693768205,1.0014192354575813,within_normal_range,Normal
subject7,steppage,trial1,left,0.5067750677506775,19.0,0.3584474885844749,0.7155255544840887,Severe flat foot,subject7_steppage_trial1_pressure.csv,2.174921270386876,0.14783041686393772,-1.3616739687714658,1.5771299518910973,3.015564830494161,outside_normal_range,Normal
subject7,steppage,trial20,right,0.24250681198910082,24.0,0.40920295809367296,0.4134665965281431,Mild flat foot,subject7_steppage_trial20_pressure.csv,-0.4109151393931553,0.9675913797433459,-1.209977388577433,0.2193219942676656,1.6177860637223755,within_normal_range,Normal
subject7,steppage,trial20,left,0.2328125,11.0,0.9538745387453874,0.37730287398673545,Mild flat foot,subject7_steppage_trial20_pressure.csv,-0.5057729377198688,-1.1637871237431152,0.4179223611977101,0.056759723059768626,1.337193890230938,within_normal_range,Normal
subject7,steppage,trial2,right,0.25073421439060206,29.0,0.6999255398361877,0.5313553607552259,Mild flat foot,subject7_steppage_trial2_pressure.csv,-0.3304108933330168,1.787352342622754,-0.34107356674346456,0.7492526517298137,1.9953722633051296,within_normal_range,Normal
subject7,steppage,trial2,left,0.4651741293532338,16.0,0.7736625514403292,0.70042194092827,Severe flat foot,subject7_steppage_trial2_pressure.csv,1.7678605703451018,-0.3440261608637072,-0.12069037253325443,1.5092365617604502,2.3528803966449825,borderline,Normal
subject7,steppage,trial3,left,0.18915159944367177,12.0,0.7994579945799458,0.50625,Normal,subject7_steppage_trial3_pressure.csv,-0.9329901455414443,-0.9998349311672337,-0.04359364686587943,0.6363996549402781,1.5089882133783565,within_normal_range,Normal
subject7,steppage,trial3,right,0.4925241864555849,21.0,0.42890995260663506,0.703232125367287,Severe flat foot,subject7_steppage_trial3_pressure.csv,2.0354779323358985,0.47573480201570095,-1.1510776541758596,1.5218688333524195,2.830293010758391,borderline,Normal
subject7,steppage,trial4,left,0.1553627760252366,12.0,0.6554054054054054,0.5513361462728552,Normal,subject7_steppage_trial4_pressure.csv,-1.263610142208185,-0.9998349311672337,-0.4741341454009901,0.8390697846464972,1.8775573952386708,within_normal_range,Normal
subject7,steppage,trial4,right,0.401268834258525,23.0,0.5261044176706827,0.7020702070207021,Severe flat foot,subject7_steppage_trial4_pressure.csv,1.1425541431413633,0.8036391871674642,-0.8605854548803242,1.5166458067361002,2.2342980422053027,borderline,Normal
subject7,steppage,trial5,left,0.1752988047808765,11.0,0.7291414752116082,0.43211334120425027,Normal,subject7_steppage_trial5_pressure.csv,-1.0685382487861272,-1.1637871237431152,-0.2537537660110924,0.3031423797855264,1.6286376928881516,within_normal_range,Normal
subject7,steppage,trial5,right,0.5384126984126985,26.0,0.40409683426443205,0.696629213483146,Severe flat foot,subject7_steppage_trial5_pressure.csv,2.484492077706374,1.295495764895109,-1.2252384339471882,1.4921875871465695,3.4027699270304126,outside_normal_range,Normal
subject7,steppage,trial6,right,0.19964664310954064,19.0,0.4077750206782465,0.5693287604115629,Normal,subject7_steppage_trial6_pressure.csv,-0.8302972740301592,0.14783041686393772,-1.2142451694638268,0.9199497387498555,1.7412484741714043,within_normal_range,Normal
subject7,steppage,trial6,left,0.40522875816993464,13.0,0.4817813765182186,0.6897810218978102,Severe flat foot,subject7_steppage_trial6_pressure.csv,1.1813015719635367,-0.8358827385913521,-0.9930569664562285,1.4614037656938883,2.283864370230865,borderline,Normal
subject7,steppage,trial7,right,0.18660812294182216,25.0,0.28851540616246496,0.5186368477103301,Normal,subject7_steppage_trial7_pressure.csv,-0.9578777890722528,1.1315435723192275,-1.5706850931261256,0.692080706430262,2.268027354516815,borderline,Normal
subject7,steppage,trial7,left,0.5821917808219178,14.0,0.4479638009049774,0.6856287425149701,Severe flat foot,subject7_steppage_trial7_pressure.csv,2.9128656822253145,-0.6719305460154704,-1.094130025588351,1.4427385421016174,3.494980994957492,outside_normal_range,Normal
subject7,steppage,trial8,left,0.20174927113702623,12.0,1.0089399744572158,0.4314747264200104,Normal,subject7_steppage_trial8_pressure.csv,-0.8097232853230119,-0.9998349311672337,0.5825004522912215,0.30027169440090906,1.4438807276760601,within_normal_range,Normal
subject7,steppage,trial8,right,0.44325609031491386,29.0,0.47425897035881437,0.7191011235955056,Severe flat foot,subject7_steppage_trial8_pressure.csv,1.5533949198531962,1.787352342622754,-1.0155397313729309,1.5932027617338118,3.0294026077261527,outside_normal_range,Normal
subject7,steppage,trial9,right,0.4336448598130841,25.0,0.3357142857142857,0.5635220125786163,Severe flat foot,subject7_steppage_trial9_pressure.csv,1.4593500649280466,1.1315435723192275,-1.4296183532015994,0.8938473894971068,2.5005729862541703,borderline,Normal
subject7,steppage,trial9,left,0.5213549337260678,13.0,0.30078125,0.755700325732899,Severe flat foot,subject7_steppage_trial9_pressure.csv,2.3175836880890284,-0.8358827385913521,-1.5340252694393224,1.7577225900517957,3.393039394824071,outside_normal_range,Normal
subject7,stiff-legged,trial10,left,0.2052139037433155,14.0,0.6189536031589339,0.5803800719054957,Normal,subject7_stiff-legged_trial10_pressure.csv,-0.7758222285576595,-0.6719305460154704,-0.5830803101428371,0.9696273208688595,1.5275963401515502,within_normal_range,Normal
subject7,stiff-legged,trial10,right,0.509656652360515,18.0,0.7537878787878788,0.7351874244256349,Severe flat foot,subject7_stiff-legged_trial10_pressure.csv,2.2031172653258304,-0.016121775711943915,-0.18009125884179758,1.665513503397231,2.7677343962054257,borderline,Normal
subject7,stiff-legged,trial11,left,0.600763358778626,19.0,0.4867021276595745,0.7530762920426579,Severe flat foot,subject7_stiff-legged_trial11_pressure.csv,3.0945865715887755,0.14783041686393772,-0.9783499579830965,1.745927098702054,3.6883261725985457,outside_normal_range,Normal
subject7,stiff-legged,trial11,right,0.5374823196605375,17.0,0.3125,0.5691823899371069,Severe flat foot,subject7_stiff-legged_trial11_pressure.csv,2.475388421857546,-0.18007396828782554,-1.499000585078425,0.9192917778129499,3.0417223081572176,outside_normal_range,Normal
subject7,stiff-legged,trial12,left,0.15388349514563107,19.0,0.705439330543933,0.6411764705882352,Normal,subject7_stiff-legged_trial12_pressure.csv,-1.2780847462341278,0.14783041686393772,-0.32459409758755353,1.2429177886798162,1.8181200203264698,within_normal_range,Normal
subject7,stiff-legged,trial12,right,0.2611181702668361,19.0,0.7012401352874859,0.32291666666666663,Severe flat foot,subject7_stiff-legged_trial12_pressure.csv,-0.22880500387446426,0.14783041686393772,-0.337144539266644,-0.18771581106730534,0.47234439557396374,within_normal_range,Normal
subject7,stiff-legged,trial13,left,0.10110294117647059,11.0,0.5986328125,0.6759156492785794,Normal,subject7_stiff-legged_trial13_pressure.csv,-1.794536780128616,-1.1637871237431152,-0.6438145419331761,1.3990764855986182,2.6356545489847982,borderline,Normal
subject7,stiff-legged,trial13,right,0.40976331360946744,16.0,0.21921921921921922,0.6898839137645107,Severe flat foot,subject7_stiff-legged_trial13_pressure.csv,1.225671708376322,-0.3440261608637072,-1.7777956702014055,1.4618662826684754,2.6302539058924643,borderline,Normal
subject7,stiff-legged,trial14,left,0.20095693779904306,16.0,0.5601731601731602,0.5137614678899083,Normal,subject7_stiff-legged_trial14_pressure.csv,-0.8174761816674291,-0.3440261608637072,-0.7587617149147162,0.6701650196338751,1.345905568943592,within_normal_range,Normal
subject7,stiff-legged,trial14,right,0.16801768607221812,14.0,0.797037037037037,0.2720333102012491,Normal,subject7_stiff-legged_trial14_pressure.csv,-1.1397832108664987,-0.6719305460154704,-0.050829339562755455,-0.41644541666109197,1.38802263427518,within_normal_range,Normal
subject7,stiff-legged,trial15,right,0.17657192075796727,14.0,1.0851926977687627,0.2773722627737226,Normal,subject7_stiff-legged_trial15_pressure.csv,-1.0560809461186285,-0.6719305460154704,0.8104025378929951,-0.3924458890942389,1.5419350416648039,within_normal_range,Normal
subject7,stiff-legged,trial15,left,0.5571557155715572,18.0,0.5658682634730539,0.7478108581436077,Severe flat foot,subject7_stiff-legged_trial15_pressure.csv,2.667890481191639,-0.016121775711943915,-0.7417403435669632,1.7222580504577927,3.2610199418167585,outside_normal_range,Normal
subject7,stiff-legged,trial16,left,0.23110018438844498,18.0,0.5616291532690246,0.4365175332527207,Mild flat foot,subject7_stiff-legged_trial16_pressure.csv,-0.5225277614902594,-0.016121775711943915,-0.7544100819662962,0.3229399949623197,0.9729953675628596,within_normal_range,Normal
subject7,stiff-legged,trial16,right,0.3141025641025641,14.0,0.8202247191011236,0.6921443736730362,Severe flat foot,subject7_stiff-legged_trial16_pressure.csv,0.28964158115222877,-0.6719305460154704,0.018473380040912105,1.4720274461461438,1.6439552829011759,within_normal_range,Normal
subject7,stiff-legged,trial17,left,0.14257228315054835,17.0,0.7689497716894977,0.5793972109761584,Normal,subject7_stiff-legged_trial17_pressure.csv,-1.3887637369109875,-0.18007396828782554,-0.1347758017160003,0.965209188726306,1.7061314854792933,within_normal_range,Normal
subject7,stiff-legged,trial17,right,0.2195965417867435,16.0,1.5160714285714285,0.259217877094972,Mild flat foot,subject7_stiff-legged_trial17_pressure.csv,-0.635089664919984,-0.3440261608637072,2.098201282996997,-0.47405303462364773,2.2691116732000944,borderline,Normal
subject7,stiff-legged,trial18,left,0.1685508735868448,17.0,0.7768744354110207,0.39244908097367115,Normal,subject7_stiff-legged_trial18_pressure.csv,-1.1345660284826797,-0.18007396828782554,-0.11109078023225849,0.1248445781286004,1.1608591805996995,within_normal_range,Normal
subject7,stiff-legged,trial18,right,0.6239447429009977,21.0,0.40217391304347827,0.8096313017306245,Severe flat foot,subject7_stiff-legged_trial18_pressure.csv,3.3214139176125306,0.47573480201570095,-1.2309856090993827,2.0001517795969375,4.095613107361792,outside_normal_range,Normal
subject7,stiff-legged,trial19,right,0.2236842105263158,18.0,0.8405228758169935,0.367982212340189,Mild flat foot,subject7_stiff-legged_trial19_pressure.csv,-0.5950922667177498,-0.016121775711943915,0.07913996411185614,0.014861715334263398,0.6007318220817658,within_normal_range,Normal
subject7,stiff-legged,trial19,left,0.48677248677248675,21.0,0.5377777777777778,0.6942833471416736,Severe flat foot,subject7_stiff-legged_trial19_pressure.csv,1.979198170637642,0.47573480201570095,-0.8256964306087852,1.481642506783693,2.6496392422238655,borderline,Normal
subject7,stiff-legged,trial1,left,0.16666666666666666,12.0,0.4220408163265306,0.5724137931034483,Normal,subject7_stiff-legged_trial1_pressure.csv,-1.1530027901879976,-0.9998349311672337,-1.1716079436728322,0.9338175014108835,2.1386363934484147,borderline,Normal
subject7,stiff-legged,trial1,right,0.4702194357366771,15.0,0.5353982300884956,0.7304964539007093,Severe flat foot,subject7_stiff-legged_trial1_pressure.csv,1.817228349714614,-0.5079783534395889,-0.8328083586504971,1.6444267687053569,2.6378153920323104,borderline,Normal
subject7,stiff-legged,trial20,right,0.1821656050955414,14.0,1.0014025245441796,0.45534150612959723,Normal,subject7_stiff-legged_trial20_pressure.csv,-1.0013473475514012,-0.6719305460154704,0.5599727250088603,0.4075570523052717,1.390632723890275,within_normal_range,Normal
subject7,stiff-legged,trial20,left,0.4487722269263336,21.0,0.9939577039274925,0.746218487394958,Severe flat foot,subject7_stiff-legged_trial20_pressure.csv,1.6073697222751666,0.47573480201570095,0.5377218456725005,1.715100064849173,2.457778273501282,borderline,Normal
subject7,stiff-legged,trial2,left,0.12859468258274553,13.0,0.7774390243902439,0.5391406709829312,Normal,subject7_stiff-legged_trial2_pressure.csv,-1.525533052489305,-0.8358827385913521,-0.10940335189809887,0.7842489857279169,1.9112735575877464,within_normal_range,Normal
subject7,stiff-legged,trial2,right,0.5251396648044693,16.0,2.5463917525773194,0.8111111111111111,Severe flat foot,subject7_stiff-legged_trial2_pressure.csv,2.3546168739158806,-0.3440261608637072,5.177594916185181,2.0068037821271307,6.041301611271731,outside_normal_range,Normal
subject7,stiff-legged,trial3,right,0.2465857359635812,15.0,0.680306905370844,0.2222222222222222,Mild flat foot,subject7_stiff-legged_trial3_pressure.csv,-0.37100330777516516,-0.5079783534395889,-0.39970921301465273,-0.6403549874729855,0.9826023747649046,within_normal_range,Normal
subject7,stiff-legged,trial3,left,0.3420891875381796,24.0,0.5515970515970516,0.4980800877674163,Severe flat foot,subject7_stiff-legged_trial3_pressure.csv,0.5634876761289517,0.9675913797433459,-0.784393757233478,0.5996744675213868,1.4928611699306635,within_normal_range,Normal
subject7,stiff-legged,trial4,left,0.22686733556298774,16.0,0.6213991769547325,0.5668179525970751,Mild flat foot,subject7_stiff-legged_trial4_pressure.csv,-0.563945731190854,-0.3440261608637072,-0.5757710450523517,0.9086632175566262,1.2623667954869717,within_normal_range,Normal
subject7,stiff-legged,trial4,right,0.21743810548977396,12.0,0.85451197053407,0.2914757103574702,Mild flat foot,subject7_stiff-legged_trial4_pressure.csv,-0.6562097315311254,-0.9998349311672337,0.12095019361246888,-0.32904842030627335,1.2462675930871692,within_normal_range,Normal
subject7,stiff-legged,trial5,right,0.16299559471365638,9.0,1.297029702970297,0.44283646888567296,Normal,subject7_stiff-legged_trial5_pressure.csv,-1.1889238337187829,-1.4916915088948786,1.4435352733077411,0.3513447181468054,2.417833872776821,borderline,Normal
subject7,stiff-legged,trial5,left,0.228328173374613,16.0,0.8401898734177216,0.2930344275420337,Mild flat foot,subject7_stiff-legged_trial5_pressure.csv,-0.5496515905980012,-0.3440261608637072,0.07814469551017758,-0.3220417133666522,0.7282089871664874,within_normal_range,Normal
subject7,stiff-legged,trial6,left,0.25760183591508895,21.0,0.593505039193729,0.5288461538461539,Mild flat foot,subject7_stiff-legged_trial6_pressure.csv,-0.2632119566486614,0.47573480201570095,-0.6591402926767604,0.7379733268870171,1.1290149213356007,within_normal_range,Normal
subject7,stiff-legged,trial6,right,0.10416666666666667,8.0,1.2605504587155962,0.4945135332845647,Normal,subject7_stiff-legged_trial6_pressure.csv,-1.764558556299615,-1.6556437014707601,1.334507090630836,0.5836421800140594,2.8242468613889833,borderline,Normal
subject7,stiff-legged,trial7,left,0.21555915721231766,18.0,0.6342182890855457,0.5851528384279476,Mild flat foot,subject7_stiff-legged_trial7_pressure.csv,-0.6745950379839876,-0.016121775711943915,-0.5374576279926238,0.991081742905928,1.3139414370258795,within_normal_range,Normal
subject7,stiff-legged,trial7,right,0.20730897009966778,14.0,1.196836555360281,0.25992779783393505,Normal,subject7_stiff-legged_trial7_pressure.csv,-0.7553222299878403,-0.6719305460154704,1.144080692386941,-0.47086181647481695,1.597696407547128,within_normal_range,Normal
subject7,stiff-legged,trial8,left,0.3906832298136646,20.0,0.4160206718346253,0.49215317011927184,Severe flat foot,subject7_stiff-legged_trial8_pressure.csv,1.038975144164865,0.31178260943981934,-1.1896007893804357,0.5730319338872641,1.7088573319884368,within_normal_range,Normal
subject7,stiff-legged,trial8,right,0.051036682615629984,3.0,1.5180722891566265,0.7531760435571688,Normal,subject7_stiff-legged_trial8_pressure.csv,-2.2844297258968913,-2.4754046643501684,2.1041814012217834,1.746375499243142,4.338623534999587,outside_normal_range,Normal
subject7,stiff-legged,trial9,left,0.2717391304347826,25.0,0.4538327526132404,0.6159383033419024,Severe flat foot,subject7_stiff-legged_trial9_pressure.csv,-0.12488005295687227,1.1315435723192275,-1.07658906080019,1.1294678034358765,1.9315091013288985,within_normal_range,Normal
subject7,stiff-legged,trial9,right,0.14457831325301204,12.0,0.6790582403965304,0.34537097833223895,Normal,subject7_stiff-legged_trial9_pressure.csv,-1.369134948492505,-0.9998349311672337,-0.4034411892576687,-0.08677974458283634,1.7448483928482914,within_normal_range,Normal
subject7,trendelenburg,trial10,right,0.20241691842900303,17.0,0.6285714285714286,0.39875712066286895,Normal,subject7_trendelenburg_trial10_pressure.csv,-0.8031904285048164,-0.18007396828782554,-0.5543348126016451,0.15320032213618717,1.0041408873566537,within_normal_range,Normal
subject7,trendelenburg,trial10,left,0.289237668161435,20.0,1.3245614035087718,0.352411575562701,Severe flat foot,subject7_trendelenburg_trial10_pressure.csv,0.046341253367222855,0.31178260943981934,1.5258212783235348,-0.055131026032542295,1.5590144036310296,within_normal_range,Normal
subject7,trendelenburg,trial11,left,0.24628450106157113,19.0,0.8547815820543093,0.4640561075394506,Mild flat foot,subject7_trendelenburg_trial11_pressure.csv,-0.3739508588356183,0.14783041686393772,0.1217560012622987,0.44673071304318984,0.6132584535035158,within_normal_range,Normal
subject7,trendelenburg,trial11,right,0.1454207920792079,11.0,0.7691477885652643,0.44266666666666665,Normal,subject7_trendelenburg_trial11_pressure.csv,-1.3608913839487127,-1.1637871237431152,-0.1341839742112019,0.35058142741128445,1.8295733121350894,within_normal_range,Normal
subject7,trendelenburg,trial12,right,0.1662883087400681,15.0,0.5896269335759782,0.5176470588235293,Normal,subject7_trendelenburg_trial12_pressure.csv,-1.1567049817346438,-0.5079783534395889,-0.6707310702921158,0.687631431904653,1.587049330402615,within_normal_range,Normal
subject7,trendelenburg,trial12,left,0.24431543299467828,18.0,0.6993987975951904,0.6342571558382553,Mild flat foot,subject7_trendelenburg_trial12_pressure.csv,-0.3932179777184115,-0.016121775711943915,-0.34264787976579886,1.211814256136364,1.319386846431474,within_normal_range,Normal
subject7,trendelenburg,trial13,right,0.26023778071334214,19.0,0.887012987012987,0.2079326923076923,Severe flat foot,subject7_trendelenburg_trial13_pressure.csv,-0.2374195208002828,0.14783041686393772,0.21808835626483355,-0.7045889289523062,0.788815536705291,within_normal_range,Normal
subject7,trendelenburg,trial13,left,0.16105901820187535,16.0,0.8982706002034588,0.42694187941336226,Normal,subject7_trendelenburg_trial13_pressure.csv,-1.207873026235519,-0.3440261608637072,0.2517348073499196,0.27989575263786415,1.3111152857175412,within_normal_range,Normal
subject7,trendelenburg,trial14,right,0.16904909881914232,17.0,0.6201395812562313,0.4454976303317536,Normal,subject7_trendelenburg_trial14_pressure.csv,-1.1296909482645383,-0.18007396828782554,-0.5795356907494055,0.36330710526639537,1.3328473064215551,within_normal_range,Normal
subject7,trendelenburg,trial14,left,0.1809720785935884,15.0,0.9050343249427918,0.5915632754342433,Normal,subject7_trendelenburg_trial14_pressure.csv,-1.0130258757798232,-0.5079783534395889,0.2719500456730454,1.0198977808009584,1.5486806459651274,within_normal_range,Normal
subject7,trendelenburg,trial15,right,0.22994011976047904,17.0,0.8107448107448108,0.3631494376004285,Mild flat foot,subject7_trendelenburg_trial15_pressure.csv,-0.5338788688869747,-0.18007396828782554,-0.00985991471749581,-0.006862454157195225,0.5635579756282899,within_normal_range,Normal
subject7,trendelenburg,trial15,left,0.0721370604147881,4.0,2.0082872928176796,0.48246364414029086,Normal,subject7_trendelenburg_trial15_pressure.csv,-2.077964802533552,-2.311452471774287,3.5693228004499113,0.5294758163369342,4.762474162002039,outside_normal_range,Normal
subject7,trendelenburg,trial16,right,0.18032786885245902,18.0,0.8450363196125908,0.18788627935723112,Normal,subject7_trendelenburg_trial16_pressure.csv,-1.0193293986881904,-0.016121775711943915,0.09262962336061982,-0.7947010686820322,1.295925295057716,within_normal_range,Normal
subject7,trendelenburg,trial16,left,0.1945054945054945,19.0,1.1852825229960577,0.39067922657412,Normal,subject7_trendelenburg_trial16_pressure.csv,-0.8806028592020169,0.14783041686393772,1.1095483116592595,0.11688877240177321,1.429012130390935,within_normal_range,Normal
subject7,trendelenburg,trial17,right,0.10334703464474457,11.0,0.7882836587872559,0.29387755102040813,Normal,subject7_trendelenburg_trial17_pressure.csv,-1.7725785673251542,-1.1637871237431152,-0.07699120070751302,-0.3182517255578386,2.145611114004049,borderline,Normal
subject7,trendelenburg,trial17,left,0.24465811965811965,18.0,1.0258855585831064,0.41308298001211385,Mild flat foot,subject7_trendelenburg_trial17_pressure.csv,-0.3898648256384576,-0.016121775711943915,0.6331469577052249,0.21759757079198022,0.7749053276292297,within_normal_range,Normal
subject7,trendelenburg,trial18,right,0.13937282229965156,20.0,0.8609913793103449,0.3121504829689883,Normal,subject7_trendelenburg_trial18_pressure.csv,-1.4200701166200165,0.31178260943981934,0.14031567604312536,-0.23611169376804408,1.4796096622230284,within_normal_range,Normal
subject7,trendelenburg,trial18,left,0.2181188690132718,20.0,1.2217194570135748,0.2620087336244541,Mild flat foot,subject7_trendelenburg_trial18_pressure.csv,-0.6495485338006683,0.31178260943981934,1.2184500386388764,-0.46150764537262357,1.4888692006714908,within_normal_range,Normal
subject7,trendelenburg,trial19,right,0.2394303515798843,24.0,1.1156004489337823,0.29220779220779225,Mild flat foot,subject7_trendelenburg_trial19_pressure.csv,-0.4410179730326829,0.9675913797433459,0.9012844055563147,-0.32575758407772515,1.4314892643588506,within_normal_range,Normal
subject7,trendelenburg,trial19,left,0.2570006222775358,17.0,1.2894736842105263,0.35346260387811634,Mild flat foot,subject7_trendelenburg_trial19_pressure.csv,-0.26909476731603066,-0.18007396828782554,1.4209520479564033,-0.05040646954192937,1.4582469484332794,within_normal_range,Normal
subject7,trendelenburg,trial1,left,0.2523364485981308,16.0,1.1842546063651591,0.15425181278839817,Mild flat foot,subject7_trendelenburg_trial1_pressure.csv,-0.3147332042406091,-0.3440261608637072,1.106476102119288,-0.9458938909927063,1.5285338095013132,within_normal_range,Normal
subject7,trendelenburg,trial1,right,0.13807982740021574,10.0,0.6783088235294118,0.09036144578313254,Normal,subject7_trendelenburg_trial1_pressure.csv,-1.4327219324008627,-1.327739316318997,-0.40568102620491664,-1.2330922886905609,2.3453523221751778,borderline,Normal
subject7,trendelenburg,trial20,left,0.25063035804336864,21.0,0.8175750834260289,0.5002346316283435,Mild flat foot,subject7_trendelenburg_trial20_pressure.csv,-0.33142711650098305,0.47573480201570095,0.01055422030189855,0.6093595198012873,0.8411884160755608,within_normal_range,Normal
subject7,trendelenburg,trial20,right,0.1788874841972187,12.0,0.8353658536585366,0.36017897091722595,Normal,subject7_trendelenburg_trial20_pressure.csv,-1.033423407349485,-0.9998349311672337,0.06372679518666288,-0.02021522252930872,1.439480318756279,within_normal_range,Normal
subject7,trendelenburg,trial2,left,0.2816666666666667,22.0,1.1366279069767442,0.24886191198786034,Severe flat foot,subject7_trendelenburg_trial2_pressure.csv,-0.027740180542620868,0.6396869945915826,0.964130705790278,-0.5206049128611329,1.269073071894978,within_normal_range,Normal
subject7,trendelenburg,trial2,right,0.31933381607530775,21.0,0.6487341772151899,0.46122724207687116,Severe flat foot,subject7_trendelenburg_trial2_pressure.csv,0.34082881807885534,0.47573480201570095,-0.4940729325294653,0.43401446697610035,0.8803206832085463,within_normal_range,Normal
subject7,trendelenburg,trial3,right,0.32226832641770403,22.0,0.906441717791411,0.19777647747220595,Severe flat foot,subject7_trendelenburg_trial3_pressure.csv,0.3695426856085613,0.6396869945915826,0.2761564235115242,-0.7502428947087787,1.0885256169902862,within_normal_range,Normal
subject7,trendelenburg,trial3,left,0.2626119754832626,24.0,1.2043795620437956,0.299704516673702,Severe flat foot,subject7_trendelenburg_trial3_pressure.csv,-0.2141882807776124,0.9675913797433459,1.1666250275952386,-0.2920584936590688,1.5583394420042433,within_normal_range,Normal
subject7,trendelenburg,trial4,left,0.2518248175182482,18.0,0.9947229551451188,0.31879543094496365,Mild flat foot,subject7_trendelenburg_trial4_pressure.csv,-0.31973945923299507,-0.016121775711943915,0.5400090079000548,-0.20624148796176905,0.6607862842194897,within_normal_range,Normal
subject7,trendelenburg,trial4,right,0.474835886214442,18.0,0.6611295681063123,0.683083511777302,Severe flat foot,subject7_trendelenburg_trial4_pressure.csv,1.8623998202529475,-0.016121775711943915,-0.45702592209819004,1.4312972838354165,2.3929641890999243,borderline,Normal
subject7,trendelenburg,trial5,right,0.2180910099889012,22.0,0.6458123107971746,0.24712957900492072,Mild flat foot,subject7_trendelenburg_trial5_pressure.csv,-0.6498211313525416,0.6396869945915826,-0.5028057281805111,-0.5283920532439452,1.167680913616556,within_normal_range,Normal
subject7,trendelenburg,trial5,left,0.3267590618336887,24.0,1.6425925925925926,0.18627450980392157,Severe flat foot,subject7_trendelenburg_trial5_pressure.csv,0.41348404781219444,0.9675913797433459,2.476344330234511,-0.8019462553176097,2.807597046274863,borderline,Normal
subject7,trendelenburg,trial6,right,0.28960709759188846,19.0,1.0844250363901018,0.2477501323451562,Severe flat foot,subject7_trendelenburg_trial6_pressure.csv,0.04995608054106539,0.14783041686393772,0.808108172241057,-0.5256025572157412,0.9765481597584931,within_normal_range,Normal
subject7,trendelenburg,trial6,left,0.20537897310513448,17.0,1.0039267015706805,0.34172469201928224,Normal,subject7_trendelenburg_trial6_pressure.csv,-0.7742070426371993,-0.18007396828782554,0.5675169173181276,-0.10317044064101487,0.9821113837993604,within_normal_range,Normal
subject7,trendelenburg,trial7,right,0.16558018252933507,16.0,0.7252252252252253,0.3301587301587302,Normal,subject7_trendelenburg_trial7_pressure.csv,-1.1636339204115806,-0.3440261608637072,-0.26545854848801465,-0.15516146636029546,1.2517752281058636,within_normal_range,Normal
subject7,trendelenburg,trial7,left,0.24875311720698254,16.0,1.0963503649635036,0.3509536784741144,Mild flat foot,subject7_trendelenburg_trial7_pressure.csv,-0.3497957158269369,-0.3440261608637072,0.8437502730780396,-0.061684528970096575,0.9779726717056206,within_normal_range,Normal
subject7,trendelenburg,trial8,right,0.24695652173913044,18.0,0.8221957040572793,0.3399897593445981,Mild flat foot,subject7_trendelenburg_trial8_pressure.csv,-0.3673752089106962,-0.016121775711943915,0.024364206790303433,-0.11096926709386462,0.3848795247686658,within_normal_range,Normal
subject7,trendelenburg,trial8,left,0.23752151462994836,16.0,1.146341463414634,0.5521405049396269,Mild flat foot,subject7_trendelenburg_trial8_pressure.csv,-0.45969573692548665,-0.3440261608637072,0.9931623216417004,0.8426855178328813,1.4234340339475136,within_normal_range,Normal
subject7,trendelenburg,trial9,right,0.2292134831460674,20.0,0.6366336633663366,0.5230470645317806,Mild flat foot,subject7_trendelenburg_trial9_pressure.csv,-0.5409889298695548,0.31178260943981934,-0.5302386223991831,0.7119054040175573,1.0852832435561206,within_normal_range,Normal
subject7,trendelenburg,trial9,left,0.19090398652442447,15.0,0.9921671018276762,0.5691318327974276,Normal,subject7_trendelenburg_trial9_pressure.csv,-0.9158432267623432,-0.5079783534395889,0.5323701423456075,0.9190645146089855,1.4916126756112624,within_normal_range,Normal
subject8,antalgic,trial10,right,0.225,17.0,0.8388625592417062,0.2949790794979079,Mild flat foot,subject8_antalgic_trial10_pressure.csv,-0.582217408483821,-0.18007396828782554,0.07417765465149521,-0.31330016198753663,0.689248185160871,within_normal_range,Normal
subject8,antalgic,trial10,left,0.24546172059984214,11.0,0.646875,0.1156773211567732,Mild flat foot,subject8_antalgic_trial10_pressure.csv,-0.38200167700544774,-1.1637871237431152,-0.4996295913141479,-1.1192929917945367,1.7328509112506925,within_normal_range,Normal
subject8,antalgic,trial11,right,0.18646958499147243,16.0,1.092783505154639,0.319672131147541,Normal,subject8_antalgic_trial11_pressure.csv,-0.9592333679900394,-0.3440261608637072,0.8330897385530219,-0.2023005668927001,1.3317081833012765,within_normal_range,Normal
subject8,antalgic,trial11,left,0.23552123552123552,11.0,1.0772128060263653,0.14210128495842778,Mild flat foot,subject8_antalgic_trial11_pressure.csv,-0.47926825248974175,-1.1637871237431152,0.786552452388005,-1.0005126432008926,1.7899130807939432,within_normal_range,Normal
subject8,antalgic,trial12,right,0.2170347003154574,15.0,1.0093959731543625,0.23465507876154268,Mild flat foot,subject8_antalgic_trial12_pressure.csv,-0.6601570076980462,-0.5079783534395889,0.5838633289151397,-0.5844671182327627,1.1731783673095975,within_normal_range,Normal
subject8,antalgic,trial12,left,0.3401471790678659,12.0,0.568259385665529,0.1797752808988764,Severe flat foot,subject8_antalgic_trial12_pressure.csv,0.5444853324832247,-0.9998349311672337,-0.734593821961862,-0.8311614283599983,1.589525580206095,within_normal_range,Normal
subject8,antalgic,trial13,left,0.2806673209028459,10.0,0.5136186770428015,0.3563096500530223,Severe flat foot,subject8_antalgic_trial13_pressure.csv,-0.037518671169881834,-1.327739316318997,-0.897902500171296,-0.03760849798641454,1.6037277330395736,within_normal_range,Normal
subject8,antalgic,trial13,right,0.15723270440251572,17.0,0.724009900990099,0.47713226205191595,Normal,subject8_antalgic_trial13_pressure.csv,-1.2453130945067323,-0.18007396828782554,-0.2690908768277648,0.5055103194229764,1.3824550337858783,within_normal_range,Normal
subject8,antalgic,trial14,right,0.20730797912005966,12.0,0.593915343915344,0.35064059339177345,Normal,subject8_antalgic_trial14_pressure.csv,-0.7553319266165355,-0.9998349311672337,-0.6579139849761653,-0.0630919012893699,1.4166960184118396,within_normal_range,Normal
subject8,antalgic,trial14,left,0.28304821150855364,15.0,0.7744755244755245,0.1304681504221028,Severe flat foot,subject8_antalgic_trial14_pressure.csv,-0.014221913115457117,-0.5079783534395889,-0.11826058062271501,-1.052805621871069,1.1750019203169029,within_normal_range,Normal
subject8,antalgic,trial15,left,0.2719399538106236,18.0,0.8125819134993447,0.10621468926553668,Severe flat foot,subject8_antalgic_trial15_pressure.csv,-0.12291501786142338,-0.016121775711943915,-0.00436923148625632,-1.1618291806529255,1.1684323465517414,within_normal_range,Normal
subject8,antalgic,trial15,right,0.21193415637860083,14.0,1.3822975517890772,0.41423125794155025,Mild flat foot,subject8_antalgic_trial15_pressure.csv,-0.7100652805762908,-0.6719305460154704,1.6983815232073043,0.2227592813424731,1.9722588210335663,within_normal_range,Normal
subject8,antalgic,trial16,left,0.39111870196413323,13.0,1.1126373626373627,0.14832925835370825,Severe flat foot,subject8_antalgic_trial16_pressure.csv,1.0432361922384668,-0.8358827385913521,0.8924284130429324,-0.972516811217614,1.8786322487326774,within_normal_range,Normal
subject8,antalgic,trial16,right,0.27019498607242337,13.0,0.6447140381282496,0.1931518876207199,Severe flat foot,subject8_antalgic_trial16_pressure.csv,-0.13998933917302475,-0.8358827385913521,-0.5060882159519287,-0.7710312366390589,1.2525619417640157,within_normal_range,Normal
subject8,antalgic,trial17,left,0.3709508881922675,13.0,0.3352380952380952,0.3361702127659575,Severe flat foot,subject8_antalgic_trial17_pressure.csv,0.8458963074056705,-0.8358827385913521,-1.4310415784708674,-0.1281387984134686,1.8650844663255246,within_normal_range,Normal
subject8,antalgic,trial17,right,0.3733681462140992,16.0,0.47338403041825095,0.5461187214611872,Severe flat foot,subject8_antalgic_trial17_pressure.csv,0.8695489167085622,-0.3440261608637072,-1.018154728301185,0.8156165456645301,1.6050977285609296,within_normal_range,Normal
subject8,antalgic,trial18,right,0.2543402777777778,13.0,1.1236203090507726,0.26454183266932274,Mild flat foot,subject8_antalgic_trial18_pressure.csv,-0.2951259516147559,-0.8358827385913521,0.9252539474627582,-0.4501209211918674,1.3581248068500649,within_normal_range,Normal
subject8,antalgic,trial18,left,0.3423180592991914,14.0,0.6782945736434108,0.16680032076984763,Severe flat foot,subject8_antalgic_trial18_pressure.csv,0.5657271616513021,-0.6719305460154704,-0.40572361588038225,-0.8894861482499857,1.3142812258076024,within_normal_range,Normal
subject8,antalgic,trial19,right,0.26559714795008915,12.0,0.842741935483871,0.23529411764705888,Severe flat foot,subject8_antalgic_trial19_pressure.csv,-0.18497868981880564,-0.9998349311672337,0.08577222987487554,-0.5815945264385765,1.1745195076584676,within_normal_range,Normal
subject8,antalgic,trial19,left,0.3442211055276382,13.0,0.35253456221198154,0.5667828106852497,Severe flat foot,subject8_antalgic_trial19_pressure.csv,0.5843482639582396,-0.8358827385913521,-1.3793463638516412,0.9085052485036785,1.9411700142685757,within_normal_range,Normal
subject8,antalgic,trial1,right,0.23122636412749864,18.0,0.8604407135362014,0.28381827462991327,Mild flat foot,subject8_antalgic_trial1_pressure.csv,-0.5212931063385038,-0.016121775711943915,0.13866986100929304,-0.36346993601375727,0.6506505506847238,within_normal_range,Normal
subject8,antalgic,trial1,left,0.2345758354755784,13.0,0.6396807297605474,0.17928528164748636,Mild flat foot,subject8_antalgic_trial1_pressure.csv,-0.4885188900770026,-0.8358827385913521,-0.5211316324314879,-0.8333640608767401,1.3796465108565756,within_normal_range,Normal
subject8,antalgic,trial20,right,0.23613861386138613,19.0,1.0709302325581396,0.2931798051372896,Mild flat foot,subject8_antalgic_trial20_pressure.csv,-0.4732272719490774,0.14783041686393772,0.767775266024378,-0.32138821559577196,0.9687967419996675,within_normal_range,Normal
subject8,antalgic,trial20,left,0.29282296650717704,10.0,1.0141843971631206,0.18998272884283252,Severe flat foot,subject8_antalgic_trial20_pressure.csv,0.08142301139232688,-1.327739316318997,0.5981748416185335,-0.7852771608013717,1.6565007574115544,within_normal_range,Normal
subject8,antalgic,trial2,right,0.2734415924567837,21.0,0.6026086956521739,0.31797040169133195,Severe flat foot,subject8_antalgic_trial2_pressure.csv,-0.10822164549861936,0.47573480201570095,-0.6319315294565296,-0.20995013905900495,0.8255010873496845,within_normal_range,Normal
subject8,antalgic,trial2,left,0.26188299817184646,19.0,0.9391025641025641,0.22780569514237858,Severe flat foot,subject8_antalgic_trial2_pressure.csv,-0.22132124522818972,0.14783041686393772,0.3737722812615335,-0.6152562980864288,0.7675173980529624,within_normal_range,Normal
subject8,antalgic,trial3,right,0.21996939556235653,28.0,0.6582191780821918,0.4686248331108144,Mild flat foot,subject8_antalgic_trial3_pressure.csv,-0.6314413308977018,1.6234001500468724,-0.46572441741227444,0.4672679352430365,1.8626284540450793,within_normal_range,Normal
subject8,antalgic,trial3,left,0.26416539050535986,14.0,0.8290155440414507,0.22274509803921572,Severe flat foot,subject8_antalgic_trial3_pressure.csv,-0.19898828215476452,-0.6719305460154704,0.04474716084576447,-0.638004569031609,0.948756625069105,within_normal_range,Normal
subject8,antalgic,trial4,right,0.3402061855670103,19.0,0.7883538633818589,0.1356255969436485,Severe flat foot,subject8_antalgic_trial4_pressure.csv,0.5450627047198621,0.14783041686393772,-0.07678137510609198,-1.0296219958155446,1.1768449422320109,within_normal_range,Normal
subject8,antalgic,trial4,left,0.3728620296465222,13.0,0.2877442273534636,0.40874524714828897,Severe flat foot,subject8_antalgic_trial4_pressure.csv,0.8645966206249409,-0.8358827385913521,-1.572989971579125,0.1980987012984123,1.9899165347359824,within_normal_range,Normal
subject8,antalgic,trial5,right,0.11273006134969325,14.0,0.5041237113402062,0.4522613065326633,Normal,subject8_antalgic_trial5_pressure.csv,-1.6807666619653034,-0.6719305460154704,-0.9262807979207104,0.39371101525314306,2.071103983572753,borderline,Normal
subject8,antalgic,trial5,left,0.2586068855084067,13.0,0.7162790697674418,0.23356643356643358,Mild flat foot,subject8_antalgic_trial5_pressure.csv,-0.25337765466431555,-0.8358827385913521,-0.2921965769596849,-0.5893607691906767,1.0934464524640202,within_normal_range,Normal
subject8,antalgic,trial6,right,0.1391304347826087,9.0,0.828996282527881,0.38318401102687805,Normal,subject8_antalgic_trial6_pressure.csv,-1.422441852358913,-1.4916915088948786,0.044689592552807356,0.08319646483699537,2.063347569483931,borderline,Normal
subject8,antalgic,trial6,left,0.30538461538461537,17.0,1.6869806094182827,0.1814191660570592,Severe flat foot,subject8_antalgic_trial6_pressure.csv,0.20433739223819788,-0.18007396828782554,2.6090100393524636,-0.8237718764516413,2.749493388571108,borderline,Normal
subject8,antalgic,trial7,right,0.2838114754098361,13.0,0.5135623869801085,0.23339317773788149,Severe flat foot,subject8_antalgic_trial7_pressure.csv,-0.006753458077151007,-0.8358827385913521,-0.8980707383945261,-0.5901395845064171,1.3614482517645958,within_normal_range,Normal
subject8,antalgic,trial7,left,0.36040216550657383,19.0,1.4153005464480874,0.274074074074074,Severe flat foot,subject8_antalgic_trial7_pressure.csv,0.7426781924688961,0.14783041686393772,1.797019984723782,-0.40727182536983075,1.992128483546121,within_normal_range,Normal
subject8,antalgic,trial8,right,0.10754553339115351,8.0,0.6376638855780691,0.23994038748137114,Normal,subject8_antalgic_trial8_pressure.csv,-1.7314967094470934,-1.6556437014707601,-0.5271595220013151,-0.5607087291856606,2.5162528413630385,borderline,Normal
subject8,antalgic,trial8,left,0.32783882783882784,12.0,0.6025641025641025,0.24820143884892087,Severe flat foot,subject8_antalgic_trial8_pressure.csv,0.4240494418361009,-0.9998349311672337,-0.6320648080770631,-0.5235738553812197,1.3612947228105838,within_normal_range,Normal
subject8,antalgic,trial9,right,0.30995358432181536,22.0,1.0048840048840049,0.10302457466918713,Severe flat foot,subject8_antalgic_trial9_pressure.csv,0.24904426101787028,0.6396869945915826,0.57037807967647,-1.1761693048921338,1.4764578837682474,within_normal_range,Normal
subject8,antalgic,trial9,left,0.3016330451488953,14.0,0.42700729927007297,0.21350364963503654,Severe flat foot,subject8_antalgic_trial9_pressure.csv,0.1676286816841604,-0.6719305460154704,-1.1567642532210902,-0.6795464993490371,1.5097936997813626,within_normal_range,Normal
subject8,lurching,trial10,right,0.18863302302792748,18.0,0.9765545361875637,0.343297974927676,Normal,subject8_lurching_trial10_pressure.csv,-0.9380643598969309,-0.016121775711943915,0.4857077266776622,-0.09609825821985475,1.060835296334081,within_normal_range,Normal
subject8,lurching,trial10,left,0.1740072202166065,10.0,0.23057432432432431,0.12698412698412698,Normal,subject8_lurching_trial10_pressure.csv,-1.0811762645893286,-1.327739316318997,-1.7438578379077627,-1.0684669178665354,2.6673011679632506,borderline,Normal
subject8,lurching,trial11,right,0.46200607902735563,23.0,0.8838174273858921,0.6942446043165468,Severe flat foot,subject8_lurching_trial11_pressure.csv,1.7368615392391404,0.8036391871674642,0.20853755372229035,1.4814683509943265,2.429148067934449,borderline,Normal
subject8,lurching,trial11,left,0.3611859838274933,29.0,0.639821029082774,0.34889867841409694,Severe flat foot,subject8_lurching_trial11_pressure.csv,0.7503477702887715,1.787352342622754,-0.5207123095961139,-0.07092211441795242,2.0084375590828834,borderline,Normal
subject8,lurching,trial12,right,0.21344800625488664,20.0,0.7716966379984362,0.38374899436846344,Mild flat foot,subject8_lurching_trial12_pressure.csv,-0.6952524226423717,0.31178260943981934,-0.12656604167741642,0.08573616398156174,0.777144760941842,within_normal_range,Normal
subject8,lurching,trial12,left,0.12899949212798376,9.0,1.453920220082531,0.4759568204121688,Normal,subject8_lurching_trial12_pressure.csv,-1.5215720347042256,-1.4916915088948786,1.9124454250793883,0.5002265032336768,2.9065441804568377,borderline,Normal
subject8,lurching,trial13,right,0.18603759110088225,22.0,0.5408684546615581,0.4644582470669427,Normal,subject8_lurching_trial13_pressure.csv,-0.9634603816654861,0.6396869945915826,-0.8164590987844927,0.448538400701913,1.4850075807822771,within_normal_range,Normal
subject8,lurching,trial13,left,0.29405286343612336,21.0,0.5,0.15407854984894265,Severe flat foot,subject8_lurching_trial13_pressure.csv,0.09345742033024833,0.47573480201570095,-0.9386056353040639,-0.9466727382732039,1.4185301206805354,within_normal_range,Normal
subject8,lurching,trial14,right,0.24109208699676077,21.0,0.7841483979763912,0.35650319829424304,Mild flat foot,subject8_lurching_trial14_pressure.csv,-0.4247580710175997,0.47573480201570095,-0.08935055683769114,-0.03673846471909496,0.6450397333037958,within_normal_range,Normal
subject8,lurching,trial14,left,0.3716577540106952,22.0,0.5927152317880795,0.7167325428194993,Severe flat foot,subject8_lurching_trial14_pressure.csv,0.8528129132796968,0.6396869945915826,-0.661500847777669,1.582555576006566,2.0195432253027574,borderline,Normal
subject8,lurching,trial15,right,0.17603610997127617,17.0,0.7308845577211395,0.36303871439006574,Normal,subject8_lurching_trial15_pressure.csv,-1.0613237969369602,-0.18007396828782554,-0.24854408795572527,-0.0073601743941368435,1.10483626471277,within_normal_range,Normal
subject8,lurching,trial15,left,0.29664832416208103,23.0,0.43125,0.18306010928961747,Severe flat foot,subject8_lurching_trial15_pressure.csv,0.11885372389305893,0.8036391871674642,-1.144083783554663,-0.8163955490145955,1.6233889081418618,within_normal_range,Normal
subject8,lurching,trial16,right,0.16434108527131783,14.0,0.7945566286215979,0.2630579297245964,Normal,subject8_lurching_trial16_pressure.csv,-1.1757583535781972,-0.6719305460154704,-0.05824271742616812,-0.4567913250107938,1.4303666989327815,within_normal_range,Normal
subject8,lurching,trial16,left,0.19938335046248715,19.0,2.250474383301708,0.2884340790099953,Normal,subject8_lurching_trial16_pressure.csv,-0.8328735642138448,0.14783041686393772,4.293165053291488,-0.3427210863172601,4.389106529115717,outside_normal_range,Normal
subject8,lurching,trial17,left,0.1893320518981259,16.0,1.6285310734463276,0.18463025616239725,Normal,subject8_lurching_trial17_pressure.csv,-0.9312244377169575,-0.3440261608637072,2.4343176405506584,-0.8093374636231704,2.7507203525404025,borderline,Normal
subject8,lurching,trial17,right,0.3691860465116279,19.0,1.4227941176470589,0.7645739910313901,Severe flat foot,subject8_lurching_trial17_pressure.csv,0.828627521708562,0.14783041686393772,1.819416568487399,1.7976112708481302,2.69261217642826,borderline,Normal
subject8,lurching,trial18,left,0.1127221702525725,12.0,1.479899497487437,0.31512415349887135,Normal,subject8_lurching_trial18_pressure.csv,-1.680843875500426,-0.9998349311672337,1.9900915896473699,-0.22274452354356628,2.7991044427358056,borderline,Normal
subject8,lurching,trial18,right,0.41570438799076215,24.0,0.7743055555555556,0.8744827586206897,Severe flat foot,subject8_lurching_trial18_pressure.csv,1.2838044810927827,0.9675913797433459,-0.11876857915268393,2.2916704447763565,2.801829121606625,borderline,Normal
subject8,lurching,trial19,right,0.2264554794520548,25.0,1.0846968238691048,0.3807050092764378,Mild flat foot,subject8_lurching_trial19_pressure.csv,-0.5679756988620436,1.1315435723192275,0.8089204833378314,0.07205291747628077,1.5041712741025006,within_normal_range,Normal
subject8,lurching,trial19,left,0.2519294377067255,17.0,0.3743169398907104,0.13304949441192127,Mild flat foot,subject8_lurching_trial19_pressure.csv,-0.3187157619607555,-0.18007396828782554,-1.3142437801437084,-1.0412020282069139,1.7162006724639647,within_normal_range,Normal
subject8,lurching,trial1,right,0.2514767932489452,25.0,0.7965116279069767,0.22638501394978083,Mild flat foot,subject8_lurching_trial1_pressure.csv,-0.32314483921121984,1.1315435723192275,-0.052399668219028084,-0.6216425090487155,1.331915379238355,within_normal_range,Normal
subject8,lurching,trial1,left,0.19134199134199134,11.0,0.3279569892473118,0.2184065934065934,Normal,subject8_lurching_trial1_pressure.csv,-0.9115573968140602,-1.1637871237431152,-1.452803151942904,-0.6575069077611886,2.1744630806536165,borderline,Normal
subject8,lurching,trial20,right,0.21465235650956602,20.0,0.8608094768015795,0.296718972895863,Mild flat foot,subject8_lurching_trial20_pressure.csv,-0.683467985159697,0.31178260943981934,0.13977201072438722,-0.3054790362141223,0.8229158759166127,within_normal_range,Normal
subject8,lurching,trial20,left,0.2262979683972912,14.0,0.4879459980713597,0.11306666666666665,Mild flat foot,subject8_lurching_trial20_pressure.csv,-0.5695169275623158,-0.6719305460154704,-0.9746323115994263,-1.1310283412947129,1.7334859217986684,within_normal_range,Normal
subject8,lurching,trial2,left,0.10099573257467995,7.0,1.7962616822429907,0.2403258655804481,Normal,subject8_lurching_trial2_pressure.csv,-1.7955858047462454,-1.819595894046642,2.9356263663758795,-0.5589759375678978,3.932609040011323,outside_normal_range,Normal
subject8,lurching,trial2,right,0.4504442925495557,26.0,0.6067415730337079,0.5605839416058394,Severe flat foot,subject8_lurching_trial2_pressure.csv,1.6237307042463422,1.295495764895109,-0.6195792968557384,0.8806402455213244,2.339704345402982,borderline,Normal
subject8,lurching,trial3,right,0.3304157549234136,25.0,0.6894639556377079,0.10840108401084014,Severe flat foot,subject8_lurching_trial3_pressure.csv,0.4492643957149426,1.1315435723192275,-0.3723408678179569,-1.1520009530652766,1.716966298744622,within_normal_range,Normal
subject8,lurching,trial3,left,0.27544596012591815,25.0,0.6212268743914313,0.23835616438356166,Severe flat foot,subject8_lurching_trial3_pressure.csv,-0.08860912381114909,1.1315435723192275,-0.5762860183126564,-0.5678300896757219,1.3938360802200997,within_normal_range,Normal
subject8,lurching,trial4,left,0.21333333333333335,12.0,0.8207739307535642,0.3194588969823101,Mild flat foot,subject8_lurching_trial4_pressure.csv,-0.6963744848246562,-0.9998349311672337,0.020114849034965125,-0.20325909183878008,1.2354457407202541,within_normal_range,Normal
subject8,lurching,trial4,right,0.4158415841584158,18.0,0.3408450704225352,0.4778325123152709,Severe flat foot,subject8_lurching_trial4_pressure.csv,1.2851469308114551,-0.016121775711943915,-1.4142836020608924,0.5086580670890131,1.9775726741890607,within_normal_range,Normal
subject8,lurching,trial5,right,0.22936708860759494,20.0,1.4620886981402004,0.166835187057634,Mild flat foot,subject8_lurching_trial5_pressure.csv,-0.5394859169783003,0.31178260943981934,1.9368591522839782,-0.889329418175402,2.220491756342597,borderline,Normal
subject8,lurching,trial5,left,0.1366646598434678,9.0,1.4694533762057878,0.16562677254679525,Normal,subject8_lurching_trial5_pressure.csv,-1.4465691944703556,-1.4916915088948786,1.9588705037222138,-0.8947614531993849,2.9925704169800396,borderline,Normal
subject8,lurching,trial6,left,0.15076754385964913,9.0,1.2377158034528553,0.38469387755102036,Normal,subject8_lurching_trial6_pressure.csv,-1.3085739938479704,-1.4916915088948786,1.266259488022417,0.0899835794960106,2.3556357083959347,borderline,Normal
subject8,lurching,trial6,right,0.26178535606820463,22.0,1.0664451827242525,0.31658291457286436,Severe flat foot,subject8_lurching_trial6_pressure.csv,-0.22227666269214855,0.6396869945915826,0.7543704698835957,-0.21618713684018007,1.0365413883655212,within_normal_range,Normal
subject8,lurching,trial7,left,0.2033065236818588,15.0,1.338611449451888,0.3759541984732825,Normal,subject8_lurching_trial7_pressure.csv,-0.7944857369536622,-0.5079783534395889,1.5678136772068416,0.05069719024561057,1.8302621466122382,within_normal_range,Normal
subject8,lurching,trial7,right,0.42842639593908627,21.0,1.3823529411764706,0.5925176946410515,Severe flat foot,subject8_lurching_trial7_pressure.csv,1.40828795816983,0.47573480201570095,1.6985470695164582,1.0241880624157877,2.4786330727909327,borderline,Normal
subject8,lurching,trial8,right,0.20008133387555918,22.0,0.7870753935376967,0.3830866807610994,Normal,subject8_lurching_trial8_pressure.csv,-0.8260438717192133,0.6396869945915826,-0.08060243134133077,0.08275894823332922,1.0511392507680895,within_normal_range,Normal
subject8,lurching,trial8,left,0.23606889564336372,17.0,0.6322160148975792,0.2685894547093285,Mild flat foot,subject8_lurching_trial8_pressure.csv,-0.47390945720083144,-0.18007396828782554,-0.5434419711552904,-0.4319261506988389,0.8595965235795077,within_normal_range,Normal
subject8,lurching,trial9,right,0.16857688634192933,18.0,0.9906347554630593,0.22081094284318514,Normal,subject8_lurching_trial9_pressure.csv,-1.1343114964768497,-0.016121775711943915,0.5277903068040801,-0.6466989356354693,1.4084404864956312,within_normal_range,Normal
subject8,lurching,trial9,left,0.42160278745644597,25.0,3.16875,0.34165067178502884,Severe flat foot,subject8_lurching_trial9_pressure.csv,1.3415196843578807,1.1315435723192275,7.037682483151007,-0.10350317456744614,7.253947446761156,outside_normal_range,Normal
subject8,normal,trial10,right,0.24055781522370714,15.0,0.6391982182628062,0.42402402402402406,Mild flat foot,subject8_normal_trial10_pressure.csv,-0.42998586275330564,-0.5079783534395889,-0.5225737497997129,0.26677948125280676,0.8872341660058803,within_normal_range,Normal
subject8,normal,trial10,left,0.25725593667546176,12.0,1.3339805825242719,0.28392484342379953,Mild flat foot,subject8_normal_trial10_pressure.csv,-0.2665965434404635,-0.9998349311672337,1.553973066863838,-0.36299089060701845,1.9019301474445556,within_normal_range,Normal
subject8,normal,trial11,left,0.2852028639618138,15.0,1.0314842578710646,0.1891083183722322,Severe flat foot,subject8_normal_trial11_pressure.csv,0.0068611289926678405,-0.5079783534395889,0.6498801993387027,-0.7892077891238846,1.1416138973228083,within_normal_range,Normal
subject8,normal,trial11,right,0.5127420998980632,15.0,0.5825242718446602,0.6754032258064516,Severe flat foot,subject8_normal_trial11_pressure.csv,2.23330803704779,-0.5079783534395889,-0.6919593143677757,1.3967730522793864,2.7704673699972795,borderline,Normal
subject8,normal,trial12,left,0.2158749248346362,12.0,1.0100719424460431,0.3029612756264237,Mild flat foot,subject8_normal_trial12_pressure.csv,-0.6715052858211036,-0.9998349311672337,0.5858836477271951,-0.277418791357269,1.3677755930488456,within_normal_range,Normal
subject8,normal,trial12,right,0.16618635926993275,9.0,0.8731884057971014,0.5980392156862745,Normal,subject8_normal_trial12_pressure.csv,-1.1577025463156565,-1.4916915088948786,0.1767698202854854,1.0490082672662675,2.1672758609857614,borderline,Normal
subject8,normal,trial13,right,0.19689484827099507,13.0,0.7131474103585658,0.4333970681963034,Normal,subject8_normal_trial13_pressure.csv,-0.8572232900408588,-0.8358827385913521,-0.3015563962511382,0.30891295761252124,1.2727510350278022,within_normal_range,Normal
subject8,normal,trial13,left,0.24853610930383865,13.0,0.9086826347305389,0.4088093599449415,Mild flat foot,subject8_normal_trial13_pressure.csv,-0.35191911477828786,-0.8358827385913521,0.28285401570112995,0.19838689955635966,0.9705208767126818,within_normal_range,Normal
subject8,normal,trial14,right,0.23932729624838292,15.0,1.1385083713850837,0.2817610062893082,Mild flat foot,subject8_normal_trial14_pressure.csv,-0.44202635834801424,-0.5079783534395889,0.9697509871644853,-0.37271771778041385,1.2380487806591212,within_normal_range,Normal
subject8,normal,trial14,left,0.2289156626506024,13.0,1.0763116057233704,0.2210456651224355,Mild flat foot,subject8_normal_trial14_pressure.csv,-0.5439030713298403,-0.8358827385913521,0.7838589691958265,-0.6456438178506687,1.4233135026390158,within_normal_range,Normal
subject8,normal,trial15,left,0.24969770253929868,15.0,0.8287841191066998,0.2292768959435626,Mild flat foot,subject8_normal_trial15_pressure.csv,-0.3405530501219386,-0.5079783534395889,0.04405548423410432,-0.6086429926290189,0.8639476637378336,within_normal_range,Normal
subject8,normal,trial15,right,0.1722560975609756,11.0,1.24,0.374079528718704,Normal,subject8_normal_trial15_pressure.csv,-1.098310811104845,-1.1637871237431152,1.2730864331387473,0.042270221127039,2.0452928751198747,borderline,Normal
subject8,normal,trial16,right,0.2212681638044914,11.0,0.886736214605067,0.4184884447220487,Mild flat foot,subject8_normal_trial16_pressure.csv,-0.6187330235805781,-1.1637871237431152,0.21726114634677882,0.24189608207424668,1.3575518937021245,within_normal_range,Normal
subject8,normal,trial16,left,0.23860759493670886,13.0,0.795484727755644,0.3598435462842242,Mild flat foot,subject8_normal_trial16_pressure.csv,-0.44906855814053215,-0.8358827385913521,-0.05546883973225129,-0.02172301504423589,0.9507424489046702,within_normal_range,Normal
subject8,normal,trial17,right,0.29331756357185096,16.0,1.0591805766312594,0.2946573124662709,Severe flat foot,subject8_normal_trial17_pressure.csv,0.08626259038117833,-0.3440261608637072,0.7326582108616578,-0.31474656119057337,0.872724862475104,within_normal_range,Normal
subject8,normal,trial17,left,0.3019460138104206,15.0,0.8762589928057554,0.25546218487394956,Severe flat foot,subject8_normal_trial17_pressure.csv,0.17069104631724893,-0.5079783534395889,0.18594710803211165,-0.4909355294140603,0.750180952759161,within_normal_range,Normal
subject8,normal,trial18,left,0.21155347384855583,11.0,0.7534668721109399,0.4939673527324343,Mild flat foot,subject8_normal_trial18_pressure.csv,-0.7137902181172026,-1.1637871237431152,-0.18105067495166646,0.5811870027036418,1.4948092265845074,within_normal_range,Normal
subject8,normal,trial18,right,0.1694468832309043,10.0,1.4510250569476082,0.3877068557919622,Normal,subject8_normal_trial18_pressure.csv,-1.1257986706536207,-1.327739316318997,1.903792439481609,0.10352744477112594,2.581754814732195,borderline,Normal
subject8,normal,trial19,left,0.2113564668769716,12.0,1.0243531202435312,0.412012012012012,Mild flat foot,subject8_normal_trial19_pressure.csv,-0.7157179101081869,-0.9998349311672337,0.6285668472714194,0.21278338192389026,1.3972455280098475,within_normal_range,Normal
subject8,normal,trial19,right,0.6447368421052632,14.0,0.9364161849710982,0.5911799761620977,Severe flat foot,subject8_normal_trial19_pressure.csv,3.5248623681394644,-0.6719305460154704,0.3657433036697858,1.0181747833921333,3.747878523472887,outside_normal_range,Normal
subject8,normal,trial1,right,0.2843488649940263,16.0,0.9204244031830239,0.24428274428274432,Severe flat foot,subject8_normal_trial1_pressure.csv,-0.0014951588953935888,-0.3440261608637072,0.31794749699282326,-0.5411890742823796,0.7157740284652442,within_normal_range,Normal
subject8,normal,trial1,left,0.2799145299145299,16.0,0.9349693251533743,0.22514466070489214,Severe flat foot,subject8_normal_trial1_pressure.csv,-0.044884649883185926,-0.3440261608637072,0.3614189680170713,-0.6272181142801272,0.8027420908843642,within_normal_range,Normal
subject8,normal,trial20,left,0.24193548387096775,14.0,1.1883116883116882,0.31146605818596695,Mild flat foot,subject8_normal_trial20_pressure.csv,-0.416505523472931,-0.6719305460154704,1.1186017993654513,-0.2391883031262628,1.390485001590508,within_normal_range,Normal
subject8,normal,trial20,right,0.6808823529411765,12.0,0.39325842696629215,0.6146645865834633,Severe flat foot,subject8_normal_trial20_pressure.csv,3.8785422972715082,-0.9998349311672337,-1.2576319737523893,1.1237422233634622,4.345940060249396,outside_normal_range,Normal
subject8,normal,trial2,right,0.32469135802469135,18.0,1.081911262798635,0.21305841924398627,Severe flat foot,subject8_normal_trial2_pressure.csv,0.39325178882014195,-0.016121775711943915,0.8005950734382079,-0.6815478879919523,1.1226606238316938,within_normal_range,Normal
subject8,normal,trial2,left,0.25038880248833595,16.0,0.9868938401048493,0.2731365682841421,Mild flat foot,subject8_normal_trial2_pressure.csv,-0.3337907115812476,-0.3440261608637072,0.516609559741284,-0.411486078211401,0.816073813006164,within_normal_range,Normal
subject8,normal,trial3,right,0.2093987560469938,14.0,1.1666666666666667,0.2788844621513944,Normal,subject8_normal_trial3_pressure.csv,-0.7348738996514204,-0.6719305460154704,1.053909741671442,-0.3856482878497315,1.500326848579645,within_normal_range,Normal
subject8,normal,trial3,left,0.35071707953063885,18.0,0.848531684698609,0.19031141868512114,Severe flat foot,subject8_normal_trial3_pressure.csv,0.6479106696869793,-0.016121775711943915,0.10307647638367141,-0.7837996423511009,1.0222596474867445,within_normal_range,Normal
subject8,normal,trial4,right,0.25663716814159293,14.0,0.8675595238095238,0.44167186525265123,Mild flat foot,subject8_normal_trial4_pressure.csv,-0.27265112687687815,-0.6719305460154704,0.15994636941234217,0.3461096206973045,0.8192704109653303,within_normal_range,Normal
subject8,normal,trial4,left,0.22781065088757396,11.0,0.9355345911949685,0.11180124223602483,Mild flat foot,subject8_normal_trial4_pressure.csv,-0.5547154923746596,-1.1637871237431152,0.3631084199370092,-1.1367166459002895,1.7567248516961014,within_normal_range,Normal
subject8,normal,trial5,right,0.2797858099062918,13.0,1.069609507640068,0.3481979230299328,Severe flat foot,subject8_normal_trial5_pressure.csv,-0.046144161295217076,-0.8358827385913521,0.7638279189623595,-0.07407213269055836,1.1356711702444129,within_normal_range,Normal
subject8,normal,trial5,left,0.3151558073654391,14.0,0.8190184049079755,0.16176470588235292,Severe flat foot,subject8_normal_trial5_pressure.csv,0.29994745300069936,-0.6719305460154704,0.014867980671945035,-0.9121221197571262,1.1720268561043086,within_normal_range,Normal
subject8,normal,trial6,right,0.21961325966850828,14.0,0.7447108603667136,0.36429085673146144,Mild flat foot,subject8_normal_trial6_pressure.csv,-0.6349260822481373,-0.6719305460154704,-0.20722040701368982,-0.0017315751076615081,0.9473991154855959,within_normal_range,Normal
subject8,normal,trial6,left,0.2154046997389034,11.0,1.0845295055821371,0.29810629199755656,Mild flat foot,subject8_normal_trial6_pressure.csv,-0.6761063877197562,-1.1637871237431152,0.8084204069483829,-0.2992427936977947,1.598314775273125,within_normal_range,Normal
subject8,normal,trial7,left,0.20434782608695654,14.0,0.9083333333333333,0.37580739870816204,Normal,subject8_normal_trial7_pressure.csv,-0.7842967051120077,-0.6719305460154704,0.2818100330934333,0.050037299571926735,1.0716961353008474,within_normal_range,Normal
subject8,normal,trial7,right,0.25253807106598986,13.0,0.9271317829457364,0.40950639853747717,Mild flat foot,subject8_normal_trial7_pressure.csv,-0.31276035011585945,-0.8358827385913521,0.3379943329674518,0.20152021019915678,0.9753817475821447,within_normal_range,Normal
subject8,normal,trial8,left,0.24890829694323144,14.0,1.103559870550162,0.2333767926988266,Mild flat foot,subject8_normal_trial8_pressure.csv,-0.3482772988271498,-0.6719305460154704,0.8652978491907509,-0.5902132381287605,1.2922382790428244,within_normal_range,Normal
subject8,normal,trial8,right,0.5493827160493827,13.0,0.3161512027491409,0.7367149758454106,Severe flat foot,subject8_normal_trial8_pressure.csv,2.5918325183473407,-0.8358827385913521,-1.4880879686452473,1.6723801147617345,3.5252740044590727,outside_normal_range,Normal
subject8,normal,trial9,right,0.2050919377652051,13.0,0.7888563049853372,0.44635761589403977,Normal,subject8_normal_trial9_pressure.csv,-0.7770156525125852,-0.8358827385913521,-0.07527969117464774,0.36717289109779494,1.2012228106329819,within_normal_range,Normal
subject8,normal,trial9,left,0.2647058823529412,13.0,1.0886699507389161,0.22724338282763068,Severe flat foot,subject8_normal_trial9_pressure.csv,-0.19369962765996973,-0.8358827385913521,0.8207952579119918,-0.6177839904972121,1.3384996872454107,within_normal_range,Normal
subject8,steppage,trial10,right,0.23803146970204217,36.0,0.8820395738203958,0.18907035175879394,Mild flat foot,subject8_steppage_trial10_pressure.csv,-0.4547058814887373,2.9350176906539254,0.20322395287139716,-0.7893784557056649,3.079854640151851,outside_normal_range,Normal
subject8,steppage,trial10,left,0.26764585883312936,29.0,0.7758620689655172,0.4418262150220913,Severe flat foot,subject8_steppage_trial10_pressure.csv,-0.16493227456090384,1.787352342622754,-0.11411651379695817,0.3468034499636877,1.8317003749245582,within_normal_range,Normal
subject8,steppage,trial11,left,0.22548596112311015,20.0,1.1607981220657277,0.24174802417480246,Mild flat foot,subject8_steppage_trial11_pressure.csv,-0.5774623312527156,0.31178260943981934,1.0363699936346857,-0.5525830854257722,1.345392868113232,within_normal_range,Normal
subject8,steppage,trial11,right,0.3240618101545254,33.0,1.599695585996956,0.11957411957411956,Severe flat foot,subject8_steppage_trial11_pressure.csv,0.3870917307394496,2.4431611129262807,2.3481349123324726,-1.1017761999200875,3.5842048759727763,outside_normal_range,Normal
subject8,steppage,trial12,right,0.27983539094650206,24.0,0.8574074074074074,0.2979373567608862,Severe flat foot,subject8_steppage_trial12_pressure.csv,-0.045659016158730886,0.9675913797433459,0.12960399735224878,-0.30000218719576044,1.022309313447812,within_normal_range,Normal
subject8,steppage,trial12,left,0.3614190687361419,21.0,0.5600858369098712,0.20892687559354228,Severe flat foot,subject8_steppage_trial12_pressure.csv,0.7526284810068139,0.47573480201570095,-0.7590227043320227,-0.7001199008327686,1.36347224889439,within_normal_range,Normal
subject8,steppage,trial13,left,0.29125780553077607,22.0,0.8546296296296296,0.3712349397590361,Severe flat foot,subject8_steppage_trial13_pressure.csv,0.06610807987215243,0.6396869945915826,0.1213018499481842,0.02948329518469324,0.6550978039726542,within_normal_range,Normal
subject8,steppage,trial13,right,0.6560509554140127,23.0,1.1746724890829694,0.7298245614035088,Severe flat foot,subject8_steppage_trial13_pressure.csv,3.63556974785796,0.8036391871674642,1.0778373280761693,1.6414064941684259,4.2094123009731215,outside_normal_range,Normal
subject8,steppage,trial14,right,0.3046692607003891,33.0,0.9576354679802955,0.21732851985559565,Severe flat foot,subject8_steppage_trial14_pressure.csv,0.19733772372694122,2.4431611129262807,0.4291629251961168,-0.6623530373259393,2.575047720594455,borderline,Normal
subject8,steppage,trial14,left,0.25311004784688995,20.0,1.1658415841584158,0.20899854862119016,Mild flat foot,subject8_steppage_trial14_pressure.csv,-0.3071636189407968,0.31178260943981934,1.0514437572939965,-0.6997977180114221,1.3367156411280674,within_normal_range,Normal
subject8,steppage,trial15,right,0.19444444444444445,21.0,0.9844509232264335,0.371900826446281,Normal,subject8_steppage_trial15_pressure.csv,-0.881200227471723,0.47573480201570095,0.5093082355739093,0.03247657255324082,1.123960430501603,within_normal_range,Normal
subject8,steppage,trial15,left,0.2631086142322097,22.0,0.8220424671385238,0.15722120658135286,Severe flat foot,subject8_steppage_trial15_pressure.csv,-0.20932872412812326,0.6396869945915826,0.023906216414892528,-0.9325459454503015,1.1503179618495887,within_normal_range,Normal
subject8,steppage,trial16,right,0.27365356622998543,34.0,0.7518199867637326,0.36022871664548917,Severe flat foot,subject8_steppage_trial16_pressure.csv,-0.10614750496636384,2.6071133055021622,-0.1859728415193056,-0.019991606761874933,2.6159687770806213,borderline,Normal
subject8,steppage,trial16,left,0.30749617542070373,20.0,0.6879505664263645,0.21052631578947367,Severe flat foot,subject8_steppage_trial16_pressure.csv,0.22499877968716903,0.31178260943981934,-0.3768640447303826,-0.6929301368195618,0.8775030080479147,within_normal_range,Normal
subject8,steppage,trial17,left,0.22893890675241158,16.0,0.5800227014755959,0.11390079608083281,Mild flat foot,subject8_steppage_trial17_pressure.csv,-0.5436756302980085,-0.3440261608637072,-0.699435940508196,-1.1272787833808973,1.4744169290515687,within_normal_range,Normal
subject8,steppage,trial17,right,0.40110650069156295,22.0,0.5734767025089605,0.877914951989026,Severe flat foot,subject8_steppage_trial17_pressure.csv,1.1409657266788176,0.6396869945915826,-0.719000445906226,2.3070987555245814,2.7478479851443307,borderline,Normal
subject8,steppage,trial18,right,0.36027070063694266,34.0,0.6129568106312292,0.22479803301721113,Severe flat foot,subject8_steppage_trial18_pressure.csv,0.7413918228838712,2.6071133055021622,-0.6010033621288122,-0.6287762664893873,2.846623659241936,borderline,Normal
subject8,steppage,trial18,left,0.2904202953426732,25.0,0.7959719789842382,0.44734693877551024,Severe flat foot,subject8_steppage_trial18_pressure.csv,0.057913132916768036,1.1315435723192275,-0.05401255638411517,0.37162007084776766,1.1936346259744819,within_normal_range,Normal
subject8,steppage,trial19,right,0.24012514665623777,26.0,0.8199470432480142,0.36317567567567566,Mild flat foot,subject8_steppage_trial19_pressure.csv,-0.43421947806932404,1.295495764895109,0.01764346993020905,-0.006744509410234589,1.3664598832144041,within_normal_range,Normal
subject8,steppage,trial19,left,0.24421388667198723,23.0,0.9591439688715954,0.3031596925704526,Mild flat foot,subject8_steppage_trial19_pressure.csv,-0.39421159754511775,0.8036391871674642,0.4336714920292611,-0.2765268724174936,1.0323646647179197,within_normal_range,Normal
subject8,steppage,trial1,right,0.24010840108401085,19.0,0.7450765864332604,0.18847603661820145,Mild flat foot,subject8_steppage_trial1_pressure.csv,-0.4343833316893594,0.14783041686393772,-0.20612733479665715,-0.7920500064277272,0.9382826875906053,within_normal_range,Normal
subject8,steppage,trial1,left,0.2984409799554566,20.0,0.5687103594080338,0.2267326732673267,Severe flat foot,subject8_steppage_trial1_pressure.csv,0.1363946676865345,0.31178260943981934,-0.7332459637870324,-0.6200797194823999,1.0188034171741716,within_normal_range,Normal
subject8,steppage,trial20,right,0.2027382833070037,18.0,1.101433296582139,0.4626800523788739,Normal,subject8_steppage_trial20_pressure.csv,-0.8000459077981433,-0.016121775711943915,0.8589420021934085,0.44054510391640356,1.2538718905667348,within_normal_range,Normal
subject8,steppage,trial20,left,0.26697892271662765,20.0,0.9656319290465631,0.14044687642498865,Severe flat foot,subject8_steppage_trial20_pressure.csv,-0.17145817260369914,0.31178260943981934,0.45306253265000307,-1.0079494995254494,1.1609625974106754,within_normal_range,Normal
subject8,steppage,trial2,left,0.23943661971830985,15.0,2.025462962962963,0.2779740871613663,Mild flat foot,subject8_steppage_trial2_pressure.csv,-0.440956639973532,-0.5079783534395889,3.620656980761415,-0.3897405829905424,3.703179641911275,outside_normal_range,Normal
subject8,steppage,trial2,right,0.1673881673881674,14.0,0.7749667110519307,0.2747603833865815,Normal,subject8_steppage_trial2_pressure.csv,-1.145942983364198,-0.6719305460154704,-0.11679253541303496,-0.4041867447212721,1.393443002324412,within_normal_range,Normal
subject8,steppage,trial3,right,0.12736660929432014,14.0,0.5827272727272728,0.23703703703703705,Normal,subject8_steppage_trial3_pressure.csv,-1.537549617301212,-0.6719305460154704,-0.691352590797558,-0.5737597983006555,1.9033439508612877,within_normal_range,Normal
subject8,steppage,trial3,left,0.22420749279538904,15.0,1.1890625,0.24916201117318437,Mild flat foot,subject8_steppage_trial3_pressure.csv,-0.5899720060944583,-0.5079783534395889,1.1208458051167123,-0.5192559144249775,1.4601475949544847,within_normal_range,Normal
subject8,steppage,trial4,left,0.2506000960153625,20.0,0.8890030832476875,0.19692020531964538,Mild flat foot,subject8_steppage_trial4_pressure.csv,-0.3317232271845254,0.31178260943981934,0.22403630228878618,-0.7540919881126156,0.9088980615457868,within_normal_range,Normal
subject8,steppage,trial4,right,0.4322033898305085,24.0,1.1257142857142857,0.6268199233716475,Severe flat foot,subject8_steppage_trial4_pressure.csv,1.4452454364557117,0.9675913797433459,0.9315123685143748,1.1783825926816813,2.2981010154430015,borderline,Normal
subject8,steppage,trial5,left,0.24237954768928222,22.0,1.2113924050632912,0.22585438335809804,Mild flat foot,subject8_steppage_trial5_pressure.csv,-0.41216040685514294,0.6396869945915826,1.1875848239242288,-0.624027786561493,1.5423501692043173,within_normal_range,Normal
subject8,steppage,trial5,right,0.3825503355704698,19.0,0.7325581395348837,0.4981412639405205,Severe flat foot,subject8_steppage_trial5_pressure.csv,0.9593956502512369,0.14783041686393772,-0.2435421317079574,0.5999494651417848,1.166853022669063,within_normal_range,Normal
subject8,steppage,trial6,right,0.2102076124567474,25.0,0.8025594149908593,0.27498869289914063,Mild flat foot,subject8_steppage_trial6_pressure.csv,-0.7269593268299617,1.1315435723192275,-0.034324205077063366,-0.40316045344670853,1.4044846817247805,within_normal_range,Normal
subject8,steppage,trial6,left,0.2370088719898606,22.0,1.3106435643564356,0.2800658978583196,Mild flat foot,subject8_steppage_trial6_pressure.csv,-0.46471188992549234,0.6396869945915826,1.4842240155355824,-0.38033752727789155,1.7241618701955348,within_normal_range,Normal
subject8,steppage,trial7,right,0.20031298904538342,27.0,0.46932114882506526,0.512486427795874,Normal,subject8_steppage_trial7_pressure.csv,-0.8237771508415241,1.4594479574709907,-1.0302977593750646,0.6644334909360203,2.0764350391152453,borderline,Normal
subject8,steppage,trial7,left,0.23695976154992549,19.0,0.8447619047619047,0.30612244897959184,Mild flat foot,subject8_steppage_trial7_pressure.csv,-0.4651924302889898,0.14783041686393772,0.09180945964612598,-0.26320876307866775,0.5621082272928036,within_normal_range,Normal
subject8,steppage,trial8,left,0.2504590525156078,23.0,0.8799654576856649,0.4907630522088353,Mild flat foot,subject8_steppage_trial8_pressure.csv,-0.3331033226332861,0.8036391871674642,0.19702489043327082,0.566783110235092,1.056813923166479,within_normal_range,Normal
subject8,steppage,trial8,right,0.32146596858638743,24.0,1.3047285464098073,0.25295109612141653,Severe flat foot,subject8_steppage_trial8_pressure.csv,0.36169170067693757,0.9675913797433459,1.466545369214968,-0.5022233134730429,1.8628036775392935,within_normal_range,Normal
subject8,steppage,trial9,right,0.2524752475247525,28.0,0.9704,0.20743243243243248,Mild flat foot,subject8_steppage_trial9_pressure.csv,-0.31337507169811973,1.6234001500468724,0.467313214689853,-0.7068376847717133,1.8578571355115576,within_normal_range,Normal
subject8,steppage,trial9,left,0.24647193961273384,29.0,1.485200845665962,0.2746615087040619,Mild flat foot,subject8_steppage_trial9_pressure.csv,-0.3721167928075357,1.787352342622754,2.005936116293988,-0.40463120374887734,2.7423722245290274,borderline,Normal
subject8,stiff-legged,trial10,left,0.21916376306620208,28.0,0.5585412667946257,0.636215334420881,Mild flat foot,subject8_stiff-legged_trial10_pressure.csv,-0.6393243580719443,1.6234001500468724,-0.763639073890188,1.2206166120735276,2.262125821177512,borderline,Normal
subject8,stiff-legged,trial10,right,0.21999180663662432,23.0,1.064516129032258,0.47012302284710017,Mild flat foot,subject8_stiff-legged_trial10_pressure.csv,-0.6312220409506104,0.8036391871674642,0.7486049661671302,0.4740025606940562,1.3525402142071965,within_normal_range,Normal
subject8,stiff-legged,trial11,left,0.21581722319859403,19.0,0.5895474824729127,0.5199485199485199,Mild flat foot,subject8_stiff-legged_trial11_pressure.csv,-0.6720698901128741,0.14783041686393772,-0.6709685316089793,0.6979769030365798,1.18781408348636,within_normal_range,Normal
subject8,stiff-legged,trial11,right,0.13227250124316262,12.0,0.9452054794520548,0.41238142785821263,Normal,subject8_stiff-legged_trial11_pressure.csv,-1.4895459931534494,-0.9998349311672337,0.3920125102788936,0.214443970899757,1.848804256856874,within_normal_range,Normal
subject8,stiff-legged,trial12,left,0.2023217247097844,20.0,0.6023529411764705,0.4911222780569514,Normal,subject8_stiff-legged_trial12_pressure.csv,-0.8041218887909884,0.31178260943981934,-0.6326959215448835,0.5683978933835766,1.2112806041228872,within_normal_range,Normal
subject8,stiff-legged,trial12,right,0.27194860813704497,29.0,0.7591721542803387,0.2429403854773644,Severe flat foot,subject8_stiff-legged_trial12_pressure.csv,-0.12283033620982639,1.787352342622754,-0.16399888127289952,-0.5472232123866253,1.880442651453632,within_normal_range,Normal
subject8,stiff-legged,trial13,left,0.2822085889570552,26.0,0.9096671949286846,0.4048192771084337,Severe flat foot,subject8_stiff-legged_trial13_pressure.csv,-0.022437529319076655,1.295495764895109,0.28579664270267513,0.1804507778679006,1.3390500079520402,within_normal_range,Normal
subject8,stiff-legged,trial13,right,0.2157244964262508,18.0,0.5594989561586639,0.19277108433734935,Mild flat foot,subject8_stiff-legged_trial13_pressure.csv,-0.6729772115896648,-0.016121775711943915,-0.7607767577138702,-0.7727430141408705,1.2763507668161809,within_normal_range,Normal
subject8,stiff-legged,trial14,left,0.3250431778929188,27.0,0.8847402597402597,0.2194299724180202,Severe flat foot,subject8_stiff-legged_trial14_pressure.csv,0.3966943083248961,1.4594479574709907,0.21129569020696237,-0.6529066397380738,1.6608093399718447,within_normal_range,Normal
subject8,stiff-legged,trial14,right,0.2385377942998761,17.0,0.866581956797967,0.5026968716289104,Mild flat foot,subject8_stiff-legged_trial14_pressure.csv,-0.4497515498514656,-0.18007396828782554,0.15702464345851572,0.620427720158504,0.8026770117818705,within_normal_range,Normal
subject8,stiff-legged,trial15,left,0.18150087260034903,15.0,0.64375,0.5420634920634921,Normal,subject8_stiff-legged_trial15_pressure.csv,-1.0078516833971076,-0.5079783534395889,-0.5089695071437204,0.7973875787653529,1.4726452163576171,within_normal_range,Normal
subject8,stiff-legged,trial15,right,0.12211221122112212,11.0,0.8561721404303511,0.5263157894736843,Normal,subject8_stiff-legged_trial15_pressure.csv,-1.5889633363269724,-1.1637871237431152,0.12591206468256658,0.7265988955379985,2.1030940912406373,borderline,Normal
subject8,stiff-legged,trial16,left,0.3830111902339776,24.0,1.153731343283582,0.08473760231102556,Severe flat foot,subject8_stiff-legged_trial16_pressure.csv,0.9639050634801589,0.9675913797433459,1.0152489955510213,-1.2583724507838472,2.116501310515877,borderline,Normal
subject8,stiff-legged,trial16,right,0.24237560192616373,23.0,0.7835587929240374,0.412647374062165,Mild flat foot,subject8_stiff-legged_trial16_pressure.csv,-0.41219901572213213,0.8036391871674642,-0.09111275253742733,0.21563944569868332,0.9330304796359329,within_normal_range,Normal
subject8,stiff-legged,trial17,left,0.212707182320442,14.0,0.7565849227974568,0.3096828046744574,Mild flat foot,subject8_stiff-legged_trial17_pressure.csv,-0.7025013050229015,-0.6719305460154704,-0.17173152904305541,-0.2472043402097938,1.0176445578459865,within_normal_range,Normal
subject8,stiff-legged,trial17,right,0.39166666666666666,11.0,1.2028985507246377,0.7040816326530612,Severe flat foot,subject8_stiff-legged_trial17_pressure.csv,1.0485979678138262,-1.1637871237431152,1.1621986208548931,1.5256875174943796,2.476365522867886,borderline,Normal
subject8,stiff-legged,trial18,left,0.263611437524481,22.0,0.7171381031613977,0.3526530612244898,Severe flat foot,subject8_stiff-legged_trial18_pressure.csv,-0.20440865238854336,0.6396869945915826,-0.28962912108949607,-0.0540455056578191,0.7333405025537558,within_normal_range,Normal
subject8,stiff-legged,trial18,right,0.4372574385510996,17.0,1.5798816568047338,0.691358024691358,Severe flat foot,subject8_stiff-legged_trial18_pressure.csv,1.4946987586522964,-0.18007396828782554,2.288915574441763,1.4684926696507967,3.1084009137998643,outside_normal_range,Normal
subject8,stiff-legged,trial19,left,0.29599692070823713,23.0,0.810126582278481,0.38542042583904723,Severe flat foot,subject8_stiff-legged_trial19_pressure.csv,0.11247981128084675,0.8036391871674642,-0.011707659305964829,0.0932495413921794,0.8168966870744633,within_normal_range,Normal
subject8,stiff-legged,trial19,right,0.3641703377386197,19.0,1.9733333333333334,0.8501440922190202,Severe flat foot,subject8_stiff-legged_trial19_pressure.csv,0.7795493517682452,0.14783041686393772,3.464853347811804,2.1822638734839113,4.170975348686219,outside_normal_range,Normal
subject8,stiff-legged,trial1,right,0.1541867954911433,14.0,0.9650291423813488,0.41680395387149916,Normal,subject8_stiff-legged_trial1_pressure.csv,-1.2751169850315414,-0.6719305460154704,0.45126094010079015,0.2343240004617767,1.5283841655282995,within_normal_range,Normal
subject8,stiff-legged,trial1,left,0.14455307262569833,16.0,0.36225779275484415,0.22447761194029847,Normal,subject8_stiff-legged_trial1_pressure.csv,-1.3693819253112887,-0.3440261608637072,-1.350285834295844,-0.6302166153900339,2.052804343658101,borderline,Normal
subject8,stiff-legged,trial20,left,0.2985190958690569,23.0,1.0073597056117756,0.32089552238805974,Severe flat foot,subject8_stiff-legged_trial20_pressure.csv,0.1371590234847319,0.8036391871674642,0.5777773873297789,-0.19680120884384722,1.0184330935247994,within_normal_range,Normal
subject8,stiff-legged,trial20,right,0.24430955993930198,17.0,0.683377308707124,0.3632385120350109,Mild flat foot,subject8_stiff-legged_trial20_pressure.csv,-0.3932754449324926,-0.18007396828782554,-0.3905324742230707,-0.006462048961748515,0.5827946303298892,within_normal_range,Normal
subject8,stiff-legged,trial2,right,0.2974155069582505,25.0,1.0373532550693703,0.37117903930131,Severe flat foot,subject8_stiff-legged_trial2_pressure.csv,0.12636052489560382,1.1315435723192275,0.6674213000862781,0.029232012829589805,1.3200998222451885,within_normal_range,Normal
subject8,stiff-legged,trial2,left,0.20574886535552195,12.0,0.5363540569020021,0.31612903225806455,Normal,subject8_stiff-legged_trial2_pressure.csv,-0.7705876868201679,-0.9998349311672337,-0.8299516092150414,-0.21822741739676468,1.5264069418092092,within_normal_range,Normal
subject8,stiff-legged,trial3,left,0.13774104683195593,10.0,0.7554621848739496,0.43341288782816234,Normal,subject8_stiff-legged_trial3_pressure.csv,-1.4360368637603165,-1.327739316318997,-0.17508713790840805,0.3089840696304203,1.9877676492296925,within_normal_range,Normal
subject8,stiff-legged,trial3,right,0.34452296819787986,18.0,1.0564102564102564,0.8120805369127517,Severe flat foot,subject8_stiff-legged_trial3_pressure.csv,0.587301957663202,-0.016121775711943915,0.7243783524024159,2.0111615210159246,2.216907341810086,borderline,Normal
subject8,stiff-legged,trial4,left,0.29068110572812766,28.0,1.019578313253012,0.3419773095623987,Severe flat foot,subject8_stiff-legged_trial4_pressure.csv,0.0604651344381514,1.6234001500468724,0.6142960327453701,-0.10203488050864884,1.739785852437577,within_normal_range,Normal
subject8,stiff-legged,trial4,right,0.20557103064066853,22.0,0.8900226757369615,0.1338956246705324,Normal,subject8_stiff-legged_trial4_pressure.csv,-0.7723277803447026,0.6396869945915826,0.22708363285847685,-1.0373985243939408,1.4606342204907825,within_normal_range,Normal
subject8,stiff-legged,trial5,left,0.2939046469523235,32.0,1.096106048053024,0.31565329883570503,Severe flat foot,subject8_stiff-legged_trial5_pressure.csv,0.09200713800543876,2.2792089203503987,0.8430200652765611,-0.22036592251165485,2.4418236190011946,borderline,Normal
subject8,stiff-legged,trial5,right,0.15895953757225434,10.0,0.5178173719376392,0.21983575489576757,Normal,subject8_stiff-legged_trial5_pressure.csv,-1.228416217993669,-1.327739316318997,-0.885353553959507,-0.6510825763794567,2.11652014719982,borderline,Normal
subject8,stiff-legged,trial6,left,0.2313289927230946,26.0,0.45671641791044776,0.46057818659658345,Mild flat foot,subject8_stiff-legged_trial6_pressure.csv,-0.5202888965880296,1.295495764895109,-1.0679704396300855,0.43109684883281624,1.8098108093862229,within_normal_range,Normal
subject8,stiff-legged,trial6,right,0.2824909747292419,37.0,1.2883046237533997,0.183152520740268,Severe flat foot,subject8_stiff-legged_trial6_pressure.csv,-0.01967441496309813,3.098969883229807,1.4174579915502452,-0.8159801433470466,3.504142144935879,outside_normal_range,Normal
subject8,stiff-legged,trial7,left,0.27779621639561897,25.0,1.1419698314108253,0.3463549677022455,Severe flat foot,subject8_stiff-legged_trial7_pressure.csv,-0.06561211943394088,1.1315435723192275,0.9800965056565997,-0.08235653990169388,1.5006890305251215,within_normal_range,Normal
subject8,stiff-legged,trial7,right,0.22123287671232877,17.0,1.0470756062767475,0.2075471698113207,Mild flat foot,subject8_stiff-legged_trial7_pressure.csv,-0.6190783039754801,-0.18007396828782554,0.6964792015078611,-0.7063219201436899,1.18307164344201,within_normal_range,Normal
subject8,stiff-legged,trial8,left,0.178979436405179,15.0,0.8306389530408006,0.5182584269662922,Normal,subject8_stiff-legged_trial8_pressure.csv,-1.032523664901728,-0.5079783534395889,0.049599161937252036,0.690379638860336,1.3428444618655941,within_normal_range,Normal
subject8,stiff-legged,trial8,right,0.307027027027027,28.0,0.5302879841112215,0.3025130393551446,Severe flat foot,subject8_stiff-legged_trial8_pressure.csv,0.2204082132021289,1.6234001500468724,-0.8480817241852661,-0.2794336919586509,1.8658332258585866,within_normal_range,Normal
subject8,stiff-legged,trial9,left,0.23731138545953362,21.0,0.9505582137161085,0.47609942638623326,Mild flat foot,subject8_stiff-legged_trial9_pressure.csv,-0.4617518282182128,0.47573480201570095,0.4080106182738796,0.5008675420815218,0.9256777582111383,within_normal_range,Normal
subject8,stiff-legged,trial9,right,0.2824858757062147,27.0,0.7201754385964912,0.4080410607356715,Severe flat foot,subject8_stiff-legged_trial9_pressure.csv,-0.01972430835403925,1.4594479574709907,-0.28055121475031136,0.1949332599515552,1.4990281347724959,within_normal_range,Normal
subject8,trendelenburg,trial10,right,0.3001176932130247,25.0,1.1769406392694064,0.2562814070351759,Severe flat foot,subject8_trendelenburg_trial10_pressure.csv,0.15280112625903983,1.1315435723192275,1.0846163142618177,-0.4872529822149907,1.64849842525957,within_normal_range,Normal
subject8,trendelenburg,trial10,left,0.23658661216147164,17.0,1.2265415549597856,0.2853107344632768,Mild flat foot,subject8_trendelenburg_trial10_pressure.csv,-0.4688436568510694,-0.18007396828782554,1.2328621950995369,-0.3567610674806482,1.3782121244568952,within_normal_range,Normal
subject8,trendelenburg,trial11,right,0.15170816444701796,14.0,0.7285429141716567,0.3668370244179443,Normal,subject8_trendelenburg_trial11_pressure.csv,-1.299370122745111,-0.6719305460154704,-0.2555427291253351,0.009713894907679972,1.4850083571193784,within_normal_range,Normal
subject8,trendelenburg,trial11,left,0.22487778381314502,15.0,1.2477203647416413,0.3454833597464342,Mild flat foot,subject8_trendelenburg_trial11_pressure.csv,-0.5834132807043544,-0.5079783534395889,1.296160851334117,-0.08627457042903584,1.5119157773167498,within_normal_range,Normal
subject8,trendelenburg,trial12,right,0.14524605828953654,14.0,0.9278350515463918,0.3807710613993337,Normal,subject8_trendelenburg_trial12_pressure.csv,-1.3626011352544416,-0.6719305460154704,0.34009624321887666,0.0723498333455961,1.5585481915879502,within_normal_range,Normal
subject8,trendelenburg,trial12,left,0.18110918544194107,10.0,1.4166666666666667,0.337171052631579,Normal,subject8_trendelenburg_trial12_pressure.csv,-1.0116843000408877,-1.327739316318997,1.8011030080372565,-0.12363984780116517,2.458791506527873,borderline,Normal
subject8,trendelenburg,trial13,right,0.2588137702198258,22.0,0.4559659090909091,0.19670905011219142,Mild flat foot,subject8_trendelenburg_trial13_pressure.csv,-0.2513533100532965,0.6396869945915826,-1.0702135401753152,-0.7550411677791111,1.4791288396012652,within_normal_range,Normal
subject8,trendelenburg,trial13,left,0.2505841121495327,20.0,0.6762208067940552,0.19820717131474108,Mild flat foot,subject8_trendelenburg_trial13_pressure.csv,-0.3318796275895329,0.31178260943981934,-0.4119216343837871,-0.7483068503992473,0.967985050497125,within_normal_range,Normal
subject8,trendelenburg,trial14,right,0.3055885850178359,23.0,0.5339652448657188,0.2042019904165131,Severe flat foot,subject8_trendelenburg_trial14_pressure.csv,0.20633321312312114,0.8036391871674642,-0.8370912262875393,-0.7213590878300399,1.381842969628408,within_normal_range,Normal
subject8,trendelenburg,trial14,left,0.2690935046395432,15.0,1.2468468468468468,0.20405405405405408,Severe flat foot,subject8_trendelenburg_trial14_pressure.csv,-0.15076721631770904,-0.5079783534395889,1.293550104577955,-0.7220240877079711,1.5733287696357532,within_normal_range,Normal
subject8,trendelenburg,trial15,right,0.324963785610816,26.0,1.1447196870925684,0.2985332182916307,Severe flat foot,subject8_trendelenburg_trial15_pressure.csv,0.3959174633984205,1.295495764895109,0.9883152002521046,-0.2973236851789303,1.7030056440020216,within_normal_range,Normal
subject8,trendelenburg,trial15,left,0.19137596899224807,16.0,1.1547029702970297,0.4486081370449678,Normal,subject8_trendelenburg_trial15_pressure.csv,-0.9112249291671254,-0.3440261608637072,1.0181529681984902,0.37728937811810587,1.458652670235926,within_normal_range,Normal
subject8,trendelenburg,trial16,right,0.3412262156448203,29.0,0.7494887525562373,0.15488482922954727,Severe flat foot,subject8_trendelenburg_trial16_pressure.csv,0.5550435891309338,1.787352342622754,-0.19294037152795435,-0.9430483711414988,2.1045826189038945,borderline,Normal
subject8,trendelenburg,trial16,left,0.22140221402214022,14.0,0.7655086848635235,0.335427135678392,Mild flat foot,subject8_trendelenburg_trial16_pressure.csv,-0.6174213566437518,-0.6719305460154704,-0.14506042933739247,-0.1314790601605518,0.9332893772719745,within_normal_range,Normal
subject8,trendelenburg,trial17,left,0.21331236897274633,16.0,1.1016949152542372,0.43501611170784105,Mild flat foot,subject8_trendelenburg_trial17_pressure.csv,-0.6965796188342536,-0.3440261608637072,0.8597239210339982,0.3161908419652343,1.2011157453279229,within_normal_range,Normal
subject8,trendelenburg,trial17,right,0.2668886774500476,22.0,0.559576345984113,0.20143884892086328,Severe flat foot,subject8_trendelenburg_trial17_pressure.csv,-0.1723412128139604,0.6396869945915826,-0.7605454570880269,-0.7337798931463981,1.2473023966011503,within_normal_range,Normal
subject8,trendelenburg,trial18,right,0.22151045178691842,28.0,1.044776119402985,0.46579330422125187,Mild flat foot,subject8_trendelenburg_trial18_pressure.csv,-0.6163622617771736,1.6234001500468724,0.6896065570751736,0.4545397166048416,1.9228869031868632,within_normal_range,Normal
subject8,trendelenburg,trial18,left,0.1705033164260632,16.0,1.0692520775623269,0.5053995680345572,Normal,subject8_trendelenburg_trial18_pressure.csv,-1.1154615856614423,-0.3440261608637072,0.7627596415732203,0.6325768142011402,1.5311969974901112,within_normal_range,Normal
subject8,trendelenburg,trial19,right,0.2222222222222222,18.0,0.683643486777669,0.3881544156530936,Mild flat foot,subject8_trendelenburg_trial19_pressure.csv,-0.6093976647554487,-0.016121775711943915,-0.38973692837520896,0.10553930479034022,0.7312036950511612,within_normal_range,Normal
subject8,trendelenburg,trial19,left,0.15039281705948374,14.0,1.268918918918919,0.5300462249614792,Normal,subject8_trendelenburg_trial19_pressure.csv,-1.3122406552136936,-0.6719305460154704,1.3595185190859282,0.7433678568858277,2.1387736136049877,borderline,Normal
subject8,trendelenburg,trial1,left,0.16592756836659275,20.0,1.0490693739424704,0.302571860816944,Normal,subject8_trendelenburg_trial1_pressure.csv,-1.1602347874221335,0.31178260943981934,0.7024381206059653,-0.27916927917827616,1.4194040852452643,within_normal_range,Normal
subject8,trendelenburg,trial1,right,0.2395787626151821,21.0,0.5461783439490446,0.4723618090452262,Mild flat foot,subject8_trendelenburg_trial1_pressure.csv,-0.43956578704242744,0.47573480201570095,-0.8005890447014611,0.4840662970447469,1.1378948463798217,within_normal_range,Normal
subject8,trendelenburg,trial20,right,0.31959564541213065,26.0,0.656084656084656,0.27512050426399703,Severe flat foot,subject8_trendelenburg_trial20_pressure.csv,0.3433907899295949,1.295495764895109,-0.47210401926614803,-0.4025679382592155,1.4768783502344267,within_normal_range,Normal
subject8,trendelenburg,trial20,left,0.23319228960977903,23.0,1.2600690448791714,0.24361313868613144,Mild flat foot,subject8_trendelenburg_trial20_pressure.csv,-0.5020567373075545,0.8036391871674642,1.3330682539231882,-0.5441990688003464,1.7236938552794319,within_normal_range,Normal
subject8,trendelenburg,trial2,left,0.22642229858724705,22.0,1.100375234521576,0.6468926553672316,Mild flat foot,subject8_trendelenburg_trial2_pressure.csv,-0.5683003700492075,0.6396869945915826,0.8557796948052097,1.268613041132151,1.753254886152935,within_normal_range,Normal
subject8,trendelenburg,trial2,right,0.2510991695163654,25.0,0.949438202247191,0.19653179190751446,Mild flat foot,subject8_trendelenburg_trial2_pressure.csv,-0.3268398467484958,1.1315435723192275,0.40466315816256904,-0.7558379744770258,1.4567973286340061,within_normal_range,Normal
subject8,trendelenburg,trial3,right,0.218994928538497,20.0,0.9800399201596807,0.28466856445709643,Mild flat foot,subject8_trendelenburg_trial3_pressure.csv,-0.6409763857349327,0.31178260943981934,0.4961247484163227,-0.35964773421100876,0.9399709470686803,within_normal_range,Normal
subject8,trendelenburg,trial3,left,0.23665893271461716,19.0,3.086826347305389,0.2246330567964263,Mild flat foot,subject8_trendelenburg_trial3_pressure.csv,-0.468136008030517,0.14783041686393772,6.792831276552987,-0.6295178635170542,6.839580005114969,outside_normal_range,Normal
subject8,trendelenburg,trial4,left,0.23370429252782193,21.0,1.216335540838852,0.5639445300462249,Mild flat foot,subject8_trendelenburg_trial4_pressure.csv,-0.4970468439188327,0.47573480201570095,1.2023587349891531,0.8957466795682772,1.6496689996665699,within_normal_range,Normal
subject8,trendelenburg,trial4,right,0.2893539581437671,17.0,0.2633637548891786,0.2921522921522921,Severe flat foot,subject8_trendelenburg_trial4_pressure.csv,0.047479138315002244,-0.18007396828782554,-1.6458576710036485,-0.3260070665546449,1.6881377263941408,within_normal_range,Normal
subject8,trendelenburg,trial5,left,0.22703412073490814,20.0,1.493573264781491,0.3660024400162668,Mild flat foot,subject8_trendelenburg_trial5_pressure.csv,-0.5623137562534166,0.31178260943981934,2.0309593770392507,0.005962291745255737,2.130313755325127,borderline,Normal
subject8,trendelenburg,trial5,right,0.21131848284166166,15.0,0.5363881401617251,0.22671633847791384,Mild flat foot,subject8_trendelenburg_trial5_pressure.csv,-0.7160895798012106,-0.5079783534395889,-0.8298497420863982,-0.6201531472237952,1.3579642168759491,within_normal_range,Normal
subject8,trendelenburg,trial6,right,0.17596810933940774,22.0,0.4500393391030684,0.31412639405204457,Normal,subject8_trendelenburg_trial6_pressure.csv,-1.0619891757932542,0.6396869945915826,-1.0879267129255565,-0.22722962713348513,1.6650039929969767,within_normal_range,Normal
subject8,trendelenburg,trial6,left,0.2673950546290972,19.0,0.5505050505050505,0.2442318514350028,Severe flat foot,subject8_trendelenburg_trial6_pressure.csv,-0.1673863666751584,0.14783041686393772,-0.7876575006847075,-0.5414178465529229,0.9815343350335538,within_normal_range,Normal
subject8,trendelenburg,trial7,left,0.23925564909171468,21.0,0.815049864007253,0.3534715960324617,Mild flat foot,subject8_trendelenburg_trial7_pressure.csv,-0.4427274180565897,0.47573480201570095,0.003006912518676278,-0.050366048232099905,0.6518258577913166,within_normal_range,Normal
subject8,trendelenburg,trial7,right,0.42531120331950206,22.0,0.6957328385899815,0.28510638297872337,Severe flat foot,subject8_trendelenburg_trial7_pressure.csv,1.3778061340249486,0.6396869945915826,-0.3536045992996598,-0.35767966322022327,1.6001625380359306,within_normal_range,Normal
subject8,trendelenburg,trial8,right,0.14874141876430205,17.0,1.0145985401459854,0.36255924170616116,Normal,subject8_trendelenburg_trial8_pressure.csv,-1.3283994096067377,-0.18007396828782554,0.5994126210109705,-0.009515488145049189,1.4684882227108034,within_normal_range,Normal
subject8,trendelenburg,trial8,left,0.22850270595309682,20.0,0.45479204339963836,0.2926093514328808,Mild flat foot,subject8_trendelenburg_trial8_pressure.csv,-0.5479438081220633,0.31178260943981934,-1.0737219583358568,-0.3239525049800152,1.2865748643992023,within_normal_range,Normal
subject8,trendelenburg,trial9,left,0.19247787610619468,20.0,1.0287474332648872,0.5396825396825398,Normal,subject8_trendelenburg_trial9_pressure.csv,-0.9004428867790699,0.31178260943981934,0.6417004516708625,0.7866847805055143,1.3923570667949101,within_normal_range,Normal
subject8,trendelenburg,trial9,right,0.23423860329776916,17.0,0.7561475409836066,0.22394173873463818,Mild flat foot,subject8_trendelenburg_trial9_pressure.csv,-0.49181867060272444,-0.18007396828782554,-0.17303876402761442,-0.6326254593715086,0.8393268877556423,within_normal_range,Normal
subject9,antalgic,trial10,left,0.5392320534223706,18.0,0.9486301369863014,0.757201646090535,Severe flat foot,subject9_antalgic_trial10_pressure.csv,2.492509378196893,-0.016121775711943915,0.40224803447568563,1.7644712881944857,3.080263839373801,outside_normal_range,Normal
subject9,antalgic,trial10,right,0.4006888633754305,15.0,0.35038363171355497,0.7404580152671756,Severe flat foot,subject9_antalgic_trial10_pressure.csv,1.136879190537631,-0.5079783534395889,-1.3857750069910222,1.6892057330018397,2.5148210035404,borderline,Normal
subject9,antalgic,trial11,left,0.13672079622839184,14.0,0.46381322957198445,0.6388888888888888,Normal,subject9_antalgic_trial11_pressure.csv,-1.4460199059921321,-0.6719305460154704,-1.046759680085419,1.2326347079987947,2.271025842743747,borderline,Normal
subject9,antalgic,trial11,right,0.08258527827648116,10.0,0.840531561461794,0.5922222222222222,Normal,subject9_antalgic_trial11_pressure.csv,-1.9757301164710117,-1.327739316318997,0.07916592353309206,1.0228598621059555,2.592086172600374,borderline,Normal
subject9,antalgic,trial12,left,0.16891891891891891,16.0,0.7786458333333334,0.6110879533138808,Normal,subject9_antalgic_trial12_pressure.csv,-1.1309647445623536,-0.3440261608637072,-0.10579647383383295,1.1076646299432789,1.623437426913851,within_normal_range,Normal
subject9,antalgic,trial12,right,0.09495896834701055,12.0,1.0789808917197452,0.5473801560758083,Normal,subject9_antalgic_trial12_pressure.csv,-1.8546548922996464,-0.9998349311672337,0.7918368592858098,0.821286915347802,2.3960243045842256,borderline,Normal
subject9,antalgic,trial13,right,0.07467144563918758,12.0,0.8904109589041096,0.6243683323975295,Normal,subject9_antalgic_trial13_pressure.csv,-2.0531661161730788,-0.9998349311672337,0.2282441231302219,1.1673622615647983,2.57487689407719,borderline,Normal
subject9,antalgic,trial13,left,0.48427152317880795,18.0,0.4523809523809524,0.7204968944099379,Severe flat foot,subject9_antalgic_trial13_pressure.csv,1.95472651133285,-0.016121775711943915,-1.0809281622308857,1.5994769961802244,2.747352907613646,borderline,Normal
subject9,antalgic,trial14,right,0.10043668122270742,13.0,0.9267990074441688,0.5395095367847411,Normal,subject9_antalgic_trial14_pressure.csv,-1.801056061991866,-0.8358827385913521,0.33699974251152043,0.7859071021578415,2.161879203560549,borderline,Normal
subject9,antalgic,trial14,left,0.1270358306188925,11.0,0.6195054945054945,0.5448215839860748,Normal,subject9_antalgic_trial14_pressure.csv,-1.5407862510014447,-1.1637871237431152,-0.5814308321511745,0.8097856853657402,2.1730709628230342,borderline,Normal
subject9,antalgic,trial15,left,0.09331259720062209,11.0,0.803680981595092,0.686070686070686,Normal,subject9_antalgic_trial15_pressure.csv,-1.8707644565833852,-1.1637871237431152,-0.0309720970192093,1.444725155843624,2.6348339925177737,borderline,Normal
subject9,antalgic,trial15,right,0.1309823677581864,16.0,0.8062930186823992,0.6275631855030996,Normal,subject9_antalgic_trial15_pressure.csv,-1.5021698103021035,-0.3440261608637072,-0.023165310926674523,1.1817236862334675,1.9421317258562105,within_normal_range,Normal
subject9,antalgic,trial16,left,0.13997477931904162,15.0,0.7361268403171007,0.6017094017094018,Normal,subject9_antalgic_trial16_pressure.csv,-1.4141800320414668,-0.5079783534395889,-0.23287609493136943,1.0655063967105443,1.8567397037844513,within_normal_range,Normal
subject9,antalgic,trial16,right,0.19386227544910178,15.0,1.4598825831702544,0.5989445910290238,Normal,subject9_antalgic_trial16_pressure.csv,-0.8868966883669744,-0.5079783534395889,1.9302655752824887,1.053078088116276,2.424773472757975,borderline,Normal
subject9,antalgic,trial17,right,0.143317230273752,16.0,0.7332053742802304,0.5475923852183651,Normal,subject9_antalgic_trial17_pressure.csv,-1.3814745095726921,-0.3440261608637072,-0.2416076939340333,0.8222409225408125,1.6617100325949228,within_normal_range,Normal
subject9,antalgic,trial17,left,0.060805860805860805,7.0,0.7616645649432535,0.6,Normal,subject9_antalgic_trial17_pressure.csv,-2.1888393698583712,-1.819595894046642,-0.15654963141550624,1.0578223364214288,3.0406319881238195,outside_normal_range,Normal
subject9,antalgic,trial18,left,0.03647944412275622,3.0,0.777137367915466,0.6775956284153005,Normal,subject9_antalgic_trial18_pressure.csv,-2.426870736120555,-2.4754046643501684,-0.11030493464493787,1.4066282862666653,3.7427396565159876,outside_normal_range,Normal
subject9,antalgic,trial18,right,0.456575682382134,14.0,1.055299539170507,0.8181818181818181,Severe flat foot,subject9_antalgic_trial18_pressure.csv,1.6837256931486044,-0.6719305460154704,0.7210586706329067,2.038587849686652,2.821735086045878,borderline,Normal
subject9,antalgic,trial19,left,0.05126694166175604,5.0,1.154981549815498,0.42118380062305294,Normal,subject9_antalgic_trial19_pressure.csv,-2.2821766659391676,-2.1475002791984052,1.018985579159878,0.2540121792619506,3.304987379925019,outside_normal_range,Normal
subject9,antalgic,trial19,right,0.07609475951184494,11.0,0.8697421981004071,0.5757097791798107,Normal,subject9_antalgic_trial19_pressure.csv,-2.0392391432801147,-1.1637871237431152,0.16646988754361317,0.948633536508752,2.5378168891635924,borderline,Normal
subject9,antalgic,trial1,left,0.10258418167580266,7.0,0.19926739926739928,0.7748868778280543,Normal,subject9_antalgic_trial1_pressure.csv,-1.7800430014347828,-1.819595894046642,-1.837427132280377,1.8439695045298559,3.6408576331222453,outside_normal_range,Normal
subject9,antalgic,trial1,right,0.4480731548007838,19.0,1.767515923566879,0.7290922087205147,Severe flat foot,subject9_antalgic_trial1_pressure.csv,1.6005293768462403,0.14783041686393772,2.84971181709841,1.638114440499548,3.658937616164212,outside_normal_range,Normal
subject9,antalgic,trial20,left,0.12089136490250696,11.0,0.702803738317757,0.45974458634092175,Normal,subject9_antalgic_trial20_pressure.csv,-1.6009091860179363,-1.1637871237431152,-0.33247128464469283,0.42734966957922343,2.0519443429268858,borderline,Normal
subject9,antalgic,trial20,right,0.13157894736842105,14.0,0.8962962962962963,0.5733866362078812,Normal,subject9_antalgic_trial20_pressure.csv,-1.4963323430927655,-0.6719305460154704,0.2458340610091532,0.9381906016746762,1.9055542842640503,within_normal_range,Normal
subject9,antalgic,trial2,right,0.18287671232876712,14.0,1.135135135135135,0.4624428478118876,Normal,subject9_antalgic_trial2_pressure.csv,-0.9943892398905552,-0.6719305460154704,0.9596691495171947,0.4394788278131616,1.598251274271305,within_normal_range,Normal
subject9,antalgic,trial2,left,0.45629510825982356,17.0,1.5054151624548737,0.7300177619893429,Severe flat foot,subject9_antalgic_trial2_pressure.csv,1.6809803055914743,-0.18007396828782554,2.066352121849429,1.642274964663849,3.1344855355982446,outside_normal_range,Normal
subject9,antalgic,trial3,right,0.06729634002361275,7.0,1.1701030927835052,0.7441601779755284,Normal,subject9_antalgic_trial3_pressure.csv,-2.1253307300112705,-1.819595894046642,1.0641804394909034,1.7058476032507308,3.4453382973044833,outside_normal_range,Normal
subject9,antalgic,trial3,left,0.12269129287598944,13.0,0.5865979381443299,0.5727536231884058,Normal,subject9_antalgic_trial3_pressure.csv,-1.5832970847256354,-0.8358827385913521,-0.6797840502536373,0.9353450972044917,2.1313156540079636,borderline,Normal
subject9,antalgic,trial4,left,0.11551925320886815,13.0,0.7147239263803681,0.5265791119449656,Normal,subject9_antalgic_trial4_pressure.csv,-1.653474720136984,-0.8358827385913521,-0.2968445476279042,0.7277825761987092,2.0125761517224388,borderline,Normal
subject9,antalgic,trial4,right,0.1271596406357982,10.0,0.5489583333333333,0.5685218432076601,Normal,subject9_antalgic_trial4_pressure.csv,-1.5395747833255877,-1.327739316318997,-0.7922802873074253,0.9163225044906343,2.366545412926444,borderline,Normal
subject9,antalgic,trial5,left,0.08529250956806998,11.0,0.6626794258373205,0.6246799795186893,Normal,subject9_antalgic_trial5_pressure.csv,-1.9492401499659082,-1.1637871237431152,-0.45239374905645263,1.1687631699965317,2.5931843519802222,borderline,Normal
subject9,antalgic,trial5,right,0.1002290950744559,14.0,0.9089887640449438,0.5795090715048026,Normal,subject9_antalgic_trial5_pressure.csv,-1.803087270086716,-0.6719305460154704,0.283768966750572,0.9657120214082595,2.1715752109932844,borderline,Normal
subject9,antalgic,trial6,right,0.07017543859649122,14.0,1.0763454317897372,0.5974884335756774,Normal,subject9_antalgic_trial6_pressure.csv,-2.097159060676109,-0.6719305460154704,0.7839600676318942,1.0465324051440308,2.5611306579521673,borderline,Normal
subject9,antalgic,trial6,left,0.521865889212828,21.0,1.7541666666666667,0.7160493827160495,Severe flat foot,subject9_antalgic_trial6_pressure.csv,2.322583332475501,0.47573480201570095,2.809813917631106,1.5794846516046805,4.001317652287824,outside_normal_range,Normal
subject9,antalgic,trial7,right,0.10649546827794562,12.0,0.9272727272727272,0.6694975230007076,Normal,subject9_antalgic_trial7_pressure.csv,-1.7417714834434925,-0.9998349311672337,0.3384155835756919,1.370225883080161,2.454685696375162,borderline,Normal
subject9,antalgic,trial7,left,0.53125,18.0,0.5257142857142857,0.7212230215827338,Severe flat foot,subject9_antalgic_trial7_pressure.csv,2.4144058454631057,-0.016121775711943915,-0.8617514707635803,1.6027410650896214,3.0234103289739434,outside_normal_range,Normal
subject9,antalgic,trial8,right,0.12087912087912088,12.0,0.652014652014652,0.554364471669219,Normal,subject9_antalgic_trial8_pressure.csv,-1.601028992467571,-0.9998349311672337,-0.48426833780690187,0.8526826380751168,2.12709831192188,borderline,Normal
subject9,antalgic,trial8,left,0.4097938144329897,17.0,1.186335403726708,0.7420560747663552,Severe flat foot,subject9_antalgic_trial8_pressure.csv,1.225970155648261,-0.18007396828782554,1.1126951332281723,1.6963892905411537,2.3772371655279843,borderline,Normal
subject9,antalgic,trial9,left,0.36103151862464183,24.0,1.0159857904085257,0.7660056657223796,Severe flat foot,subject9_antalgic_trial9_pressure.csv,0.748836344921293,0.9675913797433459,0.6035587972307077,1.8040468995125087,2.2618261177606,borderline,Normal
subject9,antalgic,trial9,right,0.6145610278372591,16.0,0.6141078838174274,0.5773624091381101,Severe flat foot,subject9_antalgic_trial9_pressure.csv,3.2295952767360863,-0.3440261608637072,-0.597563065593526,0.9560623978263266,3.4379901943975373,outside_normal_range,Normal
subject9,lurching,trial10,right,0.1697709269963605,37.0,0.8118937157317587,0.6869719001768521,Normal,subject9_lurching_trial10_pressure.csv,-1.1226279373218244,3.098969883229807,-0.006426098437729289,1.448776271205855,3.60040300543857,outside_normal_range,Normal
subject9,lurching,trial10,left,0.05579665220086795,5.0,1.5171898355754858,0.5810721376571807,Normal,subject9_lurching_trial10_pressure.csv,-2.2378539363550005,-2.1475002791984052,2.101543947726949,0.9727382777204474,3.8707175576095847,outside_normal_range,Normal
subject9,lurching,trial11,right,0.502921129503408,34.0,0.4418604651162791,0.6961377384830154,Severe flat foot,subject9_lurching_trial11_pressure.csv,2.1372108998691832,2.6071133055021622,-1.1123715112030905,1.4899783208805857,3.849950128751856,outside_normal_range,Normal
subject9,lurching,trial11,left,0.33773453787352326,22.0,1.353080568720379,0.795131845841785,Severe flat foot,subject9_lurching_trial11_pressure.csv,0.5208778983398862,0.6396869945915826,1.6110585911574833,1.9349741840695518,2.6495562106108546,borderline,Normal
subject9,lurching,trial12,right,0.2802856414180056,47.0,0.7745292368681863,0.2666666666666667,Severe flat foot,subject9_lurching_trial12_pressure.csv,-0.041253363806051414,4.738491808988623,-0.11810004647024575,-0.4405694199559953,4.760573022090327,outside_normal_range,Normal
subject9,lurching,trial12,left,0.19509981851179672,18.0,1.1954261954261953,0.6774193548387097,Normal,subject9_lurching_trial12_pressure.csv,-0.874787462834134,-0.016121775711943915,1.1398654466033369,1.4058359056445728,2.010268849369061,borderline,Normal
subject9,lurching,trial13,right,0.17089232795521897,27.0,0.359375,0.630428530342249,Normal,subject9_lurching_trial13_pressure.csv,-1.1116551497616165,1.4594479574709907,-1.3589018476348347,1.1946039134919475,2.5767146241276726,borderline,Normal
subject9,lurching,trial13,left,0.38053691275167784,21.0,0.9916666666666667,0.7197080291970803,Severe flat foot,subject9_lurching_trial13_pressure.csv,0.9396945248999898,0.47573480201570095,0.5308744552153716,1.5959309087847082,1.9844829439404457,within_normal_range,Normal
subject9,lurching,trial14,left,0.46208530805687204,23.0,1.8452012383900929,0.7157151265450266,Severe flat foot,subject9_lurching_trial14_pressure.csv,1.7376367867566473,0.8036391871674642,3.0818955936240653,1.5779821115311436,3.9564283817798174,outside_normal_range,Normal
subject9,lurching,trial14,right,0.5347003154574133,30.0,0.7745664739884393,0.6862745098039216,Severe flat foot,subject9_lurching_trial14_pressure.csv,2.4481668104692678,1.9513045351986356,-0.11798875316819833,1.4456413792485268,3.4503493249582426,outside_normal_range,Normal
subject9,lurching,trial15,right,0.2037037037037037,34.0,0.6479775730877052,0.6144967682363804,Normal,subject9_lurching_trial15_pressure.csv,-0.7905993732329649,2.6071133055021622,-0.4963342505669099,1.1229878504799484,2.9882330158965447,borderline,Normal
subject9,lurching,trial15,left,0.4929840972871843,30.0,1.5277777777777777,0.6327683615819208,Severe flat foot,subject9_lurching_trial15_pressure.csv,2.0399781102712873,1.9513045351986356,2.1331889041998404,1.2051218650144635,3.737902311458933,outside_normal_range,Normal
subject9,lurching,trial16,right,0.19197016235190872,34.0,1.1362745098039215,0.5786355818841964,Normal,subject9_lurching_trial16_pressure.csv,-0.9054108111625541,2.6071133055021622,0.9630744818387347,0.9617855324678669,3.0772312868437255,outside_normal_range,Normal
subject9,lurching,trial16,left,0.5089490592014686,31.0,0.9782608695652174,0.75329395729214,Severe flat foot,subject9_lurching_trial16_pressure.csv,2.1961935425022148,2.115256727774517,0.4908075699174945,1.7469055421484754,3.5482598755447943,outside_normal_range,Normal
subject9,lurching,trial17,right,0.13729405891163254,28.0,1.1178024300052827,0.6839219127001536,Normal,subject9_lurching_trial17_pressure.csv,-1.4404105924012125,1.6234001500468724,0.907865627273475,1.4350660429294366,2.755693246104804,borderline,Normal
subject9,lurching,trial17,left,0.1417624521072797,25.0,0.5011831519167061,0.5234645669291338,Normal,subject9_lurching_trial17_pressure.csv,-1.3966878464163817,1.1315435723192275,-0.9350694627230614,0.7137821504689427,2.1482475776384464,borderline,Normal
subject9,lurching,trial18,right,0.523826714801444,40.0,0.7173100871731009,0.7491166077738516,Severe flat foot,subject9_lurching_trial18_pressure.csv,2.341769799596419,3.590826460957452,-0.2891150999076274,1.7281276239033436,4.631191325404997,outside_normal_range,Normal
subject9,lurching,trial18,left,0.3648103309120258,18.0,0.8820754716981132,0.7121076233183856,Severe flat foot,subject9_lurching_trial18_pressure.csv,0.7858116160157427,-0.016121775711943915,0.20333124348142623,1.5617657522434323,1.7601748967002047,within_normal_range,Normal
subject9,lurching,trial19,right,0.1743486973947896,37.0,1.1766169154228856,0.593714673298666,Normal,subject9_lurching_trial19_pressure.csv,-1.0778349471923143,3.098969883229807,1.0836487771486882,1.0295686912751756,3.6055025825568823,outside_normal_range,Normal
subject9,lurching,trial19,left,0.18952190094474664,30.0,0.47039473684210525,0.5401259928786634,Normal,subject9_lurching_trial19_pressure.csv,-0.9293667852505303,1.9513045351986356,-1.0270890484263315,0.7886781803457468,2.5195708357108066,borderline,Normal
subject9,lurching,trial1,right,0.2418647588276021,33.0,1.0618384401114207,0.43842245342366315,Mild flat foot,subject9_lurching_trial1_pressure.csv,-0.41719756040219097,2.4431611129262807,0.7406019616428423,0.3315029450044114,2.607963860228233,borderline,Normal
subject9,lurching,trial1,left,0.1007845503922752,9.0,0.761994355597366,0.7156862745098039,Normal,subject9_lurching_trial1_pressure.csv,-1.79765219964784,-1.4916915088948786,-0.1555639619912535,1.5778524165759467,2.8232101203014923,borderline,Normal
subject9,lurching,trial20,right,0.373732921992067,31.0,1.1449704142011834,0.6631853785900783,Severe flat foot,subject9_lurching_trial20_pressure.csv,0.8731182083942269,2.115256727774517,0.9890645666811145,1.3418516876303086,2.831158967434593,borderline,Normal
subject9,lurching,trial20,left,0.4621309370988447,35.0,0.9264264264264265,0.7661406025824964,Severe flat foot,subject9_lurching_trial20_pressure.csv,1.7380832620161755,2.771065498078044,0.3358861824009894,1.804653464349,3.7509106993174424,outside_normal_range,Normal
subject9,lurching,trial2,right,0.1759493670886076,30.0,1.3061911170928668,0.49684619116933526,Normal,subject9_lurching_trial2_pressure.csv,-1.062172566698002,1.9513045351986356,1.4709166610788325,0.5941278860490263,2.729905441467336,borderline,Normal
subject9,lurching,trial2,left,0.32388475836431224,30.0,0.8363858363858364,0.736937755565652,Severe flat foot,subject9_lurching_trial2_pressure.csv,0.3853592980481657,1.9513045351986356,0.06677529208925446,1.6733815486506278,2.6001453660664664,borderline,Normal
subject9,lurching,trial3,right,0.11577082102776137,26.0,1.2853503184713375,0.6547738693467337,Normal,subject9_lurching_trial3_pressure.csv,-1.6510131561335875,1.295495764895109,1.4086282434960617,1.3040404793035483,2.844100704726255,borderline,Normal
subject9,lurching,trial3,left,0.07292093404342483,14.0,0.440603700097371,0.4847615632843313,Normal,subject9_lurching_trial3_pressure.csv,-2.0702946835336222,-0.6719305460154704,-1.1161276966412195,0.5398053656436903,2.504943433158438,borderline,Normal
subject9,lurching,trial4,right,0.2174981567952814,32.0,0.9375333689268553,0.5742135578201152,Mild flat foot,subject9_lurching_trial4_pressure.csv,-0.6556221359767958,2.2792089203503987,0.3690823129859203,0.9419077592555013,2.578380435174833,borderline,Normal
subject9,lurching,trial4,left,0.14853452558370592,16.0,0.657354149548069,0.5854922279792747,Normal,subject9_lurching_trial4_pressure.csv,-1.3304238370877415,-0.3440261608637072,-0.46830979139591766,0.9926073584236552,1.7586827497772204,within_normal_range,Normal
subject9,lurching,trial5,right,0.17752027809965237,31.0,1.0609563846558066,0.45137524557956776,Normal,subject9_lurching_trial5_pressure.csv,-1.0468013717083593,2.115256727774517,0.7379656980548578,0.38972801596984435,2.5033148891306594,borderline,Normal
subject9,lurching,trial5,left,0.14477611940298507,11.0,1.018181818181818,0.47349823321554774,Normal,subject9_lurching_trial5_pressure.csv,-1.3671994366270916,-1.1637871237431152,0.6101222258905333,0.4891747228704206,1.95836049003361,within_normal_range,Normal
subject9,lurching,trial6,right,0.15681351289659895,29.0,0.9383239171374764,0.531317494600432,Normal,subject9_lurching_trial6_pressure.csv,-1.249414838227507,1.787352342622754,0.3714450821847748,0.7490824367272468,2.3355431446998787,borderline,Normal
subject9,lurching,trial6,left,0.4703668861712135,19.0,0.8856209150326797,0.776230269266481,Severe flat foot,subject9_lurching_trial6_pressure.csv,1.8186711363299164,0.14783041686393772,0.2139277690249049,1.8500082845006354,2.6072426579339854,borderline,Normal
subject9,lurching,trial7,left,0.17052023121387283,14.0,0.4543168482816429,0.640598044853364,Normal,subject9_lurching_trial7_pressure.csv,-1.1152960762851618,-0.6719305460154704,-1.075142208705361,1.2403176636213935,2.0951598201752533,borderline,Normal
subject9,lurching,trial7,right,0.4095505617977528,28.0,0.6735340729001584,0.6952203600248292,Severe flat foot,subject9_lurching_trial7_pressure.csv,1.2235899548210454,1.6234001500468724,-0.41995167227993285,1.4858545439229125,2.552787409373968,borderline,Normal
subject9,lurching,trial8,right,0.18758434547908232,35.0,0.7045985970381917,0.49001536098310294,Normal,subject9_lurching_trial8_pressure.csv,-0.9483255567255399,2.771065498078044,-0.3271068592447457,0.5634221071282327,3.0004280901803164,outside_normal_range,Normal
subject9,lurching,trial8,left,0.4288354898336414,20.0,0.46386946386946387,0.7051282051282051,Severe flat foot,subject9_lurching_trial8_pressure.csv,1.4122908978513697,0.31178260943981934,-1.0465916085317575,1.5303920442020007,2.351431006793268,borderline,Normal
subject9,lurching,trial9,left,0.5077989601386482,17.0,0.7544910179640718,0.8293515358361775,Severe flat foot,subject9_lurching_trial9_pressure.csv,2.1849399470867366,-0.18007396828782554,-0.17798973541071986,2.088797688249718,3.0333389745920685,outside_normal_range,Normal
subject9,lurching,trial9,right,0.15625,6.0,0.6121883656509696,0.1079460269865068,Normal,subject9_lurching_trial9_pressure.csv,-1.2549287512066005,-1.9835480866225235,-0.6033000697881027,-1.1540465141471048,2.684232388145677,borderline,Normal
subject9,normal,trial10,left,0.11947863866763216,11.0,0.4563894523326572,0.7270455965021861,Normal,subject9_normal_trial10_pressure.csv,-1.614732560015934,-1.1637871237431152,-1.0689476655423196,1.6289145598702135,2.785277986986475,borderline,Normal
subject9,normal,trial10,right,0.5093167701863354,15.0,1.2723577235772359,0.6902030008826125,Severe flat foot,subject9_normal_trial10_pressure.csv,2.19979155487114,-0.5079783534395889,1.3697963258260952,1.4633006351904654,3.0190587300748346,outside_normal_range,Normal
subject9,normal,trial11,left,0.16009557945041816,14.0,0.5528134254689042,0.6952743074416079,Normal,subject9_normal_trial11_pressure.csv,-1.2173001706155033,-0.6719305460154704,-0.7807582917677518,1.4860970470166495,2.179765654230951,borderline,Normal
subject9,normal,trial11,right,0.5110132158590308,14.0,0.5463576158940397,0.7401197604790419,Severe flat foot,subject9_normal_trial11_pressure.csv,2.216391092999652,-0.6719305460154704,-0.8000532415408664,1.6876852184435558,2.9752725457762286,borderline,Normal
subject9,normal,trial12,left,0.13319672131147542,12.0,0.46388606307222785,0.7025703794369644,Normal,subject9_normal_trial12_pressure.csv,-1.480502599362525,-0.9998349311672337,-1.0465419972816283,1.5188941694119846,2.567848805177073,borderline,Normal
subject9,normal,trial12,right,0.3888888888888889,15.0,0.3061630218687873,0.7883349012229539,Severe flat foot,subject9_normal_trial12_pressure.csv,1.0214177115421987,-0.5079783534395889,-1.517940374633423,1.9044207267133206,2.6892931105204667,borderline,Normal
subject9,normal,trial13,right,0.16576673866090713,16.0,0.7596348884381339,0.5896180215475024,Normal,subject9_normal_trial13_pressure.csv,-1.1618084887641187,-0.3440261608637072,-0.16261587388561144,1.0111535236370977,1.5865145239569307,within_normal_range,Normal
subject9,normal,trial13,left,0.4943502824858757,15.0,0.9787985865724381,0.8073732718894009,Severe flat foot,subject9_normal_trial13_pressure.csv,2.053346085244665,-0.5079783534395889,0.4924146840255173,1.9900015396977064,2.9456494194652527,borderline,Normal
subject9,normal,trial14,right,0.10246136233543217,13.0,0.7660455486542443,0.7278514588859417,Normal,subject9_normal_trial14_pressure.csv,-1.7812447754474803,-0.8358827385913521,-0.1434558652998636,1.6325370525279956,2.5607205462329645,borderline,Normal
subject9,normal,trial14,left,0.5148305084745762,15.0,0.5365079365079365,0.797938144329897,Severe flat foot,subject9_normal_trial14_pressure.csv,2.253742889959206,-0.5079783534395889,-0.8294916979935006,1.947588987631116,3.1334578923909295,outside_normal_range,Normal
subject9,normal,trial15,right,0.19413092550790068,16.0,0.782258064516129,0.5345794392523364,Normal,subject9_normal_trial15_pressure.csv,-0.8842679764865794,-0.3440261608637072,-0.09500033456846688,0.763745449655766,1.2217266588874534,within_normal_range,Normal
subject9,normal,trial15,left,0.49178832116788324,17.0,0.826625386996904,0.7776793622674933,Severe flat foot,subject9_normal_trial15_pressure.csv,2.0282775697794935,-0.18007396828782554,0.03760352384879602,1.8565222115214588,2.755798483380798,borderline,Normal
subject9,normal,trial16,left,0.3761638733705773,16.0,0.8928571428571429,0.8270814272644099,Severe flat foot,subject9_normal_trial16_pressure.csv,0.8969048057168663,-0.3440261608637072,0.2355552118422163,2.0785931523396632,2.301918326234882,borderline,Normal
subject9,normal,trial16,right,0.538235294117647,17.0,0.8638132295719845,0.7318132464712269,Severe flat foot,subject9_normal_trial16_pressure.csv,2.4827561957932276,-0.18007396828782554,0.1487495460998843,1.650345982102925,2.9903633976346042,borderline,Normal
subject9,normal,trial17,right,0.1220447284345048,16.0,0.8550561797752809,0.6851248642779588,Normal,subject9_normal_trial17_pressure.csv,-1.589623648123278,-0.3440261608637072,0.12257671153457622,1.4404735211119506,2.1760621216469604,borderline,Normal
subject9,normal,trial17,left,0.4018867924528302,17.0,0.8267045454545454,0.8029350104821803,Severe flat foot,subject9_normal_trial17_pressure.csv,1.1486007974924557,-0.18007396828782554,0.037840110514898224,1.9700507767820243,2.287846665123882,borderline,Normal
subject9,normal,trial18,left,0.467174119885823,14.0,1.8067632850241546,0.7462686567164178,Severe flat foot,subject9_normal_trial18_pressure.csv,1.787430262223079,-0.6719305460154704,2.9670132739124164,1.7153255847422684,3.9232521242233966,outside_normal_range,Normal
subject9,normal,trial18,right,0.3997772828507795,17.0,0.36049382716049383,0.8021978021978022,Severe flat foot,subject9_normal_trial18_pressure.csv,1.127959473319625,-0.18007396828782554,-1.355557927152642,1.9667368963338885,2.647699099364169,borderline,Normal
subject9,normal,trial19,right,0.15798816568047339,15.0,0.47893772893772896,0.5744157441574416,Normal,subject9_normal_trial19_pressure.csv,-1.2379209872969874,-0.5079783534395889,-1.001555983752466,0.9428166222788072,1.9189861776962158,within_normal_range,Normal
subject9,normal,trial19,left,0.47127468581687615,18.0,0.9335347432024169,0.7607843137254902,Severe flat foot,subject9_normal_trial19_pressure.csv,1.8275538580543813,-0.016121775711943915,0.3571313281218502,1.7805760071446568,2.5764717577506735,borderline,Normal
subject9,normal,trial1,left,0.14775592536560767,14.0,0.5928393005828476,0.5811163275952008,Normal,subject9_normal_trial1_pressure.csv,-1.3380423563337216,-0.6719305460154704,-0.6611300343056016,0.97293691923698,1.904086966786711,within_normal_range,Normal
subject9,normal,trial1,right,0.18090452261306533,15.0,0.5672451193058569,0.5300878972278567,Normal,subject9_normal_trial1_pressure.csv,-1.0136869037706107,-0.5079783534395889,-0.7376252339388556,0.7435551810270562,1.5435570735851567,within_normal_range,Normal
subject9,normal,trial20,right,0.16354044548651817,18.0,0.697198275862069,0.6364617044228695,Normal,subject9_normal_trial20_pressure.csv,-1.183592527609759,-0.016121775711943915,-0.3492247398517188,1.2217240884135228,1.7365825204118917,within_normal_range,Normal
subject9,normal,trial20,left,0.509915014164306,16.0,0.8532423208191127,0.8051708217913204,Severe flat foot,subject9_normal_trial20_pressure.csv,2.2056453077394518,-0.3440261608637072,0.11715549874183123,1.980101140485317,2.986260397277569,borderline,Normal
subject9,normal,trial2,right,0.10244192972007148,13.0,0.741901776384535,0.7243066884176182,Normal,subject9_normal_trial2_pressure.csv,-1.7814349214950718,-0.8358827385913521,-0.21561612155824952,1.6166026879840376,2.5557982891594104,borderline,Normal
subject9,normal,trial2,left,0.4869927159209157,17.0,0.5088235294117647,0.7708830548926014,Severe flat foot,subject9_normal_trial2_pressure.csv,1.9813530891270434,-0.18007396828782554,-0.9122341082558588,1.8259716186884234,2.8503561388656653,borderline,Normal
subject9,normal,trial3,right,0.10885504794134236,13.0,0.5695876288659794,0.4923251847640705,Normal,subject9_normal_trial3_pressure.csv,-1.7186832506634926,-0.8358827385913521,-0.7306240044599713,0.5738051698644916,2.1250025594437645,borderline,Normal
subject9,normal,trial3,left,0.45916666666666667,18.0,1.4254545454545455,0.8341543513957307,Severe flat foot,subject9_normal_trial3_pressure.csv,1.7090781952143734,-0.016121775711943915,1.8273679834610246,2.1103871859752252,3.2732577061264467,outside_normal_range,Normal
subject9,normal,trial4,right,0.20385395537525355,20.0,0.6420664206642066,0.5967002749770852,Normal,subject9_normal_trial4_pressure.csv,-0.7891291768152974,0.31178260943981934,-0.5140013437161104,1.0429894941034854,1.43942965073063,within_normal_range,Normal
subject9,normal,trial4,left,0.48007590132827327,16.0,0.45823389021479716,0.7314629258517034,Severe flat foot,subject9_normal_trial4_pressure.csv,1.913672803570956,-0.3440261608637072,-1.0634350592792596,1.6487712295177754,2.762216191950873,borderline,Normal
subject9,normal,trial5,right,0.11692506459948321,12.0,0.7809187279151943,0.5834482758620689,Normal,subject9_normal_trial5_pressure.csv,-1.6397190071450474,-0.9998349311672337,-0.0990033077269295,0.9834194354151014,2.1599221636132993,borderline,Normal
subject9,normal,trial5,left,0.4874874874874875,18.0,0.9740740740740741,0.7509803921568627,Severe flat foot,subject9_normal_trial5_pressure.csv,1.9861943755981644,-0.016121775711943915,0.47829418832296233,1.7365056613688503,2.6813140904898622,borderline,Normal
subject9,normal,trial6,right,0.08995080815179199,11.0,0.6719817767653758,0.5764411027568923,Normal,subject9_normal_trial6_pressure.csv,-1.903659200219592,-1.1637871237431152,-0.42459113315719377,0.9519209641661827,2.4626713082231975,borderline,Normal
subject9,normal,trial6,left,0.3617021276595745,15.0,0.4849137931034483,0.8543478260869566,Severe flat foot,subject9_normal_trial6_pressure.csv,0.7553981820752069,-0.5079783534395889,-0.9836948841364838,2.2011603940050724,2.5770974227332926,borderline,Normal
subject9,normal,trial7,right,0.20446320868516285,14.0,0.6662857142857143,0.574385510996119,Normal,subject9_normal_trial7_pressure.csv,-0.7831676988201354,-0.6719305460154704,-0.4416153712756022,0.9426807189197224,1.4657808080043098,within_normal_range,Normal
subject9,normal,trial7,left,0.49107142857142855,17.0,1.329059829059829,0.8153846153846154,Severe flat foot,subject9_normal_trial7_pressure.csv,2.02126285296278,-0.18007396828782554,1.5392660514475263,2.0260139328499185,3.2545356946979416,outside_normal_range,Normal
subject9,normal,trial8,right,0.14800759013282733,15.0,0.5568982880161127,0.6106770833333333,Normal,subject9_normal_trial8_pressure.csv,-1.3355798437013964,-0.5079783534395889,-0.7685495646105353,1.1058176973678928,1.9634960502989849,within_normal_range,Normal
subject9,normal,trial8,left,0.3489399293286219,16.0,1.38801261829653,0.7824390243902439,Severe flat foot,subject9_normal_trial8_pressure.csv,0.6305214464343408,-0.3440261608637072,1.7154625600521105,1.8779177269850729,2.6429714485853983,borderline,Normal
subject9,normal,trial9,right,0.2302771855010661,17.0,0.6840458811261731,0.49680046538685285,Mild flat foot,subject9_normal_trial9_pressure.csv,-0.5305807169315394,-0.18007396828782554,-0.38853426298470495,0.5939223406424498,0.9042373313803103,within_normal_range,Normal
subject9,normal,trial9,left,0.10666666666666667,9.0,0.5009823182711198,0.6273164035689773,Normal,subject9_normal_trial9_pressure.csv,-1.7400963256551503,-1.4916915088948786,-0.9356697089136286,1.1806143581863322,2.7427006484853345,borderline,Normal
subject9,steppage,trial10,right,0.19489426557439513,41.0,0.984058595433003,0.5284292821606255,Normal,subject9_steppage_trial10_pressure.csv,-0.8767987761798801,3.7547786535333336,0.5081356568320717,0.7360994155958284,3.9581792564668934,outside_normal_range,Normal
subject9,steppage,trial10,left,0.145,16.0,0.7334669338677354,0.5225959904858988,Normal,subject9_steppage_trial10_pressure.csv,-1.3650087891066918,-0.3440261608637072,-0.2408259516838845,0.7098777471219618,1.5948437379757738,within_normal_range,Normal
subject9,steppage,trial11,right,0.159375,32.0,0.8255965292841648,0.5710123816460306,Normal,subject9_steppage_trial11_pressure.csv,-1.2243509629010196,2.2792089203503987,0.03452850162876698,0.9275179112856209,2.7486924666360646,borderline,Normal
subject9,steppage,trial11,left,0.5261729352462194,35.0,0.5301932367149759,0.7917194761301225,Severe flat foot,subject9_steppage_trial11_pressure.csv,2.364727313861561,2.771065498078044,-0.8483649026511877,1.9196349841325506,4.204219397690536,outside_normal_range,Normal
subject9,steppage,trial12,right,0.16919333707654877,42.0,0.8478915662650602,0.6063317274604267,Normal,subject9_steppage_trial12_pressure.csv,-1.1282795924563656,3.918730846109215,0.10116330765077447,1.0862845611124248,4.221340361251081,outside_normal_range,Normal
subject9,steppage,trial12,left,0.1393548387096774,16.0,1.4080459770114941,0.3961995249406176,Normal,subject9_steppage_trial12_pressure.csv,-1.4202460841103217,-0.3440261608637072,1.775337722990159,0.14170348109708447,2.30377013740873,borderline,Normal
subject9,steppage,trial13,right,0.2183049264534205,39.0,0.9254920337394564,0.5154639175257731,Mild flat foot,subject9_steppage_trial13_pressure.csv,-0.6477279817950538,3.4268742683815705,0.33309349470560745,0.677817829133958,3.56838998364852,outside_normal_range,Normal
subject9,steppage,trial13,left,0.356526155408837,24.0,0.8816738816738817,0.7258225324027916,Severe flat foot,subject9_steppage_trial13_pressure.csv,0.7047518512724508,0.9675913797433459,0.20213098203364452,1.6234166723780517,2.0271277404442203,borderline,Normal
subject9,steppage,trial14,right,0.07275724040499176,24.0,0.8297609233305854,0.49645042839657283,Normal,subject9_steppage_trial14_pressure.csv,-2.071896408148975,0.9675913797433459,0.04697493038868426,0.5923488630204615,2.3626408156681182,borderline,Normal
subject9,steppage,trial14,left,0.6011355571327183,23.0,0.3940774487471526,0.8594928032899246,Severe flat foot,subject9_steppage_trial14_pressure.csv,3.098228492382094,0.8036391871674642,-1.2551841035137257,2.224287968288104,4.094850404318109,outside_normal_range,Normal
subject9,steppage,trial15,left,0.20526106018333998,39.0,0.8549523414836303,0.5245187068652379,Normal,subject9_steppage_trial15_pressure.csv,-0.7753608078727592,3.4268742683815705,0.12226636244532714,0.7185206942399227,3.588296627247733,outside_normal_range,Normal
subject9,steppage,trial15,right,0.11154381084840055,27.0,0.71875,0.5334098078577574,Normal,subject9_steppage_trial15_pressure.csv,-1.6923739953111974,1.4594479574709907,-0.2848115272339761,0.7584877515368535,2.377086316448903,borderline,Normal
subject9,steppage,trial16,right,0.1415075376884422,37.0,0.8543767648245261,0.49377321389556483,Normal,subject9_steppage_trial16_pressure.csv,-1.3991821565396625,3.098969883229807,0.12054609442948706,0.5803143146053681,3.451466515694806,outside_normal_range,Normal
subject9,steppage,trial16,left,0.17215661901802362,24.0,1.288202692003167,0.4319946000674991,Normal,subject9_steppage_trial16_pressure.csv,-1.0992841979295915,0.9675913797433459,1.4171533406806343,0.302608617564174,2.0602316356171504,borderline,Normal
subject9,steppage,trial17,left,0.1954954954954955,37.0,0.9400299850074962,0.5953684210526315,Normal,subject9_steppage_trial17_pressure.csv,-0.8709158061797558,3.098969883229807,0.37654413188254227,1.0370025772801845,3.4028324241960575,outside_normal_range,Normal
subject9,steppage,trial17,right,0.2397940419271791,30.0,0.8606442577030813,0.5651254155333938,Mild flat foot,subject9_steppage_trial17_pressure.csv,-0.43745930216920653,1.9513045351986356,0.13927820833289567,0.901054966805876,2.197784908188946,borderline,Normal
subject9,steppage,trial18,right,0.514792899408284,35.0,1.0,0.7521676300578035,Severe flat foot,subject9_steppage_trial18_pressure.csv,2.2533748892976204,2.771065498078044,0.5557808974275653,1.7418425038197358,4.012407020781164,outside_normal_range,Normal
subject9,steppage,trial18,left,0.49506726457399103,21.0,1.5066666666666666,0.7717842323651453,Severe flat foot,subject9_steppage_trial18_pressure.csv,2.0603616777276357,0.47573480201570095,2.0700925839289495,1.8300225693761016,3.4793217378335535,outside_normal_range,Normal
subject9,steppage,trial19,left,0.08990011098779134,24.0,0.49827784156142363,0.7459459459459459,Normal,subject9_steppage_trial19_pressure.csv,-1.9041552665071138,0.9675913797433459,-0.9437527760597413,1.7138749432677602,2.8965629598891764,borderline,Normal
subject9,steppage,trial19,right,0.41053478086047446,35.0,0.653288740245262,0.8057040998217468,Severe flat foot,subject9_steppage_trial19_pressure.csv,1.233220432307836,2.771065498078044,-0.4804603772202312,1.9824983186992615,3.6552398535559947,outside_normal_range,Normal
subject9,steppage,trial1,left,0.1921875,22.0,0.9191270860077022,0.518041237113402,Normal,subject9_steppage_trial1_pressure.csv,-0.9032841856924202,0.6396869945915826,0.314070110361859,0.6894033324049175,1.3412825057106148,within_normal_range,Normal
subject9,steppage,trial1,right,0.386002886002886,39.0,0.9826989619377162,0.750801282051282,Severe flat foot,subject9_steppage_trial1_pressure.csv,0.9931784842470015,3.4268742683815705,0.5040720208624568,1.7357005300517925,3.9995769382655126,outside_normal_range,Normal
subject9,steppage,trial20,left,0.5008781173164735,41.0,0.44321329639889195,0.7540983606557377,Severe flat foot,subject9_steppage_trial20_pressure.csv,2.117220245738686,3.7547786535333336,-1.108328205503501,1.7505214762549264,4.782645832166512,outside_normal_range,Normal
subject9,steppage,trial20,right,0.5487972508591066,42.0,1.4303350970017636,0.7677310924369748,Severe flat foot,subject9_steppage_trial20_pressure.csv,2.5861038045398046,3.918730846109215,1.8419548444699552,1.8118029950086572,5.359086869410849,outside_normal_range,Normal
subject9,steppage,trial2,right,0.14282570422535212,36.0,0.7153092006033183,0.7091188918814929,Normal,subject9_steppage_trial2_pressure.csv,-1.3862840389981803,2.9350176906539254,-0.29509529579444077,1.548330880602234,3.608396046813474,outside_normal_range,Normal
subject9,steppage,trial2,left,0.5474376731301939,35.0,1.5645472061657033,0.6916208791208791,Severe flat foot,subject9_steppage_trial2_pressure.csv,2.5728004829463083,2.771065498078044,2.2430843813981527,1.469674246381762,4.6356743039429995,outside_normal_range,Normal
subject9,steppage,trial3,right,0.1667360532889259,36.0,0.7506641366223908,0.6427779830070188,Normal,subject9_steppage_trial3_pressure.csv,-1.1523238495650592,2.9350176906539254,-0.18942741528945983,1.2501168676979404,3.3971832490011624,outside_normal_range,Normal
subject9,steppage,trial3,left,0.137462876537972,16.0,0.9842192691029901,0.452814219212865,Normal,subject9_steppage_trial3_pressure.csv,-1.4387587301162656,-0.3440261608637072,0.5086158739692581,0.3961964546591756,1.6137045642813317,within_normal_range,Normal
subject9,steppage,trial4,left,0.0959023539668701,11.0,1.0651162790697675,0.6232513265798361,Normal,subject9_steppage_trial4_pressure.csv,-1.8454239656517764,-1.1637871237431152,0.7503986784344753,1.1623411246376256,2.583432822624244,borderline,Normal
subject9,steppage,trial4,right,0.48272807794508416,39.0,1.1880819366852886,0.7450199203187251,Severe flat foot,subject9_steppage_trial4_pressure.csv,1.9396240660150696,3.4268742683815705,1.1179151238927219,1.7097122957696946,4.43604092939805,outside_normal_range,Normal
subject9,steppage,trial5,right,0.38161395211350874,44.0,1.1721311475409837,0.7610671357373204,Severe flat foot,subject9_steppage_trial5_pressure.csv,0.9502332390128997,4.246635231260979,1.0702418349253395,1.7818473416578025,4.822577270517215,outside_normal_range,Normal
subject9,steppage,trial5,left,0.5219638242894057,28.0,0.6794425087108014,0.7196841511562324,Severe flat foot,subject9_steppage_trial5_pressure.csv,2.3235416166480722,1.6234001500468724,-0.4022926984700647,1.5958235728060135,3.277615899130559,outside_normal_range,Normal
subject9,steppage,trial6,right,0.15556403893872878,37.0,0.7818246110325319,0.6771438332763922,Normal,subject9_steppage_trial6_pressure.csv,-1.261640806284176,3.098969883229807,-0.09629582866537321,1.40459738793153,3.6300852014862097,outside_normal_range,Normal
subject9,steppage,trial6,left,0.5049374588545096,24.0,0.8213457076566125,0.7263610315186246,Severe flat foot,subject9_steppage_trial6_pressure.csv,2.156940465325924,0.9675913797433459,0.02182376044224996,1.625837320285994,2.8692243756229012,borderline,Normal
subject9,steppage,trial7,right,0.14220963172804532,36.0,1.2200836820083683,0.6955525863714449,Normal,subject9_steppage_trial7_pressure.csv,-1.3923122420073124,2.9350176906539254,1.213561078362157,1.4873479595799735,3.7733005005534825,outside_normal_range,Normal
subject9,steppage,trial7,left,0.11447811447811448,16.0,0.7691197691197691,0.7232011747430249,Normal,subject9_steppage_trial7_pressure.csv,-1.6636621504428164,-0.3440261608637072,-0.1342677179752073,1.611633210254318,2.3455308939895776,borderline,Normal
subject9,steppage,trial8,left,0.11356965454955972,34.0,0.9429744525547445,0.612347753044939,Normal,subject9_steppage_trial8_pressure.csv,-1.6725513329642405,2.6071133055021622,0.3853444771798887,1.1133276505383916,3.3139789638247925,outside_normal_range,Normal
subject9,steppage,trial8,right,0.47562956945572704,34.0,0.46673596673596673,0.7032397408207343,Severe flat foot,subject9_steppage_trial8_pressure.csv,1.8701659252557319,2.6071133055021622,-1.0380242819722805,1.521903066150419,3.699762658392583,outside_normal_range,Normal
subject9,steppage,trial9,right,0.20462713387241688,31.0,1.0586349060925333,0.6422954303931987,Normal,subject9_steppage_trial9_pressure.csv,-0.7815637085245174,2.115256727774517,0.7310273254528964,1.247947709122241,2.678978777471038,borderline,Normal
subject9,steppage,trial9,left,0.3712923728813559,30.0,0.7027027027027027,0.7516378796902918,Severe flat foot,subject9_steppage_trial9_pressure.csv,0.849237698296084,1.9513045351986356,-0.33277325716961953,1.7394611830688835,2.7686201085350572,borderline,Normal
subject9,stiff-legged,trial10,left,0.3997955010224949,26.0,1.5052854122621564,0.7264472190692395,Severe flat foot,subject9_stiff-legged_trial10_pressure.csv,1.1281377361669938,1.295495764895109,2.0659643279681967,1.626224748432025,3.1406718334577777,outside_normal_range,Normal
subject9,stiff-legged,trial10,right,0.44965104685942175,16.0,0.6754385964912281,0.771397616468039,Severe flat foot,subject9_stiff-legged_trial10_pressure.csv,1.6159688806344286,-0.3440261608637072,-0.4142594834684046,1.828284663156776,2.498788736911407,borderline,Normal
subject9,stiff-legged,trial11,left,0.08162531463502337,9.0,0.6838888888888889,0.7421731123388582,Normal,subject9_stiff-legged_trial11_pressure.csv,-1.9851232572740678,-1.4916915088948786,-0.389003477154987,1.6969153949426286,3.0326067115785804,outside_normal_range,Normal
subject9,stiff-legged,trial11,right,0.10204081632653061,11.0,0.724290780141844,0.7102803738317758,Normal,subject9_stiff-legged_trial11_pressure.csv,-1.785359772834024,-1.1637871237431152,-0.2682513927843791,1.5535519455406892,2.6509229421219036,borderline,Normal
subject9,stiff-legged,trial12,left,0.1411654721096915,20.0,0.8386150234741784,0.6311662855276053,Normal,subject9_stiff-legged_trial12_pressure.csv,-1.4025292313728355,0.31178260943981934,0.0734378264167694,1.1979202523558354,1.8720851171240767,within_normal_range,Normal
subject9,stiff-legged,trial12,right,0.12887358583374323,11.0,0.7703056768558952,0.5329838357361294,Normal,subject9_stiff-legged_trial12_pressure.csv,-1.5228040142279462,-1.1637871237431152,-0.13072330887534897,0.7565729321903716,2.06466067922685,borderline,Normal
subject9,stiff-legged,trial13,right,0.13933967543368775,14.0,0.8294829482948295,0.641025641025641,Normal,subject9_stiff-legged_trial13_pressure.csv,-1.4203944551321557,-0.6719305460154704,0.04614412608894589,1.2422397833601884,2.003571817174044,borderline,Normal
subject9,stiff-legged,trial13,left,0.3777885548011639,26.0,0.743421052631579,0.743940990516333,Severe flat foot,subject9_stiff-legged_trial13_pressure.csv,0.9128021384683819,1.295495764895109,-0.21107534963208643,1.704862317204852,2.3372259935019164,borderline,Normal
subject9,stiff-legged,trial14,left,0.13190912173618174,17.0,0.7367192060712201,0.5558858501783591,Normal,subject9_stiff-legged_trial14_pressure.csv,-1.4931016224779445,-0.18007396828782554,-0.23110564812055465,0.8595215011243929,1.7475600477779143,within_normal_range,Normal
subject9,stiff-legged,trial14,right,0.06411149825783972,9.0,0.6939953810623557,0.6503340757238307,Normal,subject9_stiff-legged_trial14_pressure.csv,-2.1564940635474557,-1.4916915088948786,-0.35879746556061415,1.2840828288098238,2.941634670784504,borderline,Normal
subject9,stiff-legged,trial15,right,0.0990845449649973,10.0,0.8755186721991701,0.6325301204819277,Normal,subject9_stiff-legged_trial15_pressure.csv,-1.8142865695914054,-1.327739316318997,0.18373445774334224,1.2040509295136834,2.5569560888924143,borderline,Normal
subject9,stiff-legged,trial15,left,0.5291193181818182,25.0,0.6036036036036037,0.7549759780370624,Severe flat foot,subject9_stiff-legged_trial15_pressure.csv,2.3935573534365737,1.1315435723192275,-0.6289579753686811,1.754466520203218,3.2377845149949547,outside_normal_range,Normal
subject9,stiff-legged,trial16,right,0.15433925049309666,17.0,0.7063492063492064,0.6494661921708185,Normal,subject9_stiff-legged_trial16_pressure.csv,-1.2736252292632673,-0.18007396828782554,-0.32187468528783586,1.2801815401258365,1.843099548960646,within_normal_range,Normal
subject9,stiff-legged,trial16,left,0.540933899332929,24.0,0.7310195227765727,0.7673956262425448,Severe flat foot,subject9_stiff-legged_trial16_pressure.csv,2.5091617570710607,0.9675913797433459,-0.24814070803326777,1.8102950156678252,3.251287076841506,outside_normal_range,Normal
subject9,stiff-legged,trial17,left,0.08653535679690022,21.0,0.8115154807170016,0.7238412434082708,Normal,subject9_stiff-legged_trial17_pressure.csv,-1.9370790237389168,0.47573480201570095,-0.007556557062250375,1.614510431088878,2.5661838943668207,borderline,Normal
subject9,stiff-legged,trial17,right,0.4868421052631579,17.0,0.8211920529801324,0.846233230134159,Severe flat foot,subject9_stiff-legged_trial17_pressure.csv,1.9798793800680092,-0.18007396828782554,0.021364521483803776,2.164683862959056,2.9391600267775453,borderline,Normal
subject9,stiff-legged,trial18,left,0.17712382009994448,25.0,0.6409791477787852,0.6449037106622828,Normal,subject9_stiff-legged_trial18_pressure.csv,-1.0506806705202383,1.1315435723192275,-0.5172509556308664,1.2596723860827936,2.058796687102051,borderline,Normal
subject9,stiff-legged,trial18,right,0.07380073800738007,9.0,1.1940085592011411,0.575091575091575,Normal,subject9_stiff-legged_trial18_pressure.csv,-2.0616858965383473,-1.4916915088948786,1.1356284536372698,0.9458546007800387,2.942785280006265,borderline,Normal
subject9,stiff-legged,trial19,left,0.13195747342088807,21.0,0.5687113647170708,0.7368986831496909,Normal,subject9_stiff-legged_trial19_pressure.csv,-1.4926285064526106,0.47573480201570095,-0.7332429591464601,1.6732059112926942,2.4065591035431773,borderline,Normal
subject9,stiff-legged,trial19,right,0.07399463806970509,13.0,0.7181266261925412,0.4727272727272728,Normal,subject9_stiff-legged_trial19_pressure.csv,-2.059788605319719,-0.8358827385913521,-0.2866746500794243,0.4857091203500488,2.2933653777515066,borderline,Normal
subject9,stiff-legged,trial1,right,0.07686510926902788,8.0,0.6992665036674817,0.6086956521739131,Normal,subject9_stiff-legged_trial1_pressure.csv,-2.0317013539052677,-1.6556437014707601,-0.3430432762936591,1.0969108170225792,2.861792879925402,borderline,Normal
subject9,stiff-legged,trial1,left,0.41602373887240357,23.0,0.7487266553480475,0.7198151357596765,Severe flat foot,subject9_stiff-legged_trial1_pressure.csv,1.286929295062073,0.8036391871674642,-0.19521810713705665,1.5964123715560523,2.211032682492853,borderline,Normal
subject9,stiff-legged,trial20,left,0.09595793624712455,20.0,0.7616797900262468,0.6670870113493064,Normal,subject9_stiff-legged_trial20_pressure.csv,-1.8448800990280443,0.31178260943981934,-0.15650412709753664,1.359390210718827,2.3180220581641513,borderline,Normal
subject9,stiff-legged,trial20,right,0.11720021703743896,15.0,0.809119830328738,0.6658521686010996,Normal,subject9_stiff-legged_trial20_pressure.csv,-1.637026670185183,-0.5079783534395889,-0.014716612416959264,1.3538393761358207,2.1842609646096878,borderline,Normal
subject9,stiff-legged,trial2,right,0.16259640102827763,12.0,0.7181705809641533,0.34162743779421656,Normal,subject9_stiff-legged_trial2_pressure.csv,-1.1928299009202024,-0.9998349311672337,-0.2865432792419314,-0.10360761542834873,1.5859869643111681,within_normal_range,Normal
subject9,stiff-legged,trial2,left,0.3647342995169082,31.0,1.2165517241379311,0.7329884600079586,Severe flat foot,subject9_stiff-legged_trial2_pressure.csv,0.785067657006308,2.115256727774517,1.2030048578106436,1.6556287729291905,3.0461401103921264,outside_normal_range,Normal
subject9,stiff-legged,trial3,left,0.3635432667690732,26.0,0.8951255539143279,0.7546412443552434,Severe flat foot,subject9_stiff-legged_trial3_pressure.csv,0.7734135298932479,1.295495764895109,0.2423349777113299,1.7529618336349595,2.3255277243426464,borderline,Normal
subject9,stiff-legged,trial3,right,0.3610698365527489,15.0,0.9557522123893806,0.669983416252073,Severe flat foot,subject9_stiff-legged_trial3_pressure.csv,0.7492112817193621,-0.5079783534395889,0.42353430161060707,1.372410058407137,1.6977191243773604,within_normal_range,Normal
subject9,stiff-legged,trial4,left,0.12041210560206053,20.0,0.5271867612293144,0.7519422863485017,Normal,subject9_stiff-legged_trial4_pressure.csv,-1.6055986866363465,0.31178260943981934,-0.8573505756047083,1.7408295443506276,2.537852054405694,borderline,Normal
subject9,stiff-legged,trial4,right,0.13237063778580024,9.0,0.8978622327790974,0.5606157793457345,Normal,subject9_stiff-legged_trial4_pressure.csv,-1.4885857376571885,-1.4916915088948786,0.25051428979117546,0.880783361742326,2.297731010318041,borderline,Normal
subject9,stiff-legged,trial5,left,0.17032686414708886,27.0,0.6536170212765957,0.6299143421919613,Normal,subject9_stiff-legged_trial5_pressure.csv,-1.117188152199847,1.4594479574709907,-0.47947921971587837,1.1922925476350934,2.242667953413408,borderline,Normal
subject9,stiff-legged,trial5,right,0.07746478873239436,8.0,1.088348271446863,0.6426940639269406,Normal,subject9_stiff-legged_trial5_pressure.csv,-2.02583355496702,-1.6556437014707601,0.8198338315081863,1.2497396367245646,3.013160189823295,outside_normal_range,Normal
subject9,stiff-legged,trial6,right,0.07868303571428571,10.0,0.8221105527638191,0.6045130641330166,Normal,subject9_stiff-legged_trial6_pressure.csv,-2.0139131395058407,-1.327739316318997,0.02410970889792021,1.078109350700173,2.642279106321624,borderline,Normal
subject9,stiff-legged,trial6,left,0.44277270284793124,28.0,0.7215189873417721,0.8274058577405858,Severe flat foot,subject9_stiff-legged_trial6_pressure.csv,1.5486650255700072,1.6234001500468724,-0.27653565244827893,2.080051524192722,3.071950149167044,outside_normal_range,Normal
subject9,stiff-legged,trial7,left,0.18928663404584084,27.0,1.0619735258724428,0.6151212553495007,Normal,subject9_stiff-legged_trial7_pressure.csv,-0.931668846508147,1.4594479574709907,0.7410057023269127,1.1257950295067383,2.1941966820372203,borderline,Normal
subject9,stiff-legged,trial7,right,0.10137614678899083,17.0,0.9485018726591761,0.7191011235955056,Normal,subject9_stiff-legged_trial7_pressure.csv,-1.7918634926458834,-0.18007396828782554,0.4018646815095137,1.5932027617338118,2.4378251931943393,borderline,Normal
subject9,stiff-legged,trial8,left,0.5079726651480638,26.0,1.2255639097744362,0.7383647798742139,Severe flat foot,subject9_stiff-legged_trial8_pressure.csv,2.186639631888506,1.295495764895109,1.2299402355019848,1.679796273030926,3.2854483192407593,outside_normal_range,Normal
subject9,stiff-legged,trial8,right,0.39886039886039887,14.0,0.8592375366568915,0.7423764458464774,Severe flat foot,subject9_stiff-legged_trial8_pressure.csv,1.1189878622608616,-0.6719305460154704,0.13507383835942338,1.6978294146974644,2.14580850911186,borderline,Normal
subject9,stiff-legged,trial9,left,0.10847107438016529,17.0,0.6118290258449304,0.7054525014052839,Normal,subject9_stiff-legged_trial9_pressure.csv,-1.7224403905894488,-0.18007396828782554,-0.6043740549217415,1.5318498128065974,2.3897822872485714,borderline,Normal
subject9,stiff-legged,trial9,right,0.13671444321940462,14.0,0.7678018575851393,0.6014319809069213,Normal,subject9_stiff-legged_trial9_pressure.csv,-1.4460820695005847,-0.6719305460154704,-0.13820665647257216,1.064259341580091,1.922080392812319,within_normal_range,Normal
subject9,trendelenburg,trial10,left,0.13717421124828533,29.0,0.40676841406768416,0.5679324894514768,Normal,subject9_trendelenburg_trial10_pressure.csv,-1.4415832888744124,1.787352342622754,-1.2172536881889928,0.913673256061069,2.754867716550462,borderline,Normal
subject9,trendelenburg,trial10,right,0.36493827160493825,26.0,1.121112929623568,0.7626535626535627,Severe flat foot,subject9_trendelenburg_trial10_pressure.csv,0.7870635019112774,1.295495764895109,0.9177599593658325,1.7889786086979804,2.5180361471385084,borderline,Normal
subject9,trendelenburg,trial11,right,0.1047164514317799,28.0,0.502734375,0.671563981042654,Normal,subject9_trendelenburg_trial11_pressure.csv,-1.7591789716080102,1.6234001500468724,-0.9304332089531879,1.379514974165018,2.9152883599377373,borderline,Normal
subject9,trendelenburg,trial11,left,0.5013827433628318,48.0,0.7617224880382775,0.645996387718242,Severe flat foot,subject9_trendelenburg_trial11_pressure.csv,2.122157957232775,4.902444001564505,-0.1563765124292304,1.2645841609618895,5.491915722015169,outside_normal_range,Normal
subject9,trendelenburg,trial12,left,0.13241911292050568,23.0,0.5495841330774153,0.48944805194805197,Normal,subject9_trendelenburg_trial12_pressure.csv,-1.4881114136869142,0.8036391871674642,-0.7904099138879394,0.5608719535839162,1.9492656830165116,within_normal_range,Normal
subject9,trendelenburg,trial12,right,0.5244407622203812,24.0,0.4345679012345679,0.8385502471169687,Severe flat foot,subject9_trendelenburg_trial12_pressure.csv,2.3477781874318904,0.9675913797433459,-1.1341673297109192,2.1301475077070187,3.50316420281845,outside_normal_range,Normal
subject9,trendelenburg,trial13,left,0.057011618481491486,9.0,0.7066722618548049,0.46472148541114056,Normal,subject9_trendelenburg_trial13_pressure.csv,-2.225965622202256,-1.4916915088948786,-0.3209091456940534,0.4497217031966384,2.735927411144442,borderline,Normal
subject9,trendelenburg,trial13,right,0.41232227488151657,28.0,0.2737752161383285,0.7876758204956463,Severe flat foot,subject9_trendelenburg_trial13_pressure.csv,1.2507108687151696,1.6234001500468724,-1.6147401760500748,1.9014580433275658,3.2284104836559715,outside_normal_range,Normal
subject9,trendelenburg,trial14,left,0.12543914031824757,30.0,0.6319354838709678,0.7250264737027885,Normal,subject9_trendelenburg_trial14_pressure.csv,-1.556409693562307,1.9513045351986356,-0.5442804147316533,1.6198382489970202,3.024916138684785,outside_normal_range,Normal
subject9,trendelenburg,trial14,right,0.5598491988689915,23.0,1.0478260869565217,0.6853582554517135,Severe flat foot,subject9_trendelenburg_trial14_pressure.csv,2.69424592505518,0.8036391871674642,0.698722217949721,1.4415226553442462,3.235892048810487,outside_normal_range,Normal
subject9,trendelenburg,trial15,left,0.1056726907630522,19.0,0.6214711729622266,0.3574127583907535,Normal,subject9_trendelenburg_trial15_pressure.csv,-1.7498222727788535,0.14783041686393772,-0.5755558653243321,-0.03264983266747166,1.84825928488012,within_normal_range,Normal
subject9,trendelenburg,trial15,right,0.44136657433056325,22.0,0.576530612244898,0.8138686131386861,Severe flat foot,subject9_trendelenburg_trial15_pressure.csv,1.5349062095269612,0.6396869945915826,-0.7098730027431002,2.019199237046068,2.710391440734154,borderline,Normal
subject9,trendelenburg,trial16,left,0.1855333060890887,36.0,0.5059936908517351,0.4135867652235129,Normal,subject9_trendelenburg_trial16_pressure.csv,-0.9683947561731023,2.9350176906539254,-0.9206918535236847,0.2198621736152158,3.2323567428065156,outside_normal_range,Normal
subject9,trendelenburg,trial16,right,0.09996528982992017,23.0,0.5482412060301508,0.47583892617449663,Normal,subject9_trendelenburg_trial16_pressure.csv,-1.805668575981537,0.8036391871674642,-0.7944236180756855,0.4996965479721197,2.1879397785245573,borderline,Normal
subject9,trendelenburg,trial17,left,0.19486967314853124,31.0,0.526829268292683,0.40090771558245086,Normal,subject9_trendelenburg_trial17_pressure.csv,-0.8770394104173158,2.115256727774517,-0.8584190408648057,0.1628676232326133,2.4509015207137974,borderline,Normal
subject9,trendelenburg,trial17,right,0.06818181818181818,8.0,1.0186125211505923,0.6711198428290766,Normal,subject9_trendelenburg_trial17_pressure.csv,-2.1166664216366073,-1.6556437014707601,0.6114094993228208,1.377518495051268,3.0810406661993626,outside_normal_range,Normal
subject9,trendelenburg,trial18,left,0.1620201096892139,29.0,0.6076502732240437,0.383804301982286,Normal,subject9_trendelenburg_trial18_pressure.csv,-1.1984688495820361,1.787352342622754,-0.6168633982022814,0.0859847813994116,2.240283422866738,borderline,Normal
subject9,trendelenburg,trial18,right,0.45038167938931295,19.0,0.16363636363636364,0.7877300613496933,Severe flat foot,subject9_trendelenburg_trial18_pressure.csv,1.6231180412194475,0.14783041686393772,-1.943920211868978,1.9017018654732543,3.170435582556348,outside_normal_range,Normal
subject9,trendelenburg,trial19,left,0.17310358486829075,35.0,0.48880822746521474,0.4537612146307799,Normal,subject9_trendelenburg_trial19_pressure.csv,-1.090018239112925,2.771065498078044,-0.9720553036108216,0.4004533650417681,3.1578787448362484,outside_normal_range,Normal
subject9,trendelenburg,trial19,right,0.5164728682170543,19.0,0.9649805447470817,0.7695652173913043,Severe flat foot,subject9_trendelenburg_trial19_pressure.csv,2.2698132030878786,0.14783041686393772,0.45111569280044733,1.8200477081438577,2.947878022794152,borderline,Normal
subject9,trendelenburg,trial1,left,0.12803959543791693,26.0,0.5515071215634316,0.38890030832476874,Normal,subject9_trendelenburg_trial1_pressure.csv,-1.5309645203951348,1.295495764895109,-0.7846625376957377,0.10889222308148126,2.156319654847261,borderline,Normal
subject9,trendelenburg,trial1,right,0.3717948717948718,29.0,1.0284005979073243,0.736567553468962,Severe flat foot,subject9_trendelenburg_trial1_pressure.csv,0.8541545960244915,1.787352342622754,0.6406638394960283,1.6717174253410059,2.670074488851456,borderline,Normal
subject9,trendelenburg,trial20,left,0.49875587503455904,46.0,1.8605015673981191,0.7241664370349958,Severe flat foot,subject9_trendelenburg_trial20_pressure.csv,2.0964543336652355,4.574539616412742,3.127624804855981,1.6159722334374116,6.1412487862375755,outside_normal_range,Normal
subject9,trendelenburg,trial20,right,0.4384133611691023,22.0,0.5538461538461539,0.7693498452012384,Severe flat foot,subject9_trendelenburg_trial20_pressure.csv,1.5060093369277905,0.6396869945915826,-0.7776717010098884,1.8190795724014144,2.5673113054795325,borderline,Normal
subject9,trendelenburg,trial2,left,0.10961174242424243,29.0,0.6483820047355959,0.41681034482758617,Normal,subject9_trendelenburg_trial2_pressure.csv,-1.7112790766762547,1.787352342622754,-0.49512549615087315,0.23435272892952516,2.5343983375634433,borderline,Normal
subject9,trendelenburg,trial2,right,0.38317107093184977,29.0,0.7030651340996169,0.7683706070287539,Severe flat foot,subject9_trendelenburg_trial2_pressure.csv,0.9654694788829375,1.787352342622754,-0.33169003197244423,1.814677725185872,2.7440541603490973,borderline,Normal
subject9,trendelenburg,trial3,left,0.10449678800856531,25.0,0.6177618737800911,0.7401574803149606,Normal,subject9_trendelenburg_trial3_pressure.csv,-1.7613283545371412,1.1315435723192275,-0.5866421188116439,1.6878547757171332,2.752393712394435,borderline,Normal
subject9,trendelenburg,trial3,right,0.5668854114083796,31.0,0.5074626865671642,0.7716535433070866,Severe flat foot,subject9_trendelenburg_trial3_pressure.csv,2.763094506655974,2.115256727774517,-0.916301358696129,1.82943509915437,4.036761479091143,outside_normal_range,Normal
subject9,trendelenburg,trial4,left,0.18176139912554654,30.0,0.5486342438374417,0.4219485693589279,Normal,subject9_trendelenburg_trial4_pressure.csv,-1.0053024594177546,1.9513045351986356,-0.7932489172635456,0.2574499487700612,2.3481368667221347,borderline,Normal
subject9,trendelenburg,trial4,right,0.5225496091401083,24.0,0.355877616747182,0.8065458796025716,Severe flat foot,subject9_trendelenburg_trial4_pressure.csv,2.3292734582984402,0.9675913797433459,-1.3693547325004594,1.9862822663520807,3.4903004951914056,outside_normal_range,Normal
subject9,trendelenburg,trial5,left,0.3988919667590028,44.0,0.749271137026239,0.6626016260162602,Severe flat foot,subject9_trendelenburg_trial5_pressure.csv,1.1192967507475056,4.246635231260979,-0.19359077496263952,1.3392276174971889,4.595404661532947,outside_normal_range,Normal
subject9,trendelenburg,trial5,right,0.43248800548320765,23.0,0.4222972972972973,0.8051595383570944,Severe flat foot,subject9_trendelenburg_trial5_pressure.csv,1.4480303699522525,0.8036391871674642,-1.1708413802556008,1.9800504194708335,2.834448287907314,borderline,Normal
subject9,trendelenburg,trial6,left,0.1031412317585951,19.0,0.5179396092362345,0.42345415778251594,Normal,subject9_trendelenburg_trial6_pressure.csv,-1.7745923263924681,0.14783041686393772,-0.8849882144138703,0.26421783261726606,2.0060027317443048,borderline,Normal
subject9,trendelenburg,trial6,right,0.38303233935321296,34.0,0.8136419001218027,0.743856726364015,Severe flat foot,subject9_trendelenburg_trial6_pressure.csv,0.9641120053332238,2.6071133055021622,-0.0012011720193025174,1.7044835350712777,3.2606467626373394,outside_normal_range,Normal
subject9,trendelenburg,trial7,left,0.21723678365171034,31.0,0.5187165775401069,0.33245275350538506,Mild flat foot,subject9_trendelenburg_trial7_pressure.csv,-0.6581796440257173,2.115256727774517,-0.8826660324745378,-0.14484942934560052,2.3890567490688173,borderline,Normal
subject9,trendelenburg,trial7,right,0.1450685537372844,18.0,0.8874230430958663,0.5424413904607923,Normal,subject9_trendelenburg_trial7_pressure.csv,-1.3643379981734953,-0.016121775711943915,0.21931392084067242,0.7990862982951414,1.5963444468252168,within_normal_range,Normal
subject9,trendelenburg,trial8,left,0.10501138952164009,29.0,0.6128676470588236,0.34180543382997375,Normal,subject9_trendelenburg_trial8_pressure.csv,-1.7562930341760112,1.787352342622754,-0.6012698518124386,-0.10280749205040943,2.5790091961244483,borderline,Normal
subject9,trendelenburg,trial8,right,0.5850244926522044,24.0,0.47342995169082125,0.8049792531120332,Severe flat foot,subject9_trendelenburg_trial8_pressure.csv,2.940583462282024,0.9675913797433459,-1.018017480038595,1.979240005695845,3.8127437320925712,outside_normal_range,Normal
subject9,trendelenburg,trial9,left,0.11703703703703704,19.0,0.641696393182719,0.37182178679729416,Normal,subject9_trendelenburg_trial9_pressure.csv,-1.6386233689077412,0.14783041686393772,-0.5151072718862618,0.032121275477834416,1.7243281750203907,within_normal_range,Normal
subject9,trendelenburg,trial9,right,0.40821917808219177,28.0,0.43926788685524126,0.7953456536618755,Severe flat foot,subject9_trendelenburg_trial9_pressure.csv,1.2105625086105103,1.6234001500468724,-1.120120139279786,1.9359352876947697,3.017184813528594,outside_normal_range,Normal
